scenario_order,scenario_id,family,base_scenario,bridge,q_source,q_input_at_reference,h_parameter_b,mapped_Q_B_at_reference,support_status_at_reference,mapping_usable_at_reference,r_B1_fixed_scenario,rho_Q_fixed_scenario,quality_transport,transport_parameter,tau_p_fixed_scenario,quality_effect_enabled,p_fixed_at_p0,delta_p_vector_sum,mixture_transport_enabled_in_default_model,requires_fixed_p_quality_intervention,joint_Q_p_independent_optimizable,B6_quality_parameter_slot,B8_common_support_slot,numeric_prediction_status,loss_prediction_in_P_branch,eligibility,registry_seal_sha256,no_B_model_fitted_in_P,B1_E,B1_A,B1_B,B1_alpha,B1_beta,k_add_B6,eta_B6_sensitivity,eta_transport_value,quality_parameter_qualification,cross_source_qualification,B8_conflict_qualification
1,S00_NULL_M0_B1,null_reference,S00,H0,none,,,,NOT_APPLICABLE_NULL,False,,,off,off,,False,True,0.0,False,False,False,,,MODEL_DEFAULT_PENDING_CONTROLLER_B1_FILL,,default,4f39f532e356b2c706d8c8beec21f99d0e59a8cf81025b30560378238b992522,True,1.6897975629820348,0.3539803206065571,1.2403055835426349,0.339976581941082,0.2798781285468448,,,,NOT_APPLICABLE,IDENTIFIED_NULL_BASELINE,NOT_APPLICABLE
2,S01_QREF_QA_H2_B1_R06_ADD,quality_reference,S01,H2,Q_baseline,0.5695341857475174,1.0,0.6,ASSUMPTION_DEFINED_NO_SUPPORT_ESTIMATE,True,0.6,1.0,additive,off,0.0,True,True,0.0,False,True,False,PENDING_BRANCH_B_NOT_FILLED_BY_P,,B_SIDE_PARAMETER_SLOT_PENDING,,scenario_only,4f39f532e356b2c706d8c8beec21f99d0e59a8cf81025b30560378238b992522,True,1.6897975629820348,0.3539803206065571,1.2403055835426349,0.339976581941082,0.2798781285468448,0.3544081081063713,1.0000000000000025e-06,,B6_SOURCE_CONDITIONAL_ACCEPTED,SCENARIO_ONLY,NOT_APPLICABLE
3,S02_QC,quality_univariate,S01,H2,Q_C,0.5694585639959848,1.0,0.5999243782484674,ASSUMPTION_DEFINED_NO_SUPPORT_ESTIMATE,True,0.6,1.0,additive,off,0.0,True,True,0.0,False,True,False,PENDING_BRANCH_B_NOT_FILLED_BY_P,,B_SIDE_PARAMETER_SLOT_PENDING,,scenario_only,4f39f532e356b2c706d8c8beec21f99d0e59a8cf81025b30560378238b992522,True,1.6897975629820348,0.3539803206065571,1.2403055835426349,0.339976581941082,0.2798781285468448,0.3544081081063713,1.0000000000000025e-06,,B6_SOURCE_CONDITIONAL_ACCEPTED,SCENARIO_ONLY,NOT_APPLICABLE
4,S03_H1_IDENTITY,quality_univariate,S01,H1,Q_baseline,0.5695341857475174,,0.5695341857475174,ASSUMPTION_DEFINED_NO_SUPPORT_ESTIMATE,True,0.6,1.0,additive,off,0.0,True,True,0.0,False,True,False,PENDING_BRANCH_B_NOT_FILLED_BY_P,,B_SIDE_PARAMETER_SLOT_PENDING,,scenario_only,4f39f532e356b2c706d8c8beec21f99d0e59a8cf81025b30560378238b992522,True,1.6897975629820348,0.3539803206065571,1.2403055835426349,0.339976581941082,0.2798781285468448,0.3544081081063713,1.0000000000000025e-06,,B6_SOURCE_CONDITIONAL_ACCEPTED,SCENARIO_ONLY,NOT_APPLICABLE
5,S04_H2_B05,quality_univariate,S01,H2,Q_baseline,0.5695341857475174,0.5,0.6,ASSUMPTION_DEFINED_NO_SUPPORT_ESTIMATE,True,0.6,1.0,additive,off,0.0,True,True,0.0,False,True,False,PENDING_BRANCH_B_NOT_FILLED_BY_P,,B_SIDE_PARAMETER_SLOT_PENDING,,scenario_only,4f39f532e356b2c706d8c8beec21f99d0e59a8cf81025b30560378238b992522,True,1.6897975629820348,0.3539803206065571,1.2403055835426349,0.339976581941082,0.2798781285468448,0.3544081081063713,1.0000000000000025e-06,,B6_SOURCE_CONDITIONAL_ACCEPTED,SCENARIO_ONLY,NOT_APPLICABLE
6,S05_H2_B20,quality_univariate,S01,H2,Q_baseline,0.5695341857475174,2.0,0.6,ASSUMPTION_DEFINED_NO_SUPPORT_ESTIMATE,True,0.6,1.0,additive,off,0.0,True,True,0.0,False,True,False,PENDING_BRANCH_B_NOT_FILLED_BY_P,,B_SIDE_PARAMETER_SLOT_PENDING,,scenario_only,4f39f532e356b2c706d8c8beec21f99d0e59a8cf81025b30560378238b992522,True,1.6897975629820348,0.3539803206065571,1.2403055835426349,0.339976581941082,0.2798781285468448,0.3544081081063713,1.0000000000000025e-06,,B6_SOURCE_CONDITIONAL_ACCEPTED,SCENARIO_ONLY,NOT_APPLICABLE
7,S06_H3_EQQUANTILE,quality_univariate,S01,H3,Q_baseline,0.5695341857475174,,0.6,IN_SUPPORT,True,0.6,1.0,additive,off,0.0,True,True,0.0,False,True,False,PENDING_BRANCH_B_NOT_FILLED_BY_P,,B_SIDE_PARAMETER_SLOT_PENDING,,scenario_only,4f39f532e356b2c706d8c8beec21f99d0e59a8cf81025b30560378238b992522,True,1.6897975629820348,0.3539803206065571,1.2403055835426349,0.339976581941082,0.2798781285468448,0.3544081081063713,1.0000000000000025e-06,,B6_SOURCE_CONDITIONAL_ACCEPTED,SCENARIO_ONLY,NOT_APPLICABLE
8,S07_H4_DIRECTION_ONLY,quality_univariate,S01,H4,none,,,,DIRECTION_ONLY_NOT_NUMERIC,False,0.6,1.0,direction_only,off,0.0,False,True,0.0,False,False,False,,,NO_NUMERIC_PREDICTION,,direction_only_not_optimizable,4f39f532e356b2c706d8c8beec21f99d0e59a8cf81025b30560378238b992522,True,1.6897975629820348,0.3539803206065571,1.2403055835426349,0.339976581941082,0.2798781285468448,,,,NOT_APPLICABLE,SCENARIO_ONLY,NOT_APPLICABLE
9,S08_RB1_02,quality_univariate,S01,H2,Q_baseline,0.5695341857475174,1.0,0.6,ASSUMPTION_DEFINED_NO_SUPPORT_ESTIMATE,True,0.2,1.0,additive,off,0.0,True,True,0.0,False,True,False,PENDING_BRANCH_B_NOT_FILLED_BY_P,,B_SIDE_PARAMETER_SLOT_PENDING,,scenario_only,4f39f532e356b2c706d8c8beec21f99d0e59a8cf81025b30560378238b992522,True,1.6897975629820348,0.3539803206065571,1.2403055835426349,0.339976581941082,0.2798781285468448,0.3544081081063713,1.0000000000000025e-06,,B6_SOURCE_CONDITIONAL_ACCEPTED,SCENARIO_ONLY,NOT_APPLICABLE
10,S09_RB1_09,quality_univariate,S01,H2,Q_baseline,0.5695341857475174,1.0,0.6,ASSUMPTION_DEFINED_NO_SUPPORT_ESTIMATE,True,0.9,1.0,additive,off,0.0,True,True,0.0,False,True,False,PENDING_BRANCH_B_NOT_FILLED_BY_P,,B_SIDE_PARAMETER_SLOT_PENDING,,scenario_only,4f39f532e356b2c706d8c8beec21f99d0e59a8cf81025b30560378238b992522,True,1.6897975629820348,0.3539803206065571,1.2403055835426349,0.339976581941082,0.2798781285468448,0.3544081081063713,1.0000000000000025e-06,,B6_SOURCE_CONDITIONAL_ACCEPTED,SCENARIO_ONLY,NOT_APPLICABLE
11,S10_RHOQ_00,quality_univariate,S01,H2,Q_baseline,0.5695341857475174,1.0,0.6,ASSUMPTION_DEFINED_NO_SUPPORT_ESTIMATE,True,0.6,0.0,off,off,0.0,False,True,0.0,False,False,False,,,B_SIDE_PARAMETER_SLOT_PENDING,,scenario_only,4f39f532e356b2c706d8c8beec21f99d0e59a8cf81025b30560378238b992522,True,1.6897975629820348,0.3539803206065571,1.2403055835426349,0.339976581941082,0.2798781285468448,,,,NOT_APPLICABLE,IDENTIFIED_NULL_BASELINE,NOT_APPLICABLE
12,S11_RHOQ_05,quality_univariate,S01,H2,Q_baseline,0.5695341857475174,1.0,0.6,ASSUMPTION_DEFINED_NO_SUPPORT_ESTIMATE,True,0.6,0.5,additive,off,0.0,True,True,0.0,False,True,False,PENDING_BRANCH_B_NOT_FILLED_BY_P,,B_SIDE_PARAMETER_SLOT_PENDING,,scenario_only,4f39f532e356b2c706d8c8beec21f99d0e59a8cf81025b30560378238b992522,True,1.6897975629820348,0.3539803206065571,1.2403055835426349,0.339976581941082,0.2798781285468448,0.3544081081063713,1.0000000000000025e-06,,B6_SOURCE_CONDITIONAL_ACCEPTED,SCENARIO_ONLY,NOT_APPLICABLE
13,S12_EFF_KEEP_ETA,quality_univariate,S01,H2,Q_baseline,0.5695341857475174,1.0,0.6,ASSUMPTION_DEFINED_NO_SUPPORT_ESTIMATE,True,0.6,1.0,effective_data_keep_eta,eta,0.0,True,True,0.0,False,True,False,PENDING_BRANCH_B_NOT_FILLED_BY_P,,B_SIDE_PARAMETER_SLOT_PENDING,,scenario_only,4f39f532e356b2c706d8c8beec21f99d0e59a8cf81025b30560378238b992522,True,1.6897975629820348,0.3539803206065571,1.2403055835426349,0.339976581941082,0.2798781285468448,0.3544081081063713,1.0000000000000025e-06,1.0000000000000025e-06,B6_SOURCE_CONDITIONAL_ACCEPTED,SCENARIO_ONLY,NOT_APPLICABLE
14,S13_EFF_KEEP_K,quality_univariate,S01,H2,Q_baseline,0.5695341857475174,1.0,0.6,ASSUMPTION_DEFINED_NO_SUPPORT_ESTIMATE,True,0.6,1.0,effective_data_keep_k,k,0.0,True,True,0.0,False,True,False,PENDING_BRANCH_B_NOT_FILLED_BY_P,,B_SIDE_PARAMETER_SLOT_PENDING,,scenario_only,4f39f532e356b2c706d8c8beec21f99d0e59a8cf81025b30560378238b992522,True,1.6897975629820348,0.3539803206065571,1.2403055835426349,0.339976581941082,0.2798781285468448,0.3544081081063713,1.0000000000000025e-06,9.611060865016816e-07,B6_SOURCE_CONDITIONAL_ACCEPTED,SCENARIO_ONLY,NOT_APPLICABLE
15,S14_MIX_TAU05,mixture_transport_univariate,S00,H0,none,,,,NOT_APPLICABLE_NULL,False,,,off,off,0.5,False,True,0.0,False,False,False,,,MIXTURE_TRANSPORT_SLOT_PENDING,,scenario_only,4f39f532e356b2c706d8c8beec21f99d0e59a8cf81025b30560378238b992522,True,1.6897975629820348,0.3539803206065571,1.2403055835426349,0.339976581941082,0.2798781285468448,,,,NOT_APPLICABLE,SCENARIO_ONLY,NOT_APPLICABLE
16,S15_MIX_TAU10,mixture_transport_univariate,S00,H0,none,,,,NOT_APPLICABLE_NULL,False,,,off,off,1.0,False,True,0.0,False,False,False,,,MIXTURE_TRANSPORT_SLOT_PENDING,,scenario_only,4f39f532e356b2c706d8c8beec21f99d0e59a8cf81025b30560378238b992522,True,1.6897975629820348,0.3539803206065571,1.2403055835426349,0.339976581941082,0.2798781285468448,,,,NOT_APPLICABLE,SCENARIO_ONLY,NOT_APPLICABLE
17,S16_MIX_TAUM10_STRESS,mixture_transport_univariate,S00,H0,none,,,,NOT_APPLICABLE_NULL,False,,,off,off,-1.0,False,True,0.0,False,False,False,,,MIXTURE_TRANSPORT_SLOT_PENDING,,failure_stress,4f39f532e356b2c706d8c8beec21f99d0e59a8cf81025b30560378238b992522,True,1.6897975629820348,0.3539803206065571,1.2403055835426349,0.339976581941082,0.2798781285468448,,,,NOT_APPLICABLE,SCENARIO_ONLY,NOT_APPLICABLE
18,S17_B8_REVERSE_COMMON_SUPPORT,conflict_univariate,S00,H0,none,,,,NOT_APPLICABLE_NULL,False,,,off,off,0.0,False,True,0.0,False,False,False,,PENDING_BRANCH_B_NO_LEGACY_k_MINUS_20,NO_NUMERIC_PREDICTION,,NO_NUMERIC_PREDICTION,4f39f532e356b2c706d8c8beec21f99d0e59a8cf81025b30560378238b992522,True,1.6897975629820348,0.3539803206065571,1.2403055835426349,0.339976581941082,0.2798781285468448,,,,NOT_APPLICABLE,NO_NUMERIC_PREDICTION,CONFLICT_EVIDENCE_DIRECTION_ONLY
19,X01_Q_HIGH,extreme_combination,X01,H2,Q_baseline,0.5695341857475174,2.0,0.6,ASSUMPTION_DEFINED_NO_SUPPORT_ESTIMATE,True,0.2,1.0,additive,off,0.0,True,True,0.0,False,True,False,PENDING_BRANCH_B_NOT_FILLED_BY_P,,B_SIDE_PARAMETER_SLOT_PENDING,,scenario_only,4f39f532e356b2c706d8c8beec21f99d0e59a8cf81025b30560378238b992522,True,1.6897975629820348,0.3539803206065571,1.2403055835426349,0.339976581941082,0.2798781285468448,0.3544081081063713,1.0000000000000025e-06,,B6_SOURCE_CONDITIONAL_ACCEPTED,SCENARIO_ONLY,NOT_APPLICABLE
20,X02_Q_CONSERVATIVE,extreme_combination,X02,H2,Q_C,0.5694585639959848,0.5,0.5999621891242337,ASSUMPTION_DEFINED_NO_SUPPORT_ESTIMATE,True,0.9,0.5,additive,off,0.0,True,True,0.0,False,True,False,PENDING_BRANCH_B_NOT_FILLED_BY_P,,B_SIDE_PARAMETER_SLOT_PENDING,,scenario_only,4f39f532e356b2c706d8c8beec21f99d0e59a8cf81025b30560378238b992522,True,1.6897975629820348,0.3539803206065571,1.2403055835426349,0.339976581941082,0.2798781285468448,0.3544081081063713,1.0000000000000025e-06,,B6_SOURCE_CONDITIONAL_ACCEPTED,SCENARIO_ONLY,NOT_APPLICABLE
21,X03_H3_EFF,extreme_combination,X03,H3,Q_baseline,0.5695341857475174,,0.6,IN_SUPPORT,True,0.6,1.0,effective_data_keep_eta,eta,0.0,True,True,0.0,False,True,False,PENDING_BRANCH_B_NOT_FILLED_BY_P,,B_SIDE_PARAMETER_SLOT_PENDING,,scenario_only,4f39f532e356b2c706d8c8beec21f99d0e59a8cf81025b30560378238b992522,True,1.6897975629820348,0.3539803206065571,1.2403055835426349,0.339976581941082,0.2798781285468448,0.3544081081063713,1.0000000000000025e-06,1.0000000000000025e-06,B6_SOURCE_CONDITIONAL_ACCEPTED,SCENARIO_ONLY,NOT_APPLICABLE
