cohort,split_family,split_id,selection_source,effective_candidate_id,model_id,model_key,model_family,params_B,scale_bin,x_ref_params_B,x_ref_D_tokens_B,target,target_role,observed,predicted,reference_conditional_prediction,scale_associated_component,conditional_remainder,identity_error,conditional_interval_low,conditional_interval_high,naming_guard,eligibility
main_comparable,internal_grouped,fold_0,internal_only,CONSTANT,EleutherAI/pythia-1.4b,EleutherAI_pythia-1.4b,Pythia,1.416184,<=3B,1.416184,299.893,BBH_pct,PRIMARY_TASK_VECTOR,31.192501301857316,30.417172944511943,30.417172944511943,0.0,0.7753283573453729,0.0,28.95909275010125,31.87525313892264,NON_SCALE_ASSOCIATED_RESIDUAL_OR_CONDITIONAL_REMAINDER,CONDITIONAL_ASSOCIATION_ONLY
main_comparable,internal_grouped,fold_1,internal_only,CONSTANT,EleutherAI/pythia-12b,EleutherAI_pythia-12b,Pythia,11.965825,>3B to <20B,1.416184,299.893,BBH_pct,PRIMARY_TASK_VECTOR,31.609095643117502,31.157785106752296,31.157785106752296,0.0,0.4513105363652059,0.0,29.514551871781507,32.801018341723086,NON_SCALE_ASSOCIATED_RESIDUAL_OR_CONDITIONAL_REMAINDER,CONDITIONAL_ASSOCIATION_ONLY
main_comparable,internal_grouped,fold_0,internal_only,CONSTANT,EleutherAI/pythia-160m,EleutherAI_pythia-160m,Pythia,0.162405,<=3B,1.416184,299.893,BBH_pct,PRIMARY_TASK_VECTOR,29.35254296129144,30.417172944511943,30.417172944511943,0.0,-1.0646299832205024,0.0,28.95909275010125,31.87525313892264,NON_SCALE_ASSOCIATED_RESIDUAL_OR_CONDITIONAL_REMAINDER,CONDITIONAL_ASSOCIATION_ONLY
main_comparable,internal_grouped,fold_1,internal_only,CONSTANT,EleutherAI/pythia-1b,EleutherAI_pythia-1b,Pythia,1.040867,<=3B,1.416184,299.893,BBH_pct,PRIMARY_TASK_VECTOR,29.6997049123416,31.157785106752296,31.157785106752296,0.0,-1.458080194410698,0.0,29.514551871781507,32.801018341723086,NON_SCALE_ASSOCIATED_RESIDUAL_OR_CONDITIONAL_REMAINDER,CONDITIONAL_ASSOCIATION_ONLY
main_comparable,internal_grouped,fold_0,internal_only,CONSTANT,EleutherAI/pythia-2.8b,EleutherAI_pythia-2.8b,Pythia,2.782831,<=3B,1.416184,299.893,BBH_pct,PRIMARY_TASK_VECTOR,32.06040617948273,30.417172944511943,30.417172944511943,0.0,1.6432332349707899,0.0,28.95909275010125,31.87525313892264,NON_SCALE_ASSOCIATED_RESIDUAL_OR_CONDITIONAL_REMAINDER,CONDITIONAL_ASSOCIATION_ONLY
main_comparable,internal_grouped,fold_1,internal_only,CONSTANT,EleutherAI/pythia-410m,EleutherAI_pythia-410m,Pythia,0.409009,<=3B,1.416184,299.893,BBH_pct,PRIMARY_TASK_VECTOR,29.94271827807672,31.157785106752296,31.157785106752296,0.0,-1.2150668286755781,0.0,29.514551871781507,32.801018341723086,NON_SCALE_ASSOCIATED_RESIDUAL_OR_CONDITIONAL_REMAINDER,CONDITIONAL_ASSOCIATION_ONLY
main_comparable,internal_grouped,fold_0,internal_only,CONSTANT,EleutherAI/pythia-6.9b,EleutherAI_pythia-6.9b,Pythia,6.86104,>3B to <20B,1.416184,299.893,BBH_pct,PRIMARY_TASK_VECTOR,32.025689984377706,30.417172944511943,30.417172944511943,0.0,1.608517039865763,0.0,28.95909275010125,31.87525313892264,NON_SCALE_ASSOCIATED_RESIDUAL_OR_CONDITIONAL_REMAINDER,CONDITIONAL_ASSOCIATION_ONLY
main_comparable,internal_grouped,fold_0,internal_only,CONSTANT,EleutherAI/pythia-1.4b,EleutherAI_pythia-1.4b,Pythia,1.416184,<=3B,1.416184,299.893,GPQA_pct,PRIMARY_TASK_VECTOR,26.174496644295296,25.41946308724832,25.41946308724832,0.0,0.7550335570469748,0.0,24.53859060402684,26.300335570469795,NON_SCALE_ASSOCIATED_RESIDUAL_OR_CONDITIONAL_REMAINDER,CONDITIONAL_ASSOCIATION_ONLY
main_comparable,internal_grouped,fold_1,internal_only,CONSTANT,EleutherAI/pythia-12b,EleutherAI_pythia-12b,Pythia,11.965825,>3B to <20B,1.416184,299.893,GPQA_pct,PRIMARY_TASK_VECTOR,24.66442953020134,25.545302013422816,25.545302013422816,0.0,-0.8808724832214772,0.0,24.79026845637584,26.300335570469795,NON_SCALE_ASSOCIATED_RESIDUAL_OR_CONDITIONAL_REMAINDER,CONDITIONAL_ASSOCIATION_ONLY
main_comparable,internal_grouped,fold_0,internal_only,CONSTANT,EleutherAI/pythia-160m,EleutherAI_pythia-160m,Pythia,0.162405,<=3B,1.416184,299.893,GPQA_pct,PRIMARY_TASK_VECTOR,25.83892617449664,25.41946308724832,25.41946308724832,0.0,0.4194630872483174,0.0,24.53859060402684,26.300335570469795,NON_SCALE_ASSOCIATED_RESIDUAL_OR_CONDITIONAL_REMAINDER,CONDITIONAL_ASSOCIATION_ONLY
main_comparable,internal_grouped,fold_1,internal_only,CONSTANT,EleutherAI/pythia-1b,EleutherAI_pythia-1b,Pythia,1.040867,<=3B,1.416184,299.893,GPQA_pct,PRIMARY_TASK_VECTOR,25.671140939597308,25.545302013422816,25.545302013422816,0.0,0.12583892617449166,0.0,24.79026845637584,26.300335570469795,NON_SCALE_ASSOCIATED_RESIDUAL_OR_CONDITIONAL_REMAINDER,CONDITIONAL_ASSOCIATION_ONLY
main_comparable,internal_grouped,fold_0,internal_only,CONSTANT,EleutherAI/pythia-2.8b,EleutherAI_pythia-2.8b,Pythia,2.782831,<=3B,1.416184,299.893,GPQA_pct,PRIMARY_TASK_VECTOR,25.0,25.41946308724832,25.41946308724832,0.0,-0.41946308724832093,0.0,24.53859060402684,26.300335570469795,NON_SCALE_ASSOCIATED_RESIDUAL_OR_CONDITIONAL_REMAINDER,CONDITIONAL_ASSOCIATION_ONLY
main_comparable,internal_grouped,fold_1,internal_only,CONSTANT,EleutherAI/pythia-410m,EleutherAI_pythia-410m,Pythia,0.409009,<=3B,1.416184,299.893,GPQA_pct,PRIMARY_TASK_VECTOR,25.922818791946305,25.545302013422816,25.545302013422816,0.0,0.3775167785234892,0.0,24.79026845637584,26.300335570469795,NON_SCALE_ASSOCIATED_RESIDUAL_OR_CONDITIONAL_REMAINDER,CONDITIONAL_ASSOCIATION_ONLY
main_comparable,internal_grouped,fold_0,internal_only,CONSTANT,EleutherAI/pythia-6.9b,EleutherAI_pythia-6.9b,Pythia,6.86104,>3B to <20B,1.416184,299.893,GPQA_pct,PRIMARY_TASK_VECTOR,25.16778523489933,25.41946308724832,25.41946308724832,0.0,-0.2516778523489904,0.0,24.53859060402684,26.300335570469795,NON_SCALE_ASSOCIATED_RESIDUAL_OR_CONDITIONAL_REMAINDER,CONDITIONAL_ASSOCIATION_ONLY
main_comparable,internal_grouped,fold_0,internal_only,CONSTANT,EleutherAI/pythia-1.4b,EleutherAI_pythia-1.4b,Pythia,1.416184,<=3B,1.416184,299.893,IFEval_pct,PRIMARY_TASK_VECTOR,23.70809452253354,22.916232633117165,22.916232633117165,0.0,0.7918618894163743,0.0,19.80318702524117,26.02927824099316,NON_SCALE_ASSOCIATED_RESIDUAL_OR_CONDITIONAL_REMAINDER,CONDITIONAL_ASSOCIATION_ONLY
main_comparable,internal_grouped,fold_1,internal_only,CONSTANT,EleutherAI/pythia-12b,EleutherAI_pythia-12b,Pythia,11.965825,>3B to <20B,1.416184,299.893,IFEval_pct,PRIMARY_TASK_VECTOR,24.71475684517081,21.60171123729482,21.60171123729482,0.0,3.1130456078759927,0.0,16.840640241965385,26.36278223262425,NON_SCALE_ASSOCIATED_RESIDUAL_OR_CONDITIONAL_REMAINDER,CONDITIONAL_ASSOCIATION_ONLY
main_comparable,internal_grouped,fold_0,internal_only,CONSTANT,EleutherAI/pythia-160m,EleutherAI_pythia-160m,Pythia,0.162405,<=3B,1.416184,299.893,IFEval_pct,PRIMARY_TASK_VECTOR,18.15516163778773,22.916232633117165,22.916232633117165,0.0,-4.761070995329433,0.0,19.80318702524117,26.02927824099316,NON_SCALE_ASSOCIATED_RESIDUAL_OR_CONDITIONAL_REMAINDER,CONDITIONAL_ASSOCIATION_ONLY
main_comparable,internal_grouped,fold_1,internal_only,CONSTANT,EleutherAI/pythia-1b,EleutherAI_pythia-1b,Pythia,1.040867,<=3B,1.416184,299.893,IFEval_pct,PRIMARY_TASK_VECTOR,22.079415949680183,21.60171123729482,21.60171123729482,0.0,0.47770471238536416,0.0,16.840640241965385,26.36278223262425,NON_SCALE_ASSOCIATED_RESIDUAL_OR_CONDITIONAL_REMAINDER,CONDITIONAL_ASSOCIATION_ONLY
main_comparable,internal_grouped,fold_0,internal_only,CONSTANT,EleutherAI/pythia-2.8b,EleutherAI_pythia-2.8b,Pythia,2.782831,<=3B,1.416184,299.893,IFEval_pct,PRIMARY_TASK_VECTOR,21.73222604910526,22.916232633117165,22.916232633117165,0.0,-1.1840065840119038,0.0,19.80318702524117,26.02927824099316,NON_SCALE_ASSOCIATED_RESIDUAL_OR_CONDITIONAL_REMAINDER,CONDITIONAL_ASSOCIATION_ONLY
main_comparable,internal_grouped,fold_1,internal_only,CONSTANT,EleutherAI/pythia-410m,EleutherAI_pythia-410m,Pythia,0.409009,<=3B,1.416184,299.893,IFEval_pct,PRIMARY_TASK_VECTOR,21.9545251045005,21.60171123729482,21.60171123729482,0.0,0.35281386720568264,0.0,16.840640241965385,26.36278223262425,NON_SCALE_ASSOCIATED_RESIDUAL_OR_CONDITIONAL_REMAINDER,CONDITIONAL_ASSOCIATION_ONLY
main_comparable,internal_grouped,fold_0,internal_only,CONSTANT,EleutherAI/pythia-6.9b,EleutherAI_pythia-6.9b,Pythia,6.86104,>3B to <20B,1.416184,299.893,IFEval_pct,PRIMARY_TASK_VECTOR,22.81136273975274,22.916232633117165,22.916232633117165,0.0,-0.1048698933644232,0.0,19.80318702524117,26.02927824099316,NON_SCALE_ASSOCIATED_RESIDUAL_OR_CONDITIONAL_REMAINDER,CONDITIONAL_ASSOCIATION_ONLY
main_comparable,internal_grouped,fold_0,internal_only,CONSTANT,EleutherAI/pythia-1.4b,EleutherAI_pythia-1.4b,Pythia,1.416184,<=3B,1.416184,299.893,MATH Lvl 5_pct,PRIMARY_TASK_VECTOR,1.51057401812688,0.98187311178247,0.98187311178247,0.0,0.52870090634441,0.0,0.1510574018126801,1.81268882175226,NON_SCALE_ASSOCIATED_RESIDUAL_OR_CONDITIONAL_REMAINDER,CONDITIONAL_ASSOCIATION_ONLY
main_comparable,internal_grouped,fold_1,internal_only,CONSTANT,EleutherAI/pythia-12b,EleutherAI_pythia-12b,Pythia,11.965825,>3B to <20B,1.416184,299.893,MATH Lvl 5_pct,PRIMARY_TASK_VECTOR,1.66163141993957,1.13293051359516,1.13293051359516,0.0,0.5287009063444101,0.0,0.6042296072507499,1.66163141993957,NON_SCALE_ASSOCIATED_RESIDUAL_OR_CONDITIONAL_REMAINDER,CONDITIONAL_ASSOCIATION_ONLY
main_comparable,internal_grouped,fold_0,internal_only,CONSTANT,EleutherAI/pythia-160m,EleutherAI_pythia-160m,Pythia,0.162405,<=3B,1.416184,299.893,MATH Lvl 5_pct,PRIMARY_TASK_VECTOR,0.90634441087613,0.98187311178247,0.98187311178247,0.0,-0.07552870090634001,0.0,0.1510574018126801,1.81268882175226,NON_SCALE_ASSOCIATED_RESIDUAL_OR_CONDITIONAL_REMAINDER,CONDITIONAL_ASSOCIATION_ONLY
main_comparable,internal_grouped,fold_1,internal_only,CONSTANT,EleutherAI/pythia-1b,EleutherAI_pythia-1b,Pythia,1.040867,<=3B,1.416184,299.893,MATH Lvl 5_pct,PRIMARY_TASK_VECTOR,0.30211480362537,1.13293051359516,1.13293051359516,0.0,-0.8308157099697899,0.0,0.6042296072507499,1.66163141993957,NON_SCALE_ASSOCIATED_RESIDUAL_OR_CONDITIONAL_REMAINDER,CONDITIONAL_ASSOCIATION_ONLY
main_comparable,internal_grouped,fold_0,internal_only,CONSTANT,EleutherAI/pythia-2.8b,EleutherAI_pythia-2.8b,Pythia,2.782831,<=3B,1.416184,299.893,MATH Lvl 5_pct,PRIMARY_TASK_VECTOR,1.35951661631419,0.98187311178247,0.98187311178247,0.0,0.37764350453172,0.0,0.1510574018126801,1.81268882175226,NON_SCALE_ASSOCIATED_RESIDUAL_OR_CONDITIONAL_REMAINDER,CONDITIONAL_ASSOCIATION_ONLY
main_comparable,internal_grouped,fold_1,internal_only,CONSTANT,EleutherAI/pythia-410m,EleutherAI_pythia-410m,Pythia,0.409009,<=3B,1.416184,299.893,MATH Lvl 5_pct,PRIMARY_TASK_VECTOR,0.98187311178247,1.13293051359516,1.13293051359516,0.0,-0.1510574018126899,0.0,0.6042296072507499,1.66163141993957,NON_SCALE_ASSOCIATED_RESIDUAL_OR_CONDITIONAL_REMAINDER,CONDITIONAL_ASSOCIATION_ONLY
main_comparable,internal_grouped,fold_0,internal_only,CONSTANT,EleutherAI/pythia-6.9b,EleutherAI_pythia-6.9b,Pythia,6.86104,>3B to <20B,1.416184,299.893,MATH Lvl 5_pct,PRIMARY_TASK_VECTOR,0.75528700906344,0.98187311178247,0.98187311178247,0.0,-0.22658610271903,0.0,0.1510574018126801,1.81268882175226,NON_SCALE_ASSOCIATED_RESIDUAL_OR_CONDITIONAL_REMAINDER,CONDITIONAL_ASSOCIATION_ONLY
main_comparable,internal_grouped,fold_0,internal_only,CONSTANT,EleutherAI/pythia-1.4b,EleutherAI_pythia-1.4b,Pythia,1.416184,<=3B,1.416184,299.893,MMLU-PRO_pct,PRIMARY_TASK_VECTOR,11.2283909574468,11.242242907801412,11.242242907801412,0.0,-0.01385195035461173,0.0,11.013685726950346,11.470800088652478,NON_SCALE_ASSOCIATED_RESIDUAL_OR_CONDITIONAL_REMAINDER,CONDITIONAL_ASSOCIATION_ONLY
main_comparable,internal_grouped,fold_1,internal_only,CONSTANT,EleutherAI/pythia-12b,EleutherAI_pythia-12b,Pythia,11.965825,>3B to <20B,1.416184,299.893,MMLU-PRO_pct,PRIMARY_TASK_VECTOR,11.08710106382978,11.315658244680844,11.315658244680844,0.0,-0.22855718085106425,0.0,11.088486258865236,11.542830230496454,NON_SCALE_ASSOCIATED_RESIDUAL_OR_CONDITIONAL_REMAINDER,CONDITIONAL_ASSOCIATION_ONLY
main_comparable,internal_grouped,fold_0,internal_only,CONSTANT,EleutherAI/pythia-160m,EleutherAI_pythia-160m,Pythia,0.162405,<=3B,1.416184,299.893,MMLU-PRO_pct,PRIMARY_TASK_VECTOR,11.19514627659574,11.242242907801412,11.242242907801412,0.0,-0.04709663120567242,0.0,11.013685726950346,11.470800088652478,NON_SCALE_ASSOCIATED_RESIDUAL_OR_CONDITIONAL_REMAINDER,CONDITIONAL_ASSOCIATION_ONLY
main_comparable,internal_grouped,fold_1,internal_only,CONSTANT,EleutherAI/pythia-1b,EleutherAI_pythia-1b,Pythia,1.040867,<=3B,1.416184,299.893,MMLU-PRO_pct,PRIMARY_TASK_VECTOR,11.36136968085106,11.315658244680844,11.315658244680844,0.0,0.04571143617021711,0.0,11.088486258865236,11.542830230496454,NON_SCALE_ASSOCIATED_RESIDUAL_OR_CONDITIONAL_REMAINDER,CONDITIONAL_ASSOCIATION_ONLY
main_comparable,internal_grouped,fold_0,internal_only,CONSTANT,EleutherAI/pythia-2.8b,EleutherAI_pythia-2.8b,Pythia,2.782831,<=3B,1.416184,299.893,MMLU-PRO_pct,PRIMARY_TASK_VECTOR,11.36968085106382,11.242242907801412,11.242242907801412,0.0,0.12743794326240732,0.0,11.013685726950346,11.470800088652478,NON_SCALE_ASSOCIATED_RESIDUAL_OR_CONDITIONAL_REMAINDER,CONDITIONAL_ASSOCIATION_ONLY
main_comparable,internal_grouped,fold_1,internal_only,CONSTANT,EleutherAI/pythia-410m,EleutherAI_pythia-410m,Pythia,0.409009,<=3B,1.416184,299.893,MMLU-PRO_pct,PRIMARY_TASK_VECTOR,11.2782579787234,11.315658244680844,11.315658244680844,0.0,-0.03740026595744439,0.0,11.088486258865236,11.542830230496454,NON_SCALE_ASSOCIATED_RESIDUAL_OR_CONDITIONAL_REMAINDER,CONDITIONAL_ASSOCIATION_ONLY
main_comparable,internal_grouped,fold_0,internal_only,CONSTANT,EleutherAI/pythia-6.9b,EleutherAI_pythia-6.9b,Pythia,6.86104,>3B to <20B,1.416184,299.893,MMLU-PRO_pct,PRIMARY_TASK_VECTOR,11.46941489361702,11.242242907801412,11.242242907801412,0.0,0.22717198581560893,0.0,11.013685726950346,11.470800088652478,NON_SCALE_ASSOCIATED_RESIDUAL_OR_CONDITIONAL_REMAINDER,CONDITIONAL_ASSOCIATION_ONLY
main_comparable,internal_grouped,fold_0,internal_only,CONSTANT,EleutherAI/pythia-1.4b,EleutherAI_pythia-1.4b,Pythia,1.416184,<=3B,1.416184,299.893,MUSR_pct,PRIMARY_TASK_VECTOR,35.31746031746032,35.84656084656085,35.84656084656085,0.0,-0.5291005291005249,0.0,34.391534391534385,37.30158730158731,NON_SCALE_ASSOCIATED_RESIDUAL_OR_CONDITIONAL_REMAINDER,CONDITIONAL_ASSOCIATION_ONLY
main_comparable,internal_grouped,fold_1,internal_only,CONSTANT,EleutherAI/pythia-12b,EleutherAI_pythia-12b,Pythia,11.965825,>3B to <20B,1.416184,299.893,MUSR_pct,PRIMARY_TASK_VECTOR,36.37566137566138,36.90476190476191,36.90476190476191,0.0,-0.529100529100532,0.0,31.08465608465609,42.724867724867735,NON_SCALE_ASSOCIATED_RESIDUAL_OR_CONDITIONAL_REMAINDER,CONDITIONAL_ASSOCIATION_ONLY
main_comparable,internal_grouped,fold_0,internal_only,CONSTANT,EleutherAI/pythia-160m,EleutherAI_pythia-160m,Pythia,0.162405,<=3B,1.416184,299.893,MUSR_pct,PRIMARY_TASK_VECTOR,41.66666666666667,35.84656084656085,35.84656084656085,0.0,5.820105820105823,0.0,34.391534391534385,37.30158730158731,NON_SCALE_ASSOCIATED_RESIDUAL_OR_CONDITIONAL_REMAINDER,CONDITIONAL_ASSOCIATION_ONLY
main_comparable,internal_grouped,fold_1,internal_only,CONSTANT,EleutherAI/pythia-1b,EleutherAI_pythia-1b,Pythia,1.040867,<=3B,1.416184,299.893,MUSR_pct,PRIMARY_TASK_VECTOR,35.44973544973545,36.90476190476191,36.90476190476191,0.0,-1.4550264550264629,0.0,31.08465608465609,42.724867724867735,NON_SCALE_ASSOCIATED_RESIDUAL_OR_CONDITIONAL_REMAINDER,CONDITIONAL_ASSOCIATION_ONLY
main_comparable,internal_grouped,fold_0,internal_only,CONSTANT,EleutherAI/pythia-2.8b,EleutherAI_pythia-2.8b,Pythia,2.782831,<=3B,1.416184,299.893,MUSR_pct,PRIMARY_TASK_VECTOR,34.78835978835979,35.84656084656085,35.84656084656085,0.0,-1.0582010582010568,0.0,34.391534391534385,37.30158730158731,NON_SCALE_ASSOCIATED_RESIDUAL_OR_CONDITIONAL_REMAINDER,CONDITIONAL_ASSOCIATION_ONLY
main_comparable,internal_grouped,fold_1,internal_only,CONSTANT,EleutherAI/pythia-410m,EleutherAI_pythia-410m,Pythia,0.409009,<=3B,1.416184,299.893,MUSR_pct,PRIMARY_TASK_VECTOR,35.71428571428571,36.90476190476191,36.90476190476191,0.0,-1.190476190476204,0.0,31.08465608465609,42.724867724867735,NON_SCALE_ASSOCIATED_RESIDUAL_OR_CONDITIONAL_REMAINDER,CONDITIONAL_ASSOCIATION_ONLY
main_comparable,internal_grouped,fold_0,internal_only,CONSTANT,EleutherAI/pythia-6.9b,EleutherAI_pythia-6.9b,Pythia,6.86104,>3B to <20B,1.416184,299.893,MUSR_pct,PRIMARY_TASK_VECTOR,35.84656084656085,35.84656084656085,35.84656084656085,0.0,0.0,0.0,34.391534391534385,37.30158730158731,NON_SCALE_ASSOCIATED_RESIDUAL_OR_CONDITIONAL_REMAINDER,CONDITIONAL_ASSOCIATION_ONLY
main_comparable,internal_grouped,fold_0,internal_only,CONSTANT,EleutherAI/pythia-1.4b,EleutherAI_pythia-1.4b,Pythia,1.416184,<=3B,1.416184,299.893,benchmark_mean_aux,AUXILIARY_ONLY,21.52191962695336,21.13725758850369,21.13725758850369,0.0,0.38466203844966884,0.0,20.62147970772421,21.653035469283168,NON_SCALE_ASSOCIATED_RESIDUAL_OR_CONDITIONAL_REMAINDER,CONDITIONAL_ASSOCIATION_ONLY
main_comparable,internal_grouped,fold_1,internal_only,CONSTANT,EleutherAI/pythia-12b,EleutherAI_pythia-12b,Pythia,11.965825,>3B to <20B,1.416184,299.893,benchmark_mean_aux,AUXILIARY_ONLY,21.6854459796534,21.27635817008464,21.27635817008464,0.0,0.40908780956876,0.0,20.891696131634973,21.66102020853431,NON_SCALE_ASSOCIATED_RESIDUAL_OR_CONDITIONAL_REMAINDER,CONDITIONAL_ASSOCIATION_ONLY
main_comparable,internal_grouped,fold_0,internal_only,CONSTANT,EleutherAI/pythia-160m,EleutherAI_pythia-160m,Pythia,0.162405,<=3B,1.416184,299.893,benchmark_mean_aux,AUXILIARY_ONLY,21.185798021285724,21.13725758850369,21.13725758850369,0.0,0.04854043278203335,0.0,20.62147970772421,21.653035469283168,NON_SCALE_ASSOCIATED_RESIDUAL_OR_CONDITIONAL_REMAINDER,CONDITIONAL_ASSOCIATION_ONLY
main_comparable,internal_grouped,fold_1,internal_only,CONSTANT,EleutherAI/pythia-1b,EleutherAI_pythia-1b,Pythia,1.040867,<=3B,1.416184,299.893,benchmark_mean_aux,AUXILIARY_ONLY,20.760580289305164,21.27635817008464,21.27635817008464,0.0,-0.5157778807794777,0.0,20.891696131634973,21.66102020853431,NON_SCALE_ASSOCIATED_RESIDUAL_OR_CONDITIONAL_REMAINDER,CONDITIONAL_ASSOCIATION_ONLY
main_comparable,internal_grouped,fold_0,internal_only,CONSTANT,EleutherAI/pythia-2.8b,EleutherAI_pythia-2.8b,Pythia,2.782831,<=3B,1.416184,299.893,benchmark_mean_aux,AUXILIARY_ONLY,21.05169824738763,21.13725758850369,21.13725758850369,0.0,-0.08555934111605978,0.0,20.62147970772421,21.653035469283168,NON_SCALE_ASSOCIATED_RESIDUAL_OR_CONDITIONAL_REMAINDER,CONDITIONAL_ASSOCIATION_ONLY
main_comparable,internal_grouped,fold_1,internal_only,CONSTANT,EleutherAI/pythia-410m,EleutherAI_pythia-410m,Pythia,0.409009,<=3B,1.416184,299.893,benchmark_mean_aux,AUXILIARY_ONLY,20.96574649655252,21.27635817008464,21.27635817008464,0.0,-0.31061167353212227,0.0,20.891696131634973,21.66102020853431,NON_SCALE_ASSOCIATED_RESIDUAL_OR_CONDITIONAL_REMAINDER,CONDITIONAL_ASSOCIATION_ONLY
main_comparable,internal_grouped,fold_0,internal_only,CONSTANT,EleutherAI/pythia-6.9b,EleutherAI_pythia-6.9b,Pythia,6.86104,>3B to <20B,1.416184,299.893,benchmark_mean_aux,AUXILIARY_ONLY,21.346016784711846,21.13725758850369,21.13725758850369,0.0,0.20875919620815608,0.0,20.62147970772421,21.653035469283168,NON_SCALE_ASSOCIATED_RESIDUAL_OR_CONDITIONAL_REMAINDER,CONDITIONAL_ASSOCIATION_ONLY
