record_type,scope_a,scope_b,metric,estimate,difference_estimate,bootstrap_median,ci_low_2_5pct,ci_high_97_5pct,share_gt_zero,replicates_requested,replicates_finite,seed,sampling_rule
scope_interval,A1_sample,,Q_mean,0.5208343623221328,,0.5208147079285359,0.5197597495495407,0.5218418238336445,,2000,2000,20260925,domain-stratified unique-key resampling with replacement
scope_interval,A1_sample,,Q_median,0.5150217945282418,,0.5150317884536302,0.513686078296529,0.5163123525372327,,2000,2000,20260925,domain-stratified unique-key resampling with replacement
scope_interval,A1_sample,,Q_std,0.14609499470871026,,0.14609492495726617,0.14527937957831485,0.14688114942589808,,2000,2000,20260925,domain-stratified unique-key resampling with replacement
scope_interval,A1_sample,,high_conflict_rate,0.22504391957837205,,0.22508295920359164,0.22186170212765957,0.2283432559047433,,2000,2000,20260925,domain-stratified unique-key resampling with replacement
scope_interval,A1_sample,,range_median,0.3573179378240635,,0.35732840070417526,0.35579665756981554,0.3587151636163338,,2000,2000,20260925,domain-stratified unique-key resampling with replacement
scope_interval,A1_sample,,std_median,0.1534776742124941,,0.153477475677181,0.15275977725608608,0.1542015700067632,,2000,2000,20260925,domain-stratified unique-key resampling with replacement
scope_interval,A2_extension,,Q_mean,0.8583499763471126,,0.8583334873299775,0.8573434841380048,0.859317534419051,,2000,2000,20260925,domain-stratified unique-key resampling with replacement
scope_interval,A2_extension,,Q_median,0.8685736088904642,,0.868571431222425,0.867767663395878,0.8694244567286477,,2000,2000,20260925,domain-stratified unique-key resampling with replacement
scope_interval,A2_extension,,Q_std,0.06518806305209426,,0.06517161938407853,0.06355379164473052,0.06684612727483658,,2000,2000,20260925,domain-stratified unique-key resampling with replacement
scope_interval,A2_extension,,high_conflict_rate,0.003994749757461622,,0.003994749757461622,0.003138731952291274,0.004907835416309993,,2000,2000,20260925,domain-stratified unique-key resampling with replacement
scope_interval,A2_extension,,range_median,0.13944740037523362,,0.13944631361243354,0.13835214570714546,0.14060524825301712,,2000,2000,20260925,domain-stratified unique-key resampling with replacement
scope_interval,A2_extension,,std_median,0.059685446739670564,,0.0596970969149296,0.059167672603083137,0.060185989906550025,,2000,2000,20260925,domain-stratified unique-key resampling with replacement
scope_interval,A3_extension,,Q_mean,0.4592936699738004,,0.4592892497234041,0.4588165363635341,0.45976557039080224,,2000,2000,20260925,domain-stratified unique-key resampling with replacement
scope_interval,A3_extension,,Q_median,0.46548964510869295,,0.46547783216340183,0.46488875177673866,0.46603396893878063,,2000,2000,20260925,domain-stratified unique-key resampling with replacement
scope_interval,A3_extension,,Q_std,0.10826418602502229,,0.10827107406402287,0.10792996854530779,0.10859706076368886,,2000,2000,20260925,domain-stratified unique-key resampling with replacement
scope_interval,A3_extension,,high_conflict_rate,0.025658643841532845,,0.025663551768816992,0.024946871687149083,0.02633606050492756,,2000,2000,20260925,domain-stratified unique-key resampling with replacement
scope_interval,A3_extension,,range_median,0.2973622590107976,,0.2973617564914341,0.2968291892052258,0.297927542642815,,2000,2000,20260925,domain-stratified unique-key resampling with replacement
scope_interval,A3_extension,,std_median,0.12777641055546157,,0.1277808260022341,0.12752600022368418,0.12801712845624874,,2000,2000,20260925,domain-stratified unique-key resampling with replacement
scope_interval,extension_overlap,,Q_mean,0.5092288087947113,,0.50923046811549,0.5073645270678772,0.511142318261482,,2000,2000,20260925,domain-stratified unique-key resampling with replacement
scope_interval,extension_overlap,,Q_median,0.48461866152271343,,0.48458173279604266,0.48238184707393694,0.48688249270092204,,2000,2000,20260925,domain-stratified unique-key resampling with replacement
scope_interval,extension_overlap,,Q_std,0.16777931782066563,,0.16775560288748737,0.16652097380768197,0.16906187652635196,,2000,2000,20260925,domain-stratified unique-key resampling with replacement
scope_interval,extension_overlap,,high_conflict_rate,0.0233820824940888,,0.0233820824940888,0.020667308871179613,0.026184429459672476,,2000,2000,20260925,domain-stratified unique-key resampling with replacement
scope_interval,extension_overlap,,range_median,0.2785019955503187,,0.2784731602353701,0.2764778130449662,0.2813817597990138,,2000,2000,20260925,domain-stratified unique-key resampling with replacement
scope_interval,extension_overlap,,std_median,0.11999772809853843,,0.11999772809853843,0.11882218565580491,0.12102460281442211,,2000,2000,20260925,domain-stratified unique-key resampling with replacement
scope_interval,extension_new,,Q_mean,0.48989791722253684,,0.4898976987872329,0.48943808620590284,0.4903486412291786,,2000,2000,20260925,domain-stratified unique-key resampling with replacement
scope_interval,extension_new,,Q_median,0.4761808949459177,,0.47617377907132735,0.4755657453983586,0.4766779054960264,,2000,2000,20260925,domain-stratified unique-key resampling with replacement
scope_interval,extension_new,,Q_std,0.14976073206686502,,0.1497612847698562,0.14945301177785197,0.15005253033476357,,2000,2000,20260925,domain-stratified unique-key resampling with replacement
scope_interval,extension_new,,high_conflict_rate,0.02397358188472095,,0.02397358188472095,0.023306457761512658,0.02459305428484294,,2000,2000,20260925,domain-stratified unique-key resampling with replacement
scope_interval,extension_new,,range_median,0.28703166761414334,,0.2870427933904266,0.2864199764337789,0.2876198865415876,,2000,2000,20260925,domain-stratified unique-key resampling with replacement
scope_interval,extension_new,,std_median,0.12330904959760136,,0.12330642739840841,0.12308671742043079,0.1235559711081574,,2000,2000,20260925,domain-stratified unique-key resampling with replacement
scope_interval,all_unique,,Q_mean,0.4959665403209771,,0.4959665683306901,0.49555960514506003,0.49639083803823597,,2000,2000,20260925,domain-stratified unique-key resampling with replacement
scope_interval,all_unique,,Q_median,0.48247852816491466,,0.48247862917491646,0.4819480780844011,0.4830056798056124,,2000,2000,20260925,domain-stratified unique-key resampling with replacement
scope_interval,all_unique,,Q_std,0.1495538781566357,,0.1495531962692262,0.14926375102706052,0.14984238606436,,2000,2000,20260925,domain-stratified unique-key resampling with replacement
scope_interval,all_unique,,high_conflict_rate,0.06342737642003018,,0.06342546134223973,0.06261155328129428,0.06423170909202332,,2000,2000,20260925,domain-stratified unique-key resampling with replacement
scope_interval,all_unique,,range_median,0.29724100698318767,,0.2972363629553564,0.29674019866287454,0.29779603472941923,,2000,2000,20260925,domain-stratified unique-key resampling with replacement
scope_interval,all_unique,,std_median,0.1277599418796072,,0.12775874534382314,0.12752929461975898,0.1279881937649244,,2000,2000,20260925,domain-stratified unique-key resampling with replacement
difference_interval,A2_extension,A1_sample,Q_mean,0.8583499763471126,0.33751561402497987,0.33753085690350376,0.33608091376024407,0.33895008548517697,1.0,2000,2000,20260925,independent domain-stratified unique-key resampling with replacement
difference_interval,A2_extension,A1_sample,Q_median,0.8685736088904642,0.3535518143622224,0.3535613479974096,0.3520192124983336,0.35513266888221245,1.0,2000,2000,20260925,independent domain-stratified unique-key resampling with replacement
difference_interval,A2_extension,A1_sample,Q_std,0.06518806305209426,-0.080906931656616,-0.08093042886661345,-0.0826728689742575,-0.07905397805123313,0.0,2000,2000,20260925,independent domain-stratified unique-key resampling with replacement
difference_interval,A2_extension,A1_sample,high_conflict_rate,0.003994749757461622,-0.22104916982091044,-0.22108075152537315,-0.22439919424824653,-0.21769114806853385,0.0,2000,2000,20260925,independent domain-stratified unique-key resampling with replacement
difference_interval,A2_extension,A1_sample,range_median,0.13944740037523362,-0.2178705374488299,-0.21787599937097618,-0.21961040654259822,-0.21602160700526812,0.0,2000,2000,20260925,independent domain-stratified unique-key resampling with replacement
difference_interval,A2_extension,A1_sample,std_median,0.059685446739670564,-0.09379222747282352,-0.0937736354651404,-0.09466029635423522,-0.09296879923289264,0.0,2000,2000,20260925,independent domain-stratified unique-key resampling with replacement
difference_interval,A3_extension,A1_sample,Q_mean,0.4592936699738004,-0.06154069234833237,-0.06151578181558645,-0.06268816386521449,-0.0604079998119183,0.0,2000,2000,20260925,independent domain-stratified unique-key resampling with replacement
difference_interval,A3_extension,A1_sample,Q_median,0.46548964510869295,-0.049532149419548865,-0.049527744339182944,-0.051009657781395955,-0.0480851916627087,0.0,2000,2000,20260925,independent domain-stratified unique-key resampling with replacement
difference_interval,A3_extension,A1_sample,Q_std,0.10826418602502229,-0.037830808683687975,-0.03782924571901229,-0.03865386467600215,-0.03692612869732679,0.0,2000,2000,20260925,independent domain-stratified unique-key resampling with replacement
difference_interval,A3_extension,A1_sample,high_conflict_rate,0.025658643841532845,-0.1993852757368392,-0.19946006179968534,-0.20275018144960677,-0.1961598053686758,0.0,2000,2000,20260925,independent domain-stratified unique-key resampling with replacement
difference_interval,A3_extension,A1_sample,range_median,0.2973622590107976,-0.05995567881326591,-0.059968212439326984,-0.06141401319338753,-0.05826529353391454,0.0,2000,2000,20260925,independent domain-stratified unique-key resampling with replacement
difference_interval,A3_extension,A1_sample,std_median,0.12777641055546157,-0.025701263657032514,-0.025681301550954397,-0.026445168072848444,-0.024953808187584837,0.0,2000,2000,20260925,independent domain-stratified unique-key resampling with replacement
difference_interval,extension_overlap,extension_new,Q_mean,0.5092288087947113,0.01933089157217449,0.01934661238643859,0.01735954557783454,0.02132814262597224,1.0,2000,2000,20260925,independent domain-stratified unique-key resampling with replacement
difference_interval,extension_overlap,extension_new,Q_median,0.48461866152271343,0.008437766576795735,0.008382415934048426,0.006148686048018824,0.010747138335881631,1.0,2000,2000,20260925,independent domain-stratified unique-key resampling with replacement
difference_interval,extension_overlap,extension_new,Q_std,0.16777931782066563,0.01801858575380061,0.01799975424243065,0.016733518662958257,0.01936010651452496,1.0,2000,2000,20260925,independent domain-stratified unique-key resampling with replacement
difference_interval,extension_overlap,extension_new,high_conflict_rate,0.0233820824940888,-0.0005914993906321504,-0.0006123603209858136,-0.003432616514209194,0.0022457336209238898,0.333,2000,2000,20260925,independent domain-stratified unique-key resampling with replacement
difference_interval,extension_overlap,extension_new,range_median,0.2785019955503187,-0.008529672063824656,-0.00855396049653287,-0.010710183907180095,-0.005605871601285373,0.0,2000,2000,20260925,independent domain-stratified unique-key resampling with replacement
difference_interval,extension_overlap,extension_new,std_median,0.11999772809853843,-0.003311321499062936,-0.0033404835658862875,-0.004522488481107258,-0.002334069315363559,0.0,2000,2000,20260925,independent domain-stratified unique-key resampling with replacement
difference_interval,all_unique,A1_sample,Q_mean,0.4959665403209771,-0.02486782200115567,-0.02485291107607357,-0.025982222981892057,-0.023730212862119845,0.0,2000,2000,20260925,independent domain-stratified unique-key resampling with replacement
difference_interval,all_unique,A1_sample,Q_median,0.48247852816491466,-0.03254326636332716,-0.03256350906381761,-0.03401637666940052,-0.031083191190602273,0.0,2000,2000,20260925,independent domain-stratified unique-key resampling with replacement
difference_interval,all_unique,A1_sample,Q_std,0.1495538781566357,0.0034588834479254427,0.0034650001755994336,0.0026427956854747853,0.004338636457493556,1.0,2000,2000,20260925,independent domain-stratified unique-key resampling with replacement
difference_interval,all_unique,A1_sample,high_conflict_rate,0.06342737642003018,-0.16161654315834187,-0.1616652280767782,-0.16497313457999346,-0.1582638661848519,0.0,2000,2000,20260925,independent domain-stratified unique-key resampling with replacement
difference_interval,all_unique,A1_sample,range_median,0.29724100698318767,-0.06007693084087584,-0.06008345059462902,-0.061547580433423836,-0.058432678046833914,0.0,2000,2000,20260925,independent domain-stratified unique-key resampling with replacement
difference_interval,all_unique,A1_sample,std_median,0.1277599418796072,-0.025717732332886878,-0.025713971546720518,-0.026460392957618758,-0.024969159868367775,0.0,2000,2000,20260925,independent domain-stratified unique-key resampling with replacement
