"asset_id","asset_type","display_number","title","question","source_frozen_interface","source_files","plot_fields","units","eligibility_label","body_reference_location","production_status","notes"
"FIG-01","FIGURE","图1","四问建模主线与证据分层框架","总体","paper/FINAL_RESULT_INDEX.md; T06/T07/T05/T08 freeze","paper/FINAL_RESULT_INDEX.md; paper/T06_RESULT_FREEZE.md; paper/T07_RESULT_FREEZE.md; paper/T05_RESULT_FREEZE.md; paper/T08_RESULT_FREEZE.md","nodes;edges;eligibility_labels","none","PREFLIGHT_FRAMEWORK","3","PLANNED","只画结构，不填G1/G2/G4新结果"
"FIG-02","FIGURE","图2","问题一质量处理、冲突诊断与同尺度配比","Q1","Q01C; T03E; T06 RegMix interface","solution/outputs/quality_q01c/20260924T215718+08/domain_summary.csv; solution/outputs/quality_q01c/20260924T215718+08/summary_denominators.csv; diagnostics/TASK-T03E/20260925T020032+08/phase_b_frozen_validation/extension_summary.json","scope;n;valid;missing;Q_mean;D_range;high_conflict_rate","count;0-1;Loss","Q1_STABLE_WITH_G1_PLACEHOLDER","4","PLANNED","G1未验收部分只留占位框"
"FIG-03","FIGURE","图3","问题一1M预测与跨尺度运输诊断","Q1","T06_RESULT_FREEZE.md; mixture formal interface","solution/outputs/mixture/linear_test_1m_predictions.csv; solution/outputs/mixture/linear_test_60m_predictions.csv; solution/outputs/mixture/linear_test_1B_predictions.csv; solution/outputs/mixture/metrics.csv","index;observed;predicted;scale;RMSE;Spearman","Loss;rank correlation","Q1_SAME_SCALE_VALIDATED; TRANSPORT_ONLY","4.6","PLANNED","不得标为跨尺度重新验证"
"FIG-04","FIGURE","图4","问题二M0_B1、B6来源内质量关系与识别边界","Q2","T06_RESULT_FREEZE.md","diagnostics/TASK-T06E-INTEGRATE/20260925T110904+08/t07_parameter_table.csv; diagnostics/TASK-T06E-B-R1/20260925T103130+08/corrected_gates/G1_G4_reconciliation.json; solution/outputs/scaling/B1_all_predictions.csv","N_B;D_B;observed;fitted;residual;Q_score;k_add","Loss;Q_score;十亿参数;十亿token","SOURCE_INTERNAL_CONDITIONAL; G2_PENDING","5.2-5.4","PLANNED","G2候选未验收，不写新增gate结论"
"FIG-05","FIGURE","图5","A/B质量尺度与Q-p独立效应识别图","Q2","T06_RESULT_FREEZE.md","diagnostics/TASK-T06E-INTEGRATE/20260925T110904+08/integrated_identifiability_matrix.csv; diagnostics/TASK-T06E-INTEGRATE/20260925T110904+08/scenario_registry_filled.csv","mapping;scenario;status;projection_residual;rank","none","NOT_IDENTIFIABLE; SCENARIO_ONLY","5.5-5.8","PLANNED","B8冲突单独标注"
"FIG-06","FIGURE","图6","问题三三档预算条件最优N、D与Loss","Q3","paper/T07_RESULT_FREEZE.md","diagnostics/TASK-T07/20260925T113744+08/budget_scenario_optima.csv; diagnostics/TASK-T07/20260925T113744+08/support_bounds.csv","budget;N_B;D_B;predicted_loss;support_status;boundary","FLOPs;十亿参数;十亿token;Loss","CONDITIONAL_OPTIMUM","6.6","PLANNED","必须标1e22 D上界"
"FIG-07","FIGURE","图7","问题三H敏感性与活跃边界变化","Q3","paper/T07_RESULT_FREEZE.md","diagnostics/TASK-T07/20260925T113744+08/context_sensitivity.csv; diagnostics/TASK-T07/20260925T113744+08/structural_transition_diagnostics.csv","H;N_B;D_B;predicted_loss;active_constraint","长度;十亿参数;十亿token;Loss","PRE_REGISTERED_H_SET","6.7","PLANNED","只画五个预注册H值"
"FIG-08","FIGURE","图8","问题四Loss-Benchmark识别、六任务基线与未来资格","Q4","paper/T05_RESULT_FREEZE.md; paper/T08_RESULT_FREEZE.md","diagnostics/TASK-T05/20260925T113355+0800/identifiability_decision.json; diagnostics/TASK-T08/20260925T142203+0800/taskwise_progress.csv; diagnostics/TASK-T08/20260925T142203+0800/forecast_12m_24m_scenarios.csv","task;constant_baseline;conditional_interval;scenario_date;progress_status","Benchmark点;date","CONDITIONAL_ASSOCIATION_ONLY; CONDITIONAL_BASELINE_ONLY; G4_PENDING","7.2-7.8","PLANNED","不画未来数值点或伪区间"
"FIG-09","FIGURE","图9","全文不确定性与资格分层","全文检查","T06/T07/T05/T08 freeze","diagnostics/TASK-T07/20260925T113744+08/uncertainty_summary.csv; diagnostics/TASK-T08/20260925T142203+0800/forecast_uncertainty.csv; diagnostics/TASK-T05/20260925T113355+0800/verification.json","uncertainty_class;source;eligibility;status","none","MULTI_LAYER_NO_COMBINED_CI","10","PLANNED","不得合成单一置信区间"
"TAB-01","TABLE","表1","数据来源、单位与统一符号","总体","原题;数据说明;T06/T07/T05/T08","F题/数据说明.pdf; paper/data_sources.md; paper/T06_RESULT_FREEZE.md; paper/T07_RESULT_FREEZE.md; paper/T05_RESULT_FREEZE.md; paper/T08_RESULT_FREEZE.md","dataset_id;file;role;unit;symbol;frozen_interface","varies","PROJECT_DATA_SOURCE_TABLE","3","PLANNED","区分真实、半合成、估算和缺失"
"TAB-02","TABLE","表2","问题一质量记录、缺失与覆盖率","Q1","Q01C formal run","solution/outputs/quality_q01c/20260924T215718+08/summary_denominators.csv; solution/outputs/quality_q01c/20260924T215718+08/domain_summary.csv","scope;physical_rows;unique_keys;Q_valid;Q_missing;coverage;domains","count;proportion","Q1_MAIN_DENOMINATOR","4.4","PLANNED","G1未验收不扩展为最终稳定性结论"
"TAB-03","TABLE","表3","问题一三组质量统计、分歧与高分歧比例","Q1","Q01C formal run; T03E frozen sensitivity","solution/outputs/quality_q01c/20260924T215718+08/domain_summary.csv; diagnostics/TASK-T03E/20260925T020032+08/phase_b_frozen_validation/holdout_summary.json","group;mean;median;IQR;D_range;D_std;high_conflict_rate","0-1;proportion","Q1_MAIN_AND_SENSITIVITY","4.4-4.5","PLANNED","Q_C只作敏感性"
"TAB-04","TABLE","表4","问题一1M检验、跨尺度运输与适用边界","Q1","T06_RESULT_FREEZE.md","solution/outputs/mixture/metrics.csv; solution/outputs/mixture/linear_test_1m_predictions.csv; solution/outputs/mixture/linear_test_60m_predictions.csv; solution/outputs/mixture/linear_test_1B_predictions.csv","scale;MSE;improvement;Spearman;RMSE;support_status","Loss;rank correlation","SAME_SCALE_TEST; TRANSPORT_ONLY","4.6","PLANNED","10B/70B为估算，不列作真值"
"TAB-05","TABLE","表5","问题二M0_B1参数、支持范围与来源边界","Q2","T06_RESULT_FREEZE.md","diagnostics/TASK-T06E-INTEGRATE/20260925T110904+08/t07_parameter_table.csv; diagnostics/TASK-T06E-INTEGRATE/20260925T110904+08/t07_model_contract.json","parameter;estimate;support;source;status","Loss;十亿参数;十亿token","B1_SOURCE_INTERNAL; G2_PENDING","5.2","PLANNED","主模型不使用Q或p"
"TAB-06","TABLE","表6","问题二B6来源内质量参数与G1-G4门槛","Q2","T06_RESULT_FREEZE.md","diagnostics/TASK-T06E-B-R1/20260925T103130+08/corrected_gates/G1_G4_reconciliation.json; diagnostics/TASK-T06E-B-R1/20260925T103130+08/corrected_profiles/profile_summary_corrected.csv","gate;metric;value;threshold;status","Loss;ratio;condition number","B6_SOURCE_INTERNAL; G2_PENDING","5.3-5.4","PLANNED","G4表示T06内部gate，不等同G4任务最终验收"
"TAB-07","TABLE","表7","问题二A/B质量桥接、配比运输与B8冲突","Q2","T06_RESULT_FREEZE.md","diagnostics/TASK-T06E-INTEGRATE/20260925T110904+08/integrated_identifiability_matrix.csv; diagnostics/TASK-T06E-INTEGRATE/20260925T110904+08/scenario_registry_filled.csv","mapping;scenario;identifiability;direction;status","Loss;quality score;proportion","NOT_IDENTIFIABLE; SCENARIO_ONLY; CONFLICT_EVIDENCE","5.5-5.9","PLANNED","不平均B6/B8，不传播旧边界解"
"TAB-08","TABLE","表8","问题三三档预算正式主结果","Q3","paper/T07_RESULT_FREEZE.md","diagnostics/TASK-T07/20260925T113744+08/budget_scenario_optima.csv; diagnostics/TASK-T07/20260925T113744+08/feasibility_audit.csv","budget;N_B;D_B;predicted_loss;budget_residual;support_status;boundary","FLOPs;十亿参数;十亿token;Loss","CONDITIONAL_OPTIMUM","6.6","PLANNED","D上界必须显式标注"
"TAB-09","TABLE","表9","问题三成本分项、KKT与上下文敏感性","Q3","paper/T07_RESULT_FREEZE.md","diagnostics/TASK-T07/20260925T113744+08/kkt_boundary_checks.csv; diagnostics/TASK-T07/20260925T113744+08/context_sensitivity.csv; diagnostics/TASK-T07/20260925T113744+08/unit_conversion_audit.csv","H;cost_terms;KKT_residual;equality_residual;active_constraint;N_B;D_B;Loss","FLOPs;residual;十亿参数;十亿token;Loss","PRE_REGISTERED_H_SET","6.5-6.7","PLANNED","H_crit=30000"
"TAB-10","TABLE","表10","问题三质量成本、配比运输、B8与参数不确定性","Q3","paper/T07_RESULT_FREEZE.md","diagnostics/TASK-T07/20260925T113744+08/quality_cost_sensitivity.csv; diagnostics/TASK-T07/20260925T113744+08/transport_failure_sensitivity.csv; diagnostics/TASK-T07/20260925T113744+08/uncertainty_summary.csv","scenario;cost_function;Q_A;N_B;D_B;Loss;status;percentile","cost;quality score;十亿参数;十亿token;Loss","SCENARIO_ONLY; CONFLICT_EVIDENCE; NOT_JOINT_POSTERIOR","6.8-6.11","PLANNED","S17为NO_NUMERIC_OPTIMUM"
"TAB-11","TABLE","表11","问题四桥接样本、可比性与识别资格","Q4","paper/T05_RESULT_FREEZE.md","diagnostics/TASK-T05/20260925T113355+0800/comparability_strata.csv; diagnostics/TASK-T05/20260925T113355+0800/identifiability_decision.json; diagnostics/TASK-T05/20260925T113355+0800/corrupt_and_partial_coverage.csv","stratum;n;complete;partial;corrupt;eligibility","count","CONDITIONAL_ASSOCIATION_ONLY","7.2","PLANNED","主层7与条件层38分开"
"TAB-12","TABLE","表12","问题四六任务CONSTANT条件基线与条件区间","Q4","paper/T08_RESULT_FREEZE.md","diagnostics/TASK-T08/20260925T142203+0800/taskwise_progress.csv","task;constant_baseline;interval_low;interval_high;role","Benchmark点","CONSTANT; CONDITIONAL_BASELINE_ONLY; G4_PENDING","7.3","PLANNED","辅助均值只作展示"
"TAB-13","TABLE","表13","问题四规模/非规模分解、历史分层与时间外状态","Q4","paper/T08_RESULT_FREEZE.md","diagnostics/TASK-T08/20260925T142203+0800/scale_non_scale_decomposition.csv; diagnostics/TASK-T08/20260925T142203+0800/historical_strata_summary.csv; diagnostics/TASK-T08/20260925T142203+0800/leakage_audit.csv","task;scale_component;conditional_remainder;stratum;n;time_status;error","Benchmark点;count","IDENTIFIABILITY_BOUNDARY; UNVALIDATED_FOR_EXTRAPOLATION","7.4-7.7","PLANNED","残差不作机制或因果进步"
"TAB-14","TABLE","表14","问题四六类不确定性与未来情景资格","Q4","paper/T08_RESULT_FREEZE.md","diagnostics/TASK-T08/20260925T142203+0800/forecast_uncertainty.csv; diagnostics/TASK-T08/20260925T142203+0800/forecast_12m_24m_scenarios.csv; diagnostics/TASK-T08/20260925T142203+0800/loss_space_scale_scenarios.csv","uncertainty_class;scenario_date;origin;status;source","date;Benchmark点;Loss","NOT_IDENTIFIABLE_PROGRESS; CONDITIONAL_BASELINE_ONLY; G4_PENDING","7.8-7.10","PLANNED","不允许合成单一区间"
"APP-TAB-A1","TABLE","表A1","RegMix 17x13线性系数矩阵","Q1附录","T06_RESULT_FREEZE.md","solution/outputs/mixture/linear_coefficients.csv","mixture_domain;validation_domain;coefficient","Loss/proportion","MODEL_OUTPUT_APPENDIX","附录A","PLANNED","正文只保留模型形式与整体指标"
"APP-TAB-A2","TABLE","表A2","正式run、源码快照与AI使用记录","复现","正式run manifests; AI_DISCLOSURE_DRAFT.md","solution/outputs/quality_q01c/20260924T215718+08/output_manifest.json; diagnostics/TASK-T03E/20260925T020032+08/output_manifest.json; diagnostics/TASK-T06E-INTEGRATE/20260925T110904+08/output_manifest.json; diagnostics/TASK-T07/20260925T113744+08/output_manifest.json; diagnostics/TASK-T05/20260925T113355+0800/output_manifest.json; diagnostics/TASK-T08/20260925T142203+0800/output_manifest.json","run_id;path;sha256;role;ai_tool;version;verification_status","none","REPRODUCTION_APPENDIX","附录C","PLANNED","精确AI版本待作者确认"
