scenario_id,scenario_order,family,bridge,budget_flops,H,cost_function,status,reason,N_B,D_B,N_physical,D_physical,Q_A,Q_B,Q_status,p_status,predicted_loss,compute_cost,quality_cost,attention_cost,total_cost,budget_residual,budget_utilization,active_constraints,support_status,marginal_gain_per_flop,uncertainty_label,coarse_points,solver_success,solver_message,quality_cost_function_selected,p_support_indices,p_mixture_loss,p_mixture_delta,p_mode,p_lp_check,main_display_H,quality_cost_variant,kkt_residual,equality_residual,lagrange_multiplier,marginal_method,comparison_scope,g_Q,g_Q0,g_prime_Q
S01_QREF_QA_H2_B1_R06_ADD,2,quality_reference,H2,1e+18,2048,G_EXP,OPTIMAL,,0.07824857331866779,1.9938507428190209,78248573.31866778,1993850742.8190207,0.5695341857475174,0.6,SCENARIO_OPTIMIZED_BOUNDED,FIXED_P0_NOT_OPTIMIZED,3.55399615594371,9.360958562157263e+17,0.0,6.390414378432692e+16,1.0000000000000532e+18,-53248.0,1.0000000000000533,BUDGET_BINDING;Q_MAPPING_REFERENCE;QUALITY_COST_INACTIVE,N_IN_SUPPORT;D_IN_SUPPORT;Q_IN_SUPPORT;SCENARIO_ONLY,2.8616745176845982e-19,SCENARIO_ONLY_STRUCTURAL,1,True,Optimization terminated successfully,False,0;1;2;3;4;5;6;7;8;9;10;11;12;13;14;15;16,5.341323051037762,0.0,FIXED_P0,NOT_OPTIMIZED,True,True,9.565800354990519e-09,5.3248e-14,2.8616745004150733e-19,CENTRAL_DIFFERENCE,REQUIRED_PRIMARY_QUALITY_REFERENCE,304840962.89390785,304840962.89390785,1829045777.363447
S01_QREF_QA_H2_B1_R06_ADD,2,quality_reference,H2,1e+18,2048,G_POWER,OPTIMAL,,0.07824857331866779,1.9938507428190209,78248573.31866778,1993850742.8190207,0.5695341857475174,0.6,SCENARIO_OPTIMIZED_BOUNDED,FIXED_P0_NOT_OPTIMIZED,3.55399615594371,9.360958562157263e+17,0.0,6.390414378432692e+16,1.0000000000000532e+18,-53248.0,1.0000000000000533,BUDGET_BINDING;Q_MAPPING_REFERENCE;QUALITY_COST_INACTIVE,N_IN_SUPPORT;D_IN_SUPPORT;Q_IN_SUPPORT;SCENARIO_ONLY,2.8616745176845982e-19,SCENARIO_ONLY_STRUCTURAL,1,True,Optimization terminated successfully,False,0;1;2;3;4;5;6;7;8;9;10;11;12;13;14;15;16,5.341323051037762,0.0,FIXED_P0,NOT_OPTIMIZED,True,True,9.565800354990519e-09,5.3248e-14,2.8616745004150733e-19,CENTRAL_DIFFERENCE,REQUIRED_PRIMARY_QUALITY_REFERENCE,526076853.00329435,526076853.00329435,3694786835.7564178
S01_QREF_QA_H2_B1_R06_ADD,2,quality_reference,H2,1e+18,2048,G_LOG,OPTIMAL,,0.07824857331866779,1.9938507428190209,78248573.31866778,1993850742.8190207,0.5695341857475174,0.6,SCENARIO_OPTIMIZED_BOUNDED,FIXED_P0_NOT_OPTIMIZED,3.55399615594371,9.360958562157263e+17,0.0,6.390414378432692e+16,1.0000000000000532e+18,-53248.0,1.0000000000000533,BUDGET_BINDING;Q_MAPPING_REFERENCE;QUALITY_COST_INACTIVE,N_IN_SUPPORT;D_IN_SUPPORT;Q_IN_SUPPORT;SCENARIO_ONLY,2.8616745176845982e-19,SCENARIO_ONLY_STRUCTURAL,1,True,Optimization terminated successfully,False,0;1;2;3;4;5;6;7;8;9;10;11;12;13;14;15;16,5.341323051037762,0.0,FIXED_P0,NOT_OPTIMIZED,True,True,9.565800354990519e-09,5.3248e-14,2.8616745004150733e-19,CENTRAL_DIFFERENCE,REQUIRED_PRIMARY_QUALITY_REFERENCE,3802824078.8979445,3802824078.8979445,2987151429.4181294
S01_QREF_QA_H2_B1_R06_ADD,2,quality_reference,H2,1e+18,4096,G_EXP,OPTIMAL,,0.07609028747854196,1.927246861250937,76090287.47854196,1927246861.250937,0.5695341857475174,0.6,SCENARIO_OPTIMIZED_BOUNDED,FIXED_P0_NOT_OPTIMIZED,3.5718074333091527,8.798686062882089e+17,0.0,1.2013139371188344e+17,1.0000000000000923e+18,-92288.0,1.0000000000000924,BUDGET_BINDING;Q_MAPPING_REFERENCE;QUALITY_COST_INACTIVE,N_IN_SUPPORT;D_IN_SUPPORT;Q_IN_SUPPORT;SCENARIO_ONLY,2.8890160674643893e-19,SCENARIO_ONLY_STRUCTURAL,1,True,Optimization terminated successfully,False,0;1;2;3;4;5;6;7;8;9;10;11;12;13;14;15;16,5.341323051037762,0.0,FIXED_P0,NOT_OPTIMIZED,False,True,2.793231703040169e-08,9.2288e-14,2.889016074964868e-19,CENTRAL_DIFFERENCE,REQUIRED_PRIMARY_QUALITY_REFERENCE,304840962.89390785,304840962.89390785,1829045777.363447
S01_QREF_QA_H2_B1_R06_ADD,2,quality_reference,H2,1e+18,4096,G_POWER,OPTIMAL,,0.07609028747854196,1.927246861250937,76090287.47854196,1927246861.250937,0.5695341857475174,0.6,SCENARIO_OPTIMIZED_BOUNDED,FIXED_P0_NOT_OPTIMIZED,3.5718074333091527,8.798686062882089e+17,0.0,1.2013139371188344e+17,1.0000000000000923e+18,-92288.0,1.0000000000000924,BUDGET_BINDING;Q_MAPPING_REFERENCE;QUALITY_COST_INACTIVE,N_IN_SUPPORT;D_IN_SUPPORT;Q_IN_SUPPORT;SCENARIO_ONLY,2.8890160674643893e-19,SCENARIO_ONLY_STRUCTURAL,1,True,Optimization terminated successfully,False,0;1;2;3;4;5;6;7;8;9;10;11;12;13;14;15;16,5.341323051037762,0.0,FIXED_P0,NOT_OPTIMIZED,False,True,2.793231703040169e-08,9.2288e-14,2.889016074964868e-19,CENTRAL_DIFFERENCE,REQUIRED_PRIMARY_QUALITY_REFERENCE,526076853.00329435,526076853.00329435,3694786835.7564178
S01_QREF_QA_H2_B1_R06_ADD,2,quality_reference,H2,1e+18,4096,G_LOG,OPTIMAL,,0.07609028747854196,1.927246861250937,76090287.47854196,1927246861.250937,0.5695341857475174,0.6,SCENARIO_OPTIMIZED_BOUNDED,FIXED_P0_NOT_OPTIMIZED,3.5718074333091527,8.798686062882089e+17,0.0,1.2013139371188344e+17,1.0000000000000923e+18,-92288.0,1.0000000000000924,BUDGET_BINDING;Q_MAPPING_REFERENCE;QUALITY_COST_INACTIVE,N_IN_SUPPORT;D_IN_SUPPORT;Q_IN_SUPPORT;SCENARIO_ONLY,2.8890160674643893e-19,SCENARIO_ONLY_STRUCTURAL,1,True,Optimization terminated successfully,False,0;1;2;3;4;5;6;7;8;9;10;11;12;13;14;15;16,5.341323051037762,0.0,FIXED_P0,NOT_OPTIMIZED,False,True,2.793231703040169e-08,9.2288e-14,2.889016074964868e-19,CENTRAL_DIFFERENCE,REQUIRED_PRIMARY_QUALITY_REFERENCE,3802824078.8979445,3802824078.8979445,2987151429.4181294
S01_QREF_QA_H2_B1_R06_ADD,2,quality_reference,H2,1e+18,8192,G_EXP,OPTIMAL,,0.0722908526219786,1.8109825085580342,72290852.6219786,1810982508.5580342,0.5695341857475174,0.6,SCENARIO_OPTIMIZED_BOUNDED,FIXED_P0_NOT_OPTIMIZED,3.604869208894043,7.855048177628996e+17,0.0,2.1449518223712246e+17,1.000000000000022e+18,-22016.0,1.000000000000022,BUDGET_BINDING;Q_MAPPING_REFERENCE;QUALITY_COST_INACTIVE,N_IN_SUPPORT;D_IN_SUPPORT;Q_IN_SUPPORT;SCENARIO_ONLY,2.9397681928333696e-19,SCENARIO_ONLY_STRUCTURAL,1,True,Optimization terminated successfully,False,0;1;2;3;4;5;6;7;8;9;10;11;12;13;14;15;16,5.341323051037762,0.0,FIXED_P0,NOT_OPTIMIZED,False,True,1.6907205465848616e-08,2.2016e-14,2.939768169060907e-19,CENTRAL_DIFFERENCE,REQUIRED_PRIMARY_QUALITY_REFERENCE,304840962.89390785,304840962.89390785,1829045777.363447
S01_QREF_QA_H2_B1_R06_ADD,2,quality_reference,H2,1e+18,8192,G_POWER,OPTIMAL,,0.0722908526219786,1.8109825085580342,72290852.6219786,1810982508.5580342,0.5695341857475174,0.6,SCENARIO_OPTIMIZED_BOUNDED,FIXED_P0_NOT_OPTIMIZED,3.604869208894043,7.855048177628996e+17,0.0,2.1449518223712246e+17,1.000000000000022e+18,-22016.0,1.000000000000022,BUDGET_BINDING;Q_MAPPING_REFERENCE;QUALITY_COST_INACTIVE,N_IN_SUPPORT;D_IN_SUPPORT;Q_IN_SUPPORT;SCENARIO_ONLY,2.9397681928333696e-19,SCENARIO_ONLY_STRUCTURAL,1,True,Optimization terminated successfully,False,0;1;2;3;4;5;6;7;8;9;10;11;12;13;14;15;16,5.341323051037762,0.0,FIXED_P0,NOT_OPTIMIZED,False,True,1.6907205465848616e-08,2.2016e-14,2.939768169060907e-19,CENTRAL_DIFFERENCE,REQUIRED_PRIMARY_QUALITY_REFERENCE,526076853.00329435,526076853.00329435,3694786835.7564178
S01_QREF_QA_H2_B1_R06_ADD,2,quality_reference,H2,1e+18,8192,G_LOG,OPTIMAL,,0.0722908526219786,1.8109825085580342,72290852.6219786,1810982508.5580342,0.5695341857475174,0.6,SCENARIO_OPTIMIZED_BOUNDED,FIXED_P0_NOT_OPTIMIZED,3.604869208894043,7.855048177628996e+17,0.0,2.1449518223712246e+17,1.000000000000022e+18,-22016.0,1.000000000000022,BUDGET_BINDING;Q_MAPPING_REFERENCE;QUALITY_COST_INACTIVE,N_IN_SUPPORT;D_IN_SUPPORT;Q_IN_SUPPORT;SCENARIO_ONLY,2.9397681928333696e-19,SCENARIO_ONLY_STRUCTURAL,1,True,Optimization terminated successfully,False,0;1;2;3;4;5;6;7;8;9;10;11;12;13;14;15;16,5.341323051037762,0.0,FIXED_P0,NOT_OPTIMIZED,False,True,1.6907205465848616e-08,2.2016e-14,2.939768169060907e-19,CENTRAL_DIFFERENCE,REQUIRED_PRIMARY_QUALITY_REFERENCE,3802824078.8979445,3802824078.8979445,2987151429.4181294
S01_QREF_QA_H2_B1_R06_ADD,2,quality_reference,H2,1e+18,32768,G_EXP,OPTIMAL,,0.070542,1.1292339978309889,70542000.0,1129233997.830989,0.5695341857475174,0.6,SCENARIO_OPTIMIZED_BOUNDED,FIXED_P0_NOT_OPTIMIZED,3.760548675946571,4.7795054804996166e+17,0.0,5.220494519500381e+17,9.999999999999997e+17,256.0,0.9999999999999998,BUDGET_BINDING;N_LOWER;Q_MAPPING_REFERENCE;QUALITY_COST_INACTIVE,N_BOUNDARY;D_IN_SUPPORT;Q_IN_SUPPORT;SCENARIO_ONLY,3.355247772218739e-19,SCENARIO_ONLY_STRUCTURAL,1,True,Optimization terminated successfully,False,0;1;2;3;4;5;6;7;8;9;10;11;12;13;14;15;16,5.341323051037762,0.0,FIXED_P0,NOT_OPTIMIZED,False,True,0.0,-2.56e-16,3.355247708558551e-19,CENTRAL_DIFFERENCE,REQUIRED_PRIMARY_QUALITY_REFERENCE,304840962.89390785,304840962.89390785,1829045777.363447
S01_QREF_QA_H2_B1_R06_ADD,2,quality_reference,H2,1e+18,32768,G_POWER,OPTIMAL,,0.070542,1.1292339978309889,70542000.0,1129233997.830989,0.5695341857475174,0.6,SCENARIO_OPTIMIZED_BOUNDED,FIXED_P0_NOT_OPTIMIZED,3.760548675946571,4.7795054804996166e+17,0.0,5.220494519500381e+17,9.999999999999997e+17,256.0,0.9999999999999998,BUDGET_BINDING;N_LOWER;Q_MAPPING_REFERENCE;QUALITY_COST_INACTIVE,N_BOUNDARY;D_IN_SUPPORT;Q_IN_SUPPORT;SCENARIO_ONLY,3.355247772218739e-19,SCENARIO_ONLY_STRUCTURAL,1,True,Optimization terminated successfully,False,0;1;2;3;4;5;6;7;8;9;10;11;12;13;14;15;16,5.341323051037762,0.0,FIXED_P0,NOT_OPTIMIZED,False,True,0.0,-2.56e-16,3.355247708558551e-19,CENTRAL_DIFFERENCE,REQUIRED_PRIMARY_QUALITY_REFERENCE,526076853.00329435,526076853.00329435,3694786835.7564178
S01_QREF_QA_H2_B1_R06_ADD,2,quality_reference,H2,1e+18,32768,G_LOG,OPTIMAL,,0.070542,1.1292339978309889,70542000.0,1129233997.830989,0.5695341857475174,0.6,SCENARIO_OPTIMIZED_BOUNDED,FIXED_P0_NOT_OPTIMIZED,3.760548675946571,4.7795054804996166e+17,0.0,5.220494519500381e+17,9.999999999999997e+17,256.0,0.9999999999999998,BUDGET_BINDING;N_LOWER;Q_MAPPING_REFERENCE;QUALITY_COST_INACTIVE,N_BOUNDARY;D_IN_SUPPORT;Q_IN_SUPPORT;SCENARIO_ONLY,3.355247772218739e-19,SCENARIO_ONLY_STRUCTURAL,1,True,Optimization terminated successfully,False,0;1;2;3;4;5;6;7;8;9;10;11;12;13;14;15;16,5.341323051037762,0.0,FIXED_P0,NOT_OPTIMIZED,False,True,0.0,-2.56e-16,3.355247708558551e-19,CENTRAL_DIFFERENCE,REQUIRED_PRIMARY_QUALITY_REFERENCE,3802824078.8979445,3802824078.8979445,2987151429.4181294
S01_QREF_QA_H2_B1_R06_ADD,2,quality_reference,H2,1e+18,131072,G_EXP,OPTIMAL,,0.070542,0.44005016126859753,70542000.0,440050161.26859754,0.5695341857475174,0.6,SCENARIO_OPTIMIZED_BOUNDED,FIXED_P0_NOT_OPTIMIZED,4.122370978974283,1.8625211085725642e+17,0.0,8.137478891427438e+17,1.0000000000000003e+18,-256.0,1.0000000000000002,BUDGET_BINDING;N_LOWER;Q_MAPPING_REFERENCE;QUALITY_COST_INACTIVE,N_BOUNDARY;D_IN_SUPPORT;Q_IN_SUPPORT;SCENARIO_ONLY,4.367909175106987e-19,SCENARIO_ONLY_STRUCTURAL,1,True,Optimization terminated successfully,False,0;1;2;3;4;5;6;7;8;9;10;11;12;13;14;15;16,5.341323051037762,0.0,FIXED_P0,NOT_OPTIMIZED,False,True,0.0,2.56e-16,4.367909198776943e-19,CENTRAL_DIFFERENCE,REQUIRED_PRIMARY_QUALITY_REFERENCE,304840962.89390785,304840962.89390785,1829045777.363447
S01_QREF_QA_H2_B1_R06_ADD,2,quality_reference,H2,1e+18,131072,G_POWER,OPTIMAL,,0.070542,0.44005016126859753,70542000.0,440050161.26859754,0.5695341857475174,0.6,SCENARIO_OPTIMIZED_BOUNDED,FIXED_P0_NOT_OPTIMIZED,4.122370978974283,1.8625211085725642e+17,0.0,8.137478891427438e+17,1.0000000000000003e+18,-256.0,1.0000000000000002,BUDGET_BINDING;N_LOWER;Q_MAPPING_REFERENCE;QUALITY_COST_INACTIVE,N_BOUNDARY;D_IN_SUPPORT;Q_IN_SUPPORT;SCENARIO_ONLY,4.367909175106987e-19,SCENARIO_ONLY_STRUCTURAL,1,True,Optimization terminated successfully,False,0;1;2;3;4;5;6;7;8;9;10;11;12;13;14;15;16,5.341323051037762,0.0,FIXED_P0,NOT_OPTIMIZED,False,True,0.0,2.56e-16,4.367909198776943e-19,CENTRAL_DIFFERENCE,REQUIRED_PRIMARY_QUALITY_REFERENCE,526076853.00329435,526076853.00329435,3694786835.7564178
S01_QREF_QA_H2_B1_R06_ADD,2,quality_reference,H2,1e+18,131072,G_LOG,OPTIMAL,,0.070542,0.44005016126859753,70542000.0,440050161.26859754,0.5695341857475174,0.6,SCENARIO_OPTIMIZED_BOUNDED,FIXED_P0_NOT_OPTIMIZED,4.122370978974283,1.8625211085725642e+17,0.0,8.137478891427438e+17,1.0000000000000003e+18,-256.0,1.0000000000000002,BUDGET_BINDING;N_LOWER;Q_MAPPING_REFERENCE;QUALITY_COST_INACTIVE,N_BOUNDARY;D_IN_SUPPORT;Q_IN_SUPPORT;SCENARIO_ONLY,4.367909175106987e-19,SCENARIO_ONLY_STRUCTURAL,1,True,Optimization terminated successfully,False,0;1;2;3;4;5;6;7;8;9;10;11;12;13;14;15;16,5.341323051037762,0.0,FIXED_P0,NOT_OPTIMIZED,False,True,0.0,2.56e-16,4.367909198776943e-19,CENTRAL_DIFFERENCE,REQUIRED_PRIMARY_QUALITY_REFERENCE,3802824078.8979445,3802824078.8979445,2987151429.4181294
S01_QREF_QA_H2_B1_R06_ADD,2,quality_reference,H2,1e+20,2048,G_EXP,OPTIMAL,,0.6259225659926011,24.92576310753965,625922565.9926012,24925763107.53965,0.5695341857475174,0.6,SCENARIO_OPTIMIZED_BOUNDED,FIXED_P0_NOT_OPTIMIZED,2.6091420258649736,9.360958562156957e+19,0.0,6.390414378432483e+18,1.0000000000000205e+20,-2048000.0,1.0000000000000204,BUDGET_BINDING;Q_MAPPING_REFERENCE;QUALITY_COST_INACTIVE,N_IN_SUPPORT;D_IN_SUPPORT;Q_IN_SUPPORT;SCENARIO_ONLY,1.4112577020553018e-21,SCENARIO_ONLY_STRUCTURAL,1,True,Optimization terminated successfully,False,0;1;2;3;4;5;6;7;8;9;10;11;12;13;14;15;16,5.341323051037762,0.0,FIXED_P0,NOT_OPTIMIZED,True,True,1.0968313764252525e-08,2.048e-14,1.41125770418942e-21,CENTRAL_DIFFERENCE,REQUIRED_PRIMARY_QUALITY_REFERENCE,304840962.89390785,304840962.89390785,1829045777.363447
S01_QREF_QA_H2_B1_R06_ADD,2,quality_reference,H2,1e+20,2048,G_POWER,OPTIMAL,,0.6259225659926011,24.92576310753965,625922565.9926012,24925763107.53965,0.5695341857475174,0.6,SCENARIO_OPTIMIZED_BOUNDED,FIXED_P0_NOT_OPTIMIZED,2.6091420258649736,9.360958562156957e+19,0.0,6.390414378432483e+18,1.0000000000000205e+20,-2048000.0,1.0000000000000204,BUDGET_BINDING;Q_MAPPING_REFERENCE;QUALITY_COST_INACTIVE,N_IN_SUPPORT;D_IN_SUPPORT;Q_IN_SUPPORT;SCENARIO_ONLY,1.4112577020553018e-21,SCENARIO_ONLY_STRUCTURAL,1,True,Optimization terminated successfully,False,0;1;2;3;4;5;6;7;8;9;10;11;12;13;14;15;16,5.341323051037762,0.0,FIXED_P0,NOT_OPTIMIZED,True,True,1.0968313764252525e-08,2.048e-14,1.41125770418942e-21,CENTRAL_DIFFERENCE,REQUIRED_PRIMARY_QUALITY_REFERENCE,526076853.00329435,526076853.00329435,3694786835.7564178
S01_QREF_QA_H2_B1_R06_ADD,2,quality_reference,H2,1e+20,2048,G_LOG,OPTIMAL,,0.6259225659926011,24.92576310753965,625922565.9926012,24925763107.53965,0.5695341857475174,0.6,SCENARIO_OPTIMIZED_BOUNDED,FIXED_P0_NOT_OPTIMIZED,2.6091420258649736,9.360958562156957e+19,0.0,6.390414378432483e+18,1.0000000000000205e+20,-2048000.0,1.0000000000000204,BUDGET_BINDING;Q_MAPPING_REFERENCE;QUALITY_COST_INACTIVE,N_IN_SUPPORT;D_IN_SUPPORT;Q_IN_SUPPORT;SCENARIO_ONLY,1.4112577020553018e-21,SCENARIO_ONLY_STRUCTURAL,1,True,Optimization terminated successfully,False,0;1;2;3;4;5;6;7;8;9;10;11;12;13;14;15;16,5.341323051037762,0.0,FIXED_P0,NOT_OPTIMIZED,True,True,1.0968313764252525e-08,2.048e-14,1.41125770418942e-21,CENTRAL_DIFFERENCE,REQUIRED_PRIMARY_QUALITY_REFERENCE,3802824078.8979445,3802824078.8979445,2987151429.4181294
S01_QREF_QA_H2_B1_R06_ADD,2,quality_reference,H2,1e+20,4096,G_EXP,OPTIMAL,,0.6086582793210938,24.093119685857925,608658279.3210938,24093119685.857925,0.5695341857475174,0.6,SCENARIO_OPTIMIZED_BOUNDED,FIXED_P0_NOT_OPTIMIZED,2.6179257999138215,8.798686062882873e+19,0.0,1.2013139371189418e+19,1.0000000000001815e+20,-18153472.0,1.0000000000001816,BUDGET_BINDING;Q_MAPPING_REFERENCE;QUALITY_COST_INACTIVE,N_IN_SUPPORT;D_IN_SUPPORT;Q_IN_SUPPORT;SCENARIO_ONLY,1.424741406230723e-21,SCENARIO_ONLY_STRUCTURAL,1,True,Optimization terminated successfully,False,0;1;2;3;4;5;6;7;8;9;10;11;12;13;14;15;16,5.341323051037762,0.0,FIXED_P0,NOT_OPTIMIZED,False,True,1.1142109143362872e-08,1.8153472e-13,1.4247414081072259e-21,CENTRAL_DIFFERENCE,REQUIRED_PRIMARY_QUALITY_REFERENCE,304840962.89390785,304840962.89390785,1829045777.363447
S01_QREF_QA_H2_B1_R06_ADD,2,quality_reference,H2,1e+20,4096,G_POWER,OPTIMAL,,0.6086582793210938,24.093119685857925,608658279.3210938,24093119685.857925,0.5695341857475174,0.6,SCENARIO_OPTIMIZED_BOUNDED,FIXED_P0_NOT_OPTIMIZED,2.6179257999138215,8.798686062882873e+19,0.0,1.2013139371189418e+19,1.0000000000001815e+20,-18153472.0,1.0000000000001816,BUDGET_BINDING;Q_MAPPING_REFERENCE;QUALITY_COST_INACTIVE,N_IN_SUPPORT;D_IN_SUPPORT;Q_IN_SUPPORT;SCENARIO_ONLY,1.424741406230723e-21,SCENARIO_ONLY_STRUCTURAL,1,True,Optimization terminated successfully,False,0;1;2;3;4;5;6;7;8;9;10;11;12;13;14;15;16,5.341323051037762,0.0,FIXED_P0,NOT_OPTIMIZED,False,True,1.1142109143362872e-08,1.8153472e-13,1.4247414081072259e-21,CENTRAL_DIFFERENCE,REQUIRED_PRIMARY_QUALITY_REFERENCE,526076853.00329435,526076853.00329435,3694786835.7564178
S01_QREF_QA_H2_B1_R06_ADD,2,quality_reference,H2,1e+20,4096,G_LOG,OPTIMAL,,0.6086582793210938,24.093119685857925,608658279.3210938,24093119685.857925,0.5695341857475174,0.6,SCENARIO_OPTIMIZED_BOUNDED,FIXED_P0_NOT_OPTIMIZED,2.6179257999138215,8.798686062882873e+19,0.0,1.2013139371189418e+19,1.0000000000001815e+20,-18153472.0,1.0000000000001816,BUDGET_BINDING;Q_MAPPING_REFERENCE;QUALITY_COST_INACTIVE,N_IN_SUPPORT;D_IN_SUPPORT;Q_IN_SUPPORT;SCENARIO_ONLY,1.424741406230723e-21,SCENARIO_ONLY_STRUCTURAL,1,True,Optimization terminated successfully,False,0;1;2;3;4;5;6;7;8;9;10;11;12;13;14;15;16,5.341323051037762,0.0,FIXED_P0,NOT_OPTIMIZED,False,True,1.1142109143362872e-08,1.8153472e-13,1.4247414081072259e-21,CENTRAL_DIFFERENCE,REQUIRED_PRIMARY_QUALITY_REFERENCE,3802824078.8979445,3802824078.8979445,2987151429.4181294
S01_QREF_QA_H2_B1_R06_ADD,2,quality_reference,H2,1e+20,8192,G_EXP,OPTIMAL,,0.5782658826253586,22.6396669007645,578265882.6253586,22639666900.7645,0.5695341857475174,0.6,SCENARIO_OPTIMIZED_BOUNDED,FIXED_P0_NOT_OPTIMIZED,2.634230479271393,7.85504817762882e+19,0.0,2.1449518223711764e+19,9.999999999999997e+19,32768.0,0.9999999999999997,BUDGET_BINDING;Q_MAPPING_REFERENCE;QUALITY_COST_INACTIVE,N_IN_SUPPORT;D_IN_SUPPORT;Q_IN_SUPPORT;SCENARIO_ONLY,1.449770223205249e-21,SCENARIO_ONLY_STRUCTURAL,1,True,Optimization terminated successfully,False,0;1;2;3;4;5;6;7;8;9;10;11;12;13;14;15;16,5.341323051037762,0.0,FIXED_P0,NOT_OPTIMIZED,False,True,1.451368779103369e-09,-3.2768e-16,1.4497702179307827e-21,CENTRAL_DIFFERENCE,REQUIRED_PRIMARY_QUALITY_REFERENCE,304840962.89390785,304840962.89390785,1829045777.363447
S01_QREF_QA_H2_B1_R06_ADD,2,quality_reference,H2,1e+20,8192,G_POWER,OPTIMAL,,0.5782658826253586,22.6396669007645,578265882.6253586,22639666900.7645,0.5695341857475174,0.6,SCENARIO_OPTIMIZED_BOUNDED,FIXED_P0_NOT_OPTIMIZED,2.634230479271393,7.85504817762882e+19,0.0,2.1449518223711764e+19,9.999999999999997e+19,32768.0,0.9999999999999997,BUDGET_BINDING;Q_MAPPING_REFERENCE;QUALITY_COST_INACTIVE,N_IN_SUPPORT;D_IN_SUPPORT;Q_IN_SUPPORT;SCENARIO_ONLY,1.449770223205249e-21,SCENARIO_ONLY_STRUCTURAL,1,True,Optimization terminated successfully,False,0;1;2;3;4;5;6;7;8;9;10;11;12;13;14;15;16,5.341323051037762,0.0,FIXED_P0,NOT_OPTIMIZED,False,True,1.451368779103369e-09,-3.2768e-16,1.4497702179307827e-21,CENTRAL_DIFFERENCE,REQUIRED_PRIMARY_QUALITY_REFERENCE,526076853.00329435,526076853.00329435,3694786835.7564178
S01_QREF_QA_H2_B1_R06_ADD,2,quality_reference,H2,1e+20,8192,G_LOG,OPTIMAL,,0.5782658826253586,22.6396669007645,578265882.6253586,22639666900.7645,0.5695341857475174,0.6,SCENARIO_OPTIMIZED_BOUNDED,FIXED_P0_NOT_OPTIMIZED,2.634230479271393,7.85504817762882e+19,0.0,2.1449518223711764e+19,9.999999999999997e+19,32768.0,0.9999999999999997,BUDGET_BINDING;Q_MAPPING_REFERENCE;QUALITY_COST_INACTIVE,N_IN_SUPPORT;D_IN_SUPPORT;Q_IN_SUPPORT;SCENARIO_ONLY,1.449770223205249e-21,SCENARIO_ONLY_STRUCTURAL,1,True,Optimization terminated successfully,False,0;1;2;3;4;5;6;7;8;9;10;11;12;13;14;15;16,5.341323051037762,0.0,FIXED_P0,NOT_OPTIMIZED,False,True,1.451368779103369e-09,-3.2768e-16,1.4497702179307827e-21,CENTRAL_DIFFERENCE,REQUIRED_PRIMARY_QUALITY_REFERENCE,3802824078.8979445,3802824078.8979445,2987151429.4181294
S01_QREF_QA_H2_B1_R06_ADD,2,quality_reference,H2,1e+20,32768,G_EXP,OPTIMAL,,0.46206655577612377,17.2395997241593,462066555.77612376,17239599724.1593,0.5695341857475174,0.6,SCENARIO_OPTIMIZED_BOUNDED,FIXED_P0_NOT_OPTIMIZED,2.7090756318304376,4.779505480500781e+19,0.0,5.220494519501653e+19,1.0000000000002435e+20,-24346624.0,1.0000000000002434,BUDGET_BINDING;Q_MAPPING_REFERENCE;QUALITY_COST_INACTIVE,N_IN_SUPPORT;D_IN_SUPPORT;Q_IN_SUPPORT;SCENARIO_ONLY,1.5646627387511103e-21,SCENARIO_ONLY_STRUCTURAL,1,True,Optimization terminated successfully,False,0;1;2;3;4;5;6;7;8;9;10;11;12;13;14;15;16,5.341323051037762,0.0,FIXED_P0,NOT_OPTIMIZED,False,True,5.1718923308620254e-09,2.4346624e-13,1.5646627291860924e-21,CENTRAL_DIFFERENCE,REQUIRED_PRIMARY_QUALITY_REFERENCE,304840962.89390785,304840962.89390785,1829045777.363447
S01_QREF_QA_H2_B1_R06_ADD,2,quality_reference,H2,1e+20,32768,G_POWER,OPTIMAL,,0.46206655577612377,17.2395997241593,462066555.77612376,17239599724.1593,0.5695341857475174,0.6,SCENARIO_OPTIMIZED_BOUNDED,FIXED_P0_NOT_OPTIMIZED,2.7090756318304376,4.779505480500781e+19,0.0,5.220494519501653e+19,1.0000000000002435e+20,-24346624.0,1.0000000000002434,BUDGET_BINDING;Q_MAPPING_REFERENCE;QUALITY_COST_INACTIVE,N_IN_SUPPORT;D_IN_SUPPORT;Q_IN_SUPPORT;SCENARIO_ONLY,1.5646627387511103e-21,SCENARIO_ONLY_STRUCTURAL,1,True,Optimization terminated successfully,False,0;1;2;3;4;5;6;7;8;9;10;11;12;13;14;15;16,5.341323051037762,0.0,FIXED_P0,NOT_OPTIMIZED,False,True,5.1718923308620254e-09,2.4346624e-13,1.5646627291860924e-21,CENTRAL_DIFFERENCE,REQUIRED_PRIMARY_QUALITY_REFERENCE,526076853.00329435,526076853.00329435,3694786835.7564178
S01_QREF_QA_H2_B1_R06_ADD,2,quality_reference,H2,1e+20,32768,G_LOG,OPTIMAL,,0.46206655577612377,17.2395997241593,462066555.77612376,17239599724.1593,0.5695341857475174,0.6,SCENARIO_OPTIMIZED_BOUNDED,FIXED_P0_NOT_OPTIMIZED,2.7090756318304376,4.779505480500781e+19,0.0,5.220494519501653e+19,1.0000000000002435e+20,-24346624.0,1.0000000000002434,BUDGET_BINDING;Q_MAPPING_REFERENCE;QUALITY_COST_INACTIVE,N_IN_SUPPORT;D_IN_SUPPORT;Q_IN_SUPPORT;SCENARIO_ONLY,1.5646627387511103e-21,SCENARIO_ONLY_STRUCTURAL,1,True,Optimization terminated successfully,False,0;1;2;3;4;5;6;7;8;9;10;11;12;13;14;15;16,5.341323051037762,0.0,FIXED_P0,NOT_OPTIMIZED,False,True,5.1718923308620254e-09,2.4346624e-13,1.5646627291860924e-21,CENTRAL_DIFFERENCE,REQUIRED_PRIMARY_QUALITY_REFERENCE,3802824078.8979445,3802824078.8979445,2987151429.4181294
S01_QREF_QA_H2_B1_R06_ADD,2,quality_reference,H2,1e+20,131072,G_EXP,OPTIMAL,,0.3019289391510982,10.281233247631285,301928939.1510982,10281233247.631285,0.5695341857475174,0.6,SCENARIO_OPTIMIZED_BOUNDED,FIXED_P0_NOT_OPTIMIZED,2.867729717046756,1.8625211085733884e+19,0.0,8.137478891431038e+19,1.0000000000004427e+20,-44269568.0,1.0000000000004428,BUDGET_BINDING;Q_MAPPING_REFERENCE;QUALITY_COST_INACTIVE,N_IN_SUPPORT;D_IN_SUPPORT;Q_IN_SUPPORT;SCENARIO_ONLY,1.8082077958947453e-21,SCENARIO_ONLY_STRUCTURAL,1,True,Optimization terminated successfully,False,0;1;2;3;4;5;6;7;8;9;10;11;12;13;14;15;16,5.341323051037762,0.0,FIXED_P0,NOT_OPTIMIZED,False,True,3.1473064249847138e-09,4.4269568e-13,1.8082077851441295e-21,CENTRAL_DIFFERENCE,REQUIRED_PRIMARY_QUALITY_REFERENCE,304840962.89390785,304840962.89390785,1829045777.363447
S01_QREF_QA_H2_B1_R06_ADD,2,quality_reference,H2,1e+20,131072,G_POWER,OPTIMAL,,0.3019289391510982,10.281233247631285,301928939.1510982,10281233247.631285,0.5695341857475174,0.6,SCENARIO_OPTIMIZED_BOUNDED,FIXED_P0_NOT_OPTIMIZED,2.867729717046756,1.8625211085733884e+19,0.0,8.137478891431038e+19,1.0000000000004427e+20,-44269568.0,1.0000000000004428,BUDGET_BINDING;Q_MAPPING_REFERENCE;QUALITY_COST_INACTIVE,N_IN_SUPPORT;D_IN_SUPPORT;Q_IN_SUPPORT;SCENARIO_ONLY,1.8082077958947453e-21,SCENARIO_ONLY_STRUCTURAL,1,True,Optimization terminated successfully,False,0;1;2;3;4;5;6;7;8;9;10;11;12;13;14;15;16,5.341323051037762,0.0,FIXED_P0,NOT_OPTIMIZED,False,True,3.1473064249847138e-09,4.4269568e-13,1.8082077851441295e-21,CENTRAL_DIFFERENCE,REQUIRED_PRIMARY_QUALITY_REFERENCE,526076853.00329435,526076853.00329435,3694786835.7564178
S01_QREF_QA_H2_B1_R06_ADD,2,quality_reference,H2,1e+20,131072,G_LOG,OPTIMAL,,0.3019289391510982,10.281233247631285,301928939.1510982,10281233247.631285,0.5695341857475174,0.6,SCENARIO_OPTIMIZED_BOUNDED,FIXED_P0_NOT_OPTIMIZED,2.867729717046756,1.8625211085733884e+19,0.0,8.137478891431038e+19,1.0000000000004427e+20,-44269568.0,1.0000000000004428,BUDGET_BINDING;Q_MAPPING_REFERENCE;QUALITY_COST_INACTIVE,N_IN_SUPPORT;D_IN_SUPPORT;Q_IN_SUPPORT;SCENARIO_ONLY,1.8082077958947453e-21,SCENARIO_ONLY_STRUCTURAL,1,True,Optimization terminated successfully,False,0;1;2;3;4;5;6;7;8;9;10;11;12;13;14;15;16,5.341323051037762,0.0,FIXED_P0,NOT_OPTIMIZED,False,True,3.1473064249847138e-09,4.4269568e-13,1.8082077851441295e-21,CENTRAL_DIFFERENCE,REQUIRED_PRIMARY_QUALITY_REFERENCE,3802824078.8979445,3802824078.8979445,2987151429.4181294
S01_QREF_QA_H2_B1_R06_ADD,2,quality_reference,H2,1e+22,2048,G_EXP,OPTIMAL,,5.202388052937086,299.89299999999986,5202388052.937086,299892999999.9999,0.5695341857475174,0.6,SCENARIO_OPTIMIZED_BOUNDED,FIXED_P0_NOT_OPTIMIZED,2.143211279488351,9.360958562156764e+21,0.0,6.390414378432351e+20,1e+22,0.0,1.0,BUDGET_BINDING;D_UPPER;Q_MAPPING_REFERENCE;QUALITY_COST_INACTIVE,N_IN_SUPPORT;D_BOUNDARY;Q_IN_SUPPORT;SCENARIO_ONLY,6.869671302256463e-24,SCENARIO_ONLY_STRUCTURAL,1,True,Optimization terminated successfully,False,0;1;2;3;4;5;6;7;8;9;10;11;12;13;14;15;16,5.341323051037762,0.0,FIXED_P0,NOT_OPTIMIZED,True,True,0.0,0.0,6.86967135433064e-24,CENTRAL_DIFFERENCE,REQUIRED_PRIMARY_QUALITY_REFERENCE,304840962.89390785,304840962.89390785,1829045777.363447
S01_QREF_QA_H2_B1_R06_ADD,2,quality_reference,H2,1e+22,2048,G_POWER,OPTIMAL,,5.202388052937086,299.89299999999986,5202388052.937086,299892999999.9999,0.5695341857475174,0.6,SCENARIO_OPTIMIZED_BOUNDED,FIXED_P0_NOT_OPTIMIZED,2.143211279488351,9.360958562156764e+21,0.0,6.390414378432351e+20,1e+22,0.0,1.0,BUDGET_BINDING;D_UPPER;Q_MAPPING_REFERENCE;QUALITY_COST_INACTIVE,N_IN_SUPPORT;D_BOUNDARY;Q_IN_SUPPORT;SCENARIO_ONLY,6.869671302256463e-24,SCENARIO_ONLY_STRUCTURAL,1,True,Optimization terminated successfully,False,0;1;2;3;4;5;6;7;8;9;10;11;12;13;14;15;16,5.341323051037762,0.0,FIXED_P0,NOT_OPTIMIZED,True,True,0.0,0.0,6.86967135433064e-24,CENTRAL_DIFFERENCE,REQUIRED_PRIMARY_QUALITY_REFERENCE,526076853.00329435,526076853.00329435,3694786835.7564178
S01_QREF_QA_H2_B1_R06_ADD,2,quality_reference,H2,1e+22,2048,G_LOG,OPTIMAL,,5.202388052937086,299.89299999999986,5202388052.937086,299892999999.9999,0.5695341857475174,0.6,SCENARIO_OPTIMIZED_BOUNDED,FIXED_P0_NOT_OPTIMIZED,2.143211279488351,9.360958562156764e+21,0.0,6.390414378432351e+20,1e+22,0.0,1.0,BUDGET_BINDING;D_UPPER;Q_MAPPING_REFERENCE;QUALITY_COST_INACTIVE,N_IN_SUPPORT;D_BOUNDARY;Q_IN_SUPPORT;SCENARIO_ONLY,6.869671302256463e-24,SCENARIO_ONLY_STRUCTURAL,1,True,Optimization terminated successfully,False,0;1;2;3;4;5;6;7;8;9;10;11;12;13;14;15;16,5.341323051037762,0.0,FIXED_P0,NOT_OPTIMIZED,True,True,0.0,0.0,6.86967135433064e-24,CENTRAL_DIFFERENCE,REQUIRED_PRIMARY_QUALITY_REFERENCE,3802824078.8979445,3802824078.8979445,2987151429.4181294
S01_QREF_QA_H2_B1_R06_ADD,2,quality_reference,H2,1e+22,4096,G_EXP,OPTIMAL,,4.889902989222421,299.89299999999986,4889902989.222421,299892999999.9999,0.5695341857475174,0.6,SCENARIO_OPTIMIZED_BOUNDED,FIXED_P0_NOT_OPTIMIZED,2.1475118436570333,8.798686062881272e+21,0.0,1.201313937118723e+21,9.999999999999996e+21,4194304.0,0.9999999999999996,BUDGET_BINDING;D_UPPER;Q_MAPPING_REFERENCE;QUALITY_COST_INACTIVE,N_IN_SUPPORT;D_BOUNDARY;Q_IN_SUPPORT;SCENARIO_ONLY,7.01588039753176e-24,SCENARIO_ONLY_STRUCTURAL,1,True,Optimization terminated successfully,False,0;1;2;3;4;5;6;7;8;9;10;11;12;13;14;15;16,5.341323051037762,0.0,FIXED_P0,NOT_OPTIMIZED,False,True,1.3877787807814457e-17,-4.194304e-16,7.01588047311597e-24,CENTRAL_DIFFERENCE,REQUIRED_PRIMARY_QUALITY_REFERENCE,304840962.89390785,304840962.89390785,1829045777.363447
S01_QREF_QA_H2_B1_R06_ADD,2,quality_reference,H2,1e+22,4096,G_POWER,OPTIMAL,,4.889902989222421,299.89299999999986,4889902989.222421,299892999999.9999,0.5695341857475174,0.6,SCENARIO_OPTIMIZED_BOUNDED,FIXED_P0_NOT_OPTIMIZED,2.1475118436570333,8.798686062881272e+21,0.0,1.201313937118723e+21,9.999999999999996e+21,4194304.0,0.9999999999999996,BUDGET_BINDING;D_UPPER;Q_MAPPING_REFERENCE;QUALITY_COST_INACTIVE,N_IN_SUPPORT;D_BOUNDARY;Q_IN_SUPPORT;SCENARIO_ONLY,7.01588039753176e-24,SCENARIO_ONLY_STRUCTURAL,1,True,Optimization terminated successfully,False,0;1;2;3;4;5;6;7;8;9;10;11;12;13;14;15;16,5.341323051037762,0.0,FIXED_P0,NOT_OPTIMIZED,False,True,1.3877787807814457e-17,-4.194304e-16,7.01588047311597e-24,CENTRAL_DIFFERENCE,REQUIRED_PRIMARY_QUALITY_REFERENCE,526076853.00329435,526076853.00329435,3694786835.7564178
S01_QREF_QA_H2_B1_R06_ADD,2,quality_reference,H2,1e+22,4096,G_LOG,OPTIMAL,,4.889902989222421,299.89299999999986,4889902989.222421,299892999999.9999,0.5695341857475174,0.6,SCENARIO_OPTIMIZED_BOUNDED,FIXED_P0_NOT_OPTIMIZED,2.1475118436570333,8.798686062881272e+21,0.0,1.201313937118723e+21,9.999999999999996e+21,4194304.0,0.9999999999999996,BUDGET_BINDING;D_UPPER;Q_MAPPING_REFERENCE;QUALITY_COST_INACTIVE,N_IN_SUPPORT;D_BOUNDARY;Q_IN_SUPPORT;SCENARIO_ONLY,7.01588039753176e-24,SCENARIO_ONLY_STRUCTURAL,1,True,Optimization terminated successfully,False,0;1;2;3;4;5;6;7;8;9;10;11;12;13;14;15;16,5.341323051037762,0.0,FIXED_P0,NOT_OPTIMIZED,False,True,1.3877787807814457e-17,-4.194304e-16,7.01588047311597e-24,CENTRAL_DIFFERENCE,REQUIRED_PRIMARY_QUALITY_REFERENCE,3802824078.8979445,3802824078.8979445,2987151429.4181294
S01_QREF_QA_H2_B1_R06_ADD,2,quality_reference,H2,1e+22,8192,G_EXP,OPTIMAL,,4.625640730246793,283.02558988443405,4625640730.246793,283025589884.4341,0.5695341857475174,0.6,SCENARIO_OPTIMIZED_BOUNDED,FIXED_P0_NOT_OPTIMIZED,2.1555522177881943,7.855048177629377e+21,0.0,2.1449518223713284e+21,1.0000000000000705e+22,-704643072.0,1.0000000000000704,BUDGET_BINDING;Q_MAPPING_REFERENCE;QUALITY_COST_INACTIVE,N_IN_SUPPORT;D_IN_SUPPORT;Q_IN_SUPPORT;SCENARIO_ONLY,7.149657939686804e-24,SCENARIO_ONLY_STRUCTURAL,1,True,Optimization terminated successfully,False,0;1;2;3;4;5;6;7;8;9;10;11;12;13;14;15;16,5.341323051037762,0.0,FIXED_P0,NOT_OPTIMIZED,False,True,1.9875570023409596e-09,7.04643072e-14,7.149657897859678e-24,CENTRAL_DIFFERENCE,REQUIRED_PRIMARY_QUALITY_REFERENCE,304840962.89390785,304840962.89390785,1829045777.363447
S01_QREF_QA_H2_B1_R06_ADD,2,quality_reference,H2,1e+22,8192,G_POWER,OPTIMAL,,4.625640730246793,283.02558988443405,4625640730.246793,283025589884.4341,0.5695341857475174,0.6,SCENARIO_OPTIMIZED_BOUNDED,FIXED_P0_NOT_OPTIMIZED,2.1555522177881943,7.855048177629377e+21,0.0,2.1449518223713284e+21,1.0000000000000705e+22,-704643072.0,1.0000000000000704,BUDGET_BINDING;Q_MAPPING_REFERENCE;QUALITY_COST_INACTIVE,N_IN_SUPPORT;D_IN_SUPPORT;Q_IN_SUPPORT;SCENARIO_ONLY,7.149657939686804e-24,SCENARIO_ONLY_STRUCTURAL,1,True,Optimization terminated successfully,False,0;1;2;3;4;5;6;7;8;9;10;11;12;13;14;15;16,5.341323051037762,0.0,FIXED_P0,NOT_OPTIMIZED,False,True,1.9875570023409596e-09,7.04643072e-14,7.149657897859678e-24,CENTRAL_DIFFERENCE,REQUIRED_PRIMARY_QUALITY_REFERENCE,526076853.00329435,526076853.00329435,3694786835.7564178
S01_QREF_QA_H2_B1_R06_ADD,2,quality_reference,H2,1e+22,8192,G_LOG,OPTIMAL,,4.625640730246793,283.02558988443405,4625640730.246793,283025589884.4341,0.5695341857475174,0.6,SCENARIO_OPTIMIZED_BOUNDED,FIXED_P0_NOT_OPTIMIZED,2.1555522177881943,7.855048177629377e+21,0.0,2.1449518223713284e+21,1.0000000000000705e+22,-704643072.0,1.0000000000000704,BUDGET_BINDING;Q_MAPPING_REFERENCE;QUALITY_COST_INACTIVE,N_IN_SUPPORT;D_IN_SUPPORT;Q_IN_SUPPORT;SCENARIO_ONLY,7.149657939686804e-24,SCENARIO_ONLY_STRUCTURAL,1,True,Optimization terminated successfully,False,0;1;2;3;4;5;6;7;8;9;10;11;12;13;14;15;16,5.341323051037762,0.0,FIXED_P0,NOT_OPTIMIZED,False,True,1.9875570023409596e-09,7.04643072e-14,7.149657897859678e-24,CENTRAL_DIFFERENCE,REQUIRED_PRIMARY_QUALITY_REFERENCE,3802824078.8979445,3802824078.8979445,2987151429.4181294
S01_QREF_QA_H2_B1_R06_ADD,2,quality_reference,H2,1e+22,32768,G_EXP,OPTIMAL,,3.6961435151958124,215.5176722643398,3696143515.195812,215517672264.3398,0.5695341857475174,0.6,SCENARIO_OPTIMIZED_BOUNDED,FIXED_P0_NOT_OPTIMIZED,2.192462704062896,4.779505480499616e+21,0.0,5.220494519500381e+21,9.999999999999996e+21,4194304.0,0.9999999999999996,BUDGET_BINDING;Q_MAPPING_REFERENCE;QUALITY_COST_INACTIVE,N_IN_SUPPORT;D_IN_SUPPORT;Q_IN_SUPPORT;SCENARIO_ONLY,7.716259579737538e-24,SCENARIO_ONLY_STRUCTURAL,1,True,Optimization terminated successfully,False,0;1;2;3;4;5;6;7;8;9;10;11;12;13;14;15;16,5.341323051037762,0.0,FIXED_P0,NOT_OPTIMIZED,False,True,2.568717580134187e-09,-4.194304e-16,7.716259526179656e-24,CENTRAL_DIFFERENCE,REQUIRED_PRIMARY_QUALITY_REFERENCE,304840962.89390785,304840962.89390785,1829045777.363447
S01_QREF_QA_H2_B1_R06_ADD,2,quality_reference,H2,1e+22,32768,G_POWER,OPTIMAL,,3.6961435151958124,215.5176722643398,3696143515.195812,215517672264.3398,0.5695341857475174,0.6,SCENARIO_OPTIMIZED_BOUNDED,FIXED_P0_NOT_OPTIMIZED,2.192462704062896,4.779505480499616e+21,0.0,5.220494519500381e+21,9.999999999999996e+21,4194304.0,0.9999999999999996,BUDGET_BINDING;Q_MAPPING_REFERENCE;QUALITY_COST_INACTIVE,N_IN_SUPPORT;D_IN_SUPPORT;Q_IN_SUPPORT;SCENARIO_ONLY,7.716259579737538e-24,SCENARIO_ONLY_STRUCTURAL,1,True,Optimization terminated successfully,False,0;1;2;3;4;5;6;7;8;9;10;11;12;13;14;15;16,5.341323051037762,0.0,FIXED_P0,NOT_OPTIMIZED,False,True,2.568717580134187e-09,-4.194304e-16,7.716259526179656e-24,CENTRAL_DIFFERENCE,REQUIRED_PRIMARY_QUALITY_REFERENCE,526076853.00329435,526076853.00329435,3694786835.7564178
S01_QREF_QA_H2_B1_R06_ADD,2,quality_reference,H2,1e+22,32768,G_LOG,OPTIMAL,,3.6961435151958124,215.5176722643398,3696143515.195812,215517672264.3398,0.5695341857475174,0.6,SCENARIO_OPTIMIZED_BOUNDED,FIXED_P0_NOT_OPTIMIZED,2.192462704062896,4.779505480499616e+21,0.0,5.220494519500381e+21,9.999999999999996e+21,4194304.0,0.9999999999999996,BUDGET_BINDING;Q_MAPPING_REFERENCE;QUALITY_COST_INACTIVE,N_IN_SUPPORT;D_IN_SUPPORT;Q_IN_SUPPORT;SCENARIO_ONLY,7.716259579737538e-24,SCENARIO_ONLY_STRUCTURAL,1,True,Optimization terminated successfully,False,0;1;2;3;4;5;6;7;8;9;10;11;12;13;14;15;16,5.341323051037762,0.0,FIXED_P0,NOT_OPTIMIZED,False,True,2.568717580134187e-09,-4.194304e-16,7.716259526179656e-24,CENTRAL_DIFFERENCE,REQUIRED_PRIMARY_QUALITY_REFERENCE,3802824078.8979445,3802824078.8979445,2987151429.4181294
S01_QREF_QA_H2_B1_R06_ADD,2,quality_reference,H2,1e+22,131072,G_EXP,OPTIMAL,,2.4151775030620666,128.52893187714142,2415177503.0620666,128528931877.14142,0.5695341857475174,0.6,SCENARIO_OPTIMIZED_BOUNDED,FIXED_P0_NOT_OPTIMIZED,2.270704236541256,1.8625211085736132e+21,0.0,8.137478891432021e+21,1.0000000000005635e+22,-5635047424.0,1.0000000000005635,BUDGET_BINDING;Q_MAPPING_REFERENCE;QUALITY_COST_INACTIVE,N_IN_SUPPORT;D_IN_SUPPORT;Q_IN_SUPPORT;SCENARIO_ONLY,8.91732152985547e-24,SCENARIO_ONLY_STRUCTURAL,1,True,Optimization terminated successfully,False,0;1;2;3;4;5;6;7;8;9;10;11;12;13;14;15;16,5.341323051037762,0.0,FIXED_P0,NOT_OPTIMIZED,False,True,3.573287366025512e-09,5.635047424e-13,8.91732146750219e-24,CENTRAL_DIFFERENCE,REQUIRED_PRIMARY_QUALITY_REFERENCE,304840962.89390785,304840962.89390785,1829045777.363447
S01_QREF_QA_H2_B1_R06_ADD,2,quality_reference,H2,1e+22,131072,G_POWER,OPTIMAL,,2.4151775030620666,128.52893187714142,2415177503.0620666,128528931877.14142,0.5695341857475174,0.6,SCENARIO_OPTIMIZED_BOUNDED,FIXED_P0_NOT_OPTIMIZED,2.270704236541256,1.8625211085736132e+21,0.0,8.137478891432021e+21,1.0000000000005635e+22,-5635047424.0,1.0000000000005635,BUDGET_BINDING;Q_MAPPING_REFERENCE;QUALITY_COST_INACTIVE,N_IN_SUPPORT;D_IN_SUPPORT;Q_IN_SUPPORT;SCENARIO_ONLY,8.91732152985547e-24,SCENARIO_ONLY_STRUCTURAL,1,True,Optimization terminated successfully,False,0;1;2;3;4;5;6;7;8;9;10;11;12;13;14;15;16,5.341323051037762,0.0,FIXED_P0,NOT_OPTIMIZED,False,True,3.573287366025512e-09,5.635047424e-13,8.91732146750219e-24,CENTRAL_DIFFERENCE,REQUIRED_PRIMARY_QUALITY_REFERENCE,526076853.00329435,526076853.00329435,3694786835.7564178
S01_QREF_QA_H2_B1_R06_ADD,2,quality_reference,H2,1e+22,131072,G_LOG,OPTIMAL,,2.4151775030620666,128.52893187714142,2415177503.0620666,128528931877.14142,0.5695341857475174,0.6,SCENARIO_OPTIMIZED_BOUNDED,FIXED_P0_NOT_OPTIMIZED,2.270704236541256,1.8625211085736132e+21,0.0,8.137478891432021e+21,1.0000000000005635e+22,-5635047424.0,1.0000000000005635,BUDGET_BINDING;Q_MAPPING_REFERENCE;QUALITY_COST_INACTIVE,N_IN_SUPPORT;D_IN_SUPPORT;Q_IN_SUPPORT;SCENARIO_ONLY,8.91732152985547e-24,SCENARIO_ONLY_STRUCTURAL,1,True,Optimization terminated successfully,False,0;1;2;3;4;5;6;7;8;9;10;11;12;13;14;15;16,5.341323051037762,0.0,FIXED_P0,NOT_OPTIMIZED,False,True,3.573287366025512e-09,5.635047424e-13,8.91732146750219e-24,CENTRAL_DIFFERENCE,REQUIRED_PRIMARY_QUALITY_REFERENCE,3802824078.8979445,3802824078.8979445,2987151429.4181294
S03_H1_IDENTITY,4,quality_univariate,H1,1e+18,2048,G_EXP,OPTIMAL,,0.07824855854382472,1.9938511192967021,78248558.54382472,1993851119.2967021,0.5695341857475174,0.5695341857475174,SCENARIO_OPTIMIZED_BOUNDED,FIXED_P0_NOT_OPTIMIZED,3.5604745548983896,9.360958562157505e+17,0.0,6.390414378432858e+16,1.0000000000000791e+18,-79104.0,1.000000000000079,BUDGET_BINDING;Q_REFERENCE_BOUND;QUALITY_COST_INACTIVE,N_IN_SUPPORT;D_IN_SUPPORT;Q_IN_SUPPORT;SCENARIO_ONLY,2.861674517706803e-19,SCENARIO_ONLY_STRUCTURAL,129,True,Optimization terminated successfully,False,0;1;2;3;4;5;6;7;8;9;10;11;12;13;14;15;16,5.341323051037762,0.0,FIXED_P0,NOT_OPTIMIZED,True,True,1.438449928820691e-08,7.9104e-14,2.8616745145211895e-19,CENTRAL_DIFFERENCE,SUPPLEMENTARY_NONDEGENERATE_H1,304840962.89390785,304840962.89390785,1829045777.363447
S03_H1_IDENTITY,4,quality_univariate,H1,1e+18,2048,G_POWER,OPTIMAL,,0.07824856767818338,1.9938508865440439,78248567.67818338,1993850886.5440438,0.5695341857475179,0.5695341857475179,SCENARIO_OPTIMIZED_BOUNDED,FIXED_P0_NOT_OPTIMIZED,3.560474554898408,9.360958562156851e+17,0.0,6.390414378432411e+16,1.0000000000000092e+18,-9216.0,1.0000000000000093,BUDGET_BINDING;Q_REFERENCE_BOUND;QUALITY_COST_INACTIVE,N_IN_SUPPORT;D_IN_SUPPORT;Q_IN_SUPPORT;SCENARIO_ONLY,2.861674517706803e-19,SCENARIO_ONLY_STRUCTURAL,129,True,Optimization terminated successfully,False,0;1;2;3;4;5;6;7;8;9;10;11;12;13;14;15;16,5.341323051037762,0.0,FIXED_P0,NOT_OPTIMIZED,True,True,3.60591359292471e-10,9.216e-15,2.8616745057368342e-19,CENTRAL_DIFFERENCE,SUPPLEMENTARY_NONDEGENERATE_H1,526076853.00329643,526076853.00329435,3694786835.7564282
S03_H1_IDENTITY,4,quality_univariate,H1,1e+18,2048,G_LOG,OPTIMAL,,0.0782485739681391,1.9938507262699254,78248573.9681391,1993850726.2699254,0.5695341857475231,0.5695341857475231,SCENARIO_OPTIMIZED_BOUNDED,FIXED_P0_NOT_OPTIMIZED,3.560474554898384,9.360958562157606e+17,0.0,6.390414378432927e+16,1.0000000000000899e+18,-89856.0,1.00000000000009,BUDGET_BINDING;Q_REFERENCE_BOUND;QUALITY_COST_INACTIVE,N_IN_SUPPORT;D_IN_SUPPORT;Q_IN_SUPPORT;SCENARIO_ONLY,2.861674517706803e-19,SCENARIO_ONLY_STRUCTURAL,129,True,Optimization terminated successfully,False,0;1;2;3;4;5;6;7;8;9;10;11;12;13;14;15;16,5.341323051037762,0.0,FIXED_P0,NOT_OPTIMIZED,True,True,1.0497755503918696e-08,8.9856e-14,2.8616744986323416e-19,CENTRAL_DIFFERENCE,SUPPLEMENTARY_NONDEGENERATE_H1,3802824078.8979616,3802824078.8979445,2987151429.4181037
S03_H1_IDENTITY,4,quality_univariate,H1,1e+20,2048,G_EXP,OPTIMAL,,0.6368281662658902,24.13735975121694,636828166.2658902,24137359751.21694,0.5999999999999999,0.5999999999999999,SCENARIO_OPTIMIZED_BOUNDED,FIXED_P0_NOT_OPTIMIZED,2.6112678755431333,9.222810329320553e+19,1.4757915219867116e+18,6.296105184816165e+18,1.000000000000084e+20,-8404992.0,1.0000000000000842,BUDGET_BINDING;Q_MAPPING_UPPER,N_IN_SUPPORT;D_IN_SUPPORT;Q_IN_SUPPORT;SCENARIO_ONLY,1.424009956885186e-21,SCENARIO_ONLY_STRUCTURAL,129,True,Optimization terminated successfully,False,0;1;2;3;4;5;6;7;8;9;10;11;12;13;14;15;16,5.341323051037762,0.0,FIXED_P0,NOT_OPTIMIZED,True,True,6.61264546468009e-09,8.404992e-14,1.4240099458350234e-21,CENTRAL_DIFFERENCE,SUPPLEMENTARY_NONDEGENERATE_H1,365982344.4367796,304840962.89390785,2195894066.6206775
S03_H1_IDENTITY,4,quality_univariate,H1,1e+20,2048,G_POWER,OPTIMAL,,0.6473407465923627,23.413071406624457,647340746.5923628,23413071406.62446,0.6,0.6,SCENARIO_OPTIMIZED_BOUNDED,FIXED_P0_NOT_OPTIMIZED,2.613334131527536,9.093741074630746e+19,2.85459534675424e+18,6.207993906947923e+18,1.0000000000000962e+20,-9617408.0,1.0000000000000961,BUDGET_BINDING;Q_MAPPING_UPPER,N_IN_SUPPORT;D_IN_SUPPORT;Q_IN_SUPPORT;SCENARIO_ONLY,1.436204298266297e-21,SCENARIO_ONLY_STRUCTURAL,129,True,Optimization terminated successfully,False,0;1;2;3;4;5;6;7;8;9;10;11;12;13;14;15;16,5.341323051037762,0.0,FIXED_P0,NOT_OPTIMIZED,True,True,6.247983525675828e-09,9.617408e-14,1.4362042976574773e-21,CENTRAL_DIFFERENCE,SUPPLEMENTARY_NONDEGENERATE_H1,648000000.0,526076853.00329435,4319999999.999999
S03_H1_IDENTITY,4,quality_univariate,H1,1e+20,2048,G_LOG,OPTIMAL,,0.6416847101133285,23.798539439777816,641684710.1133285,23798539439.777817,0.6,0.6,SCENARIO_OPTIMIZED_BOUNDED,FIXED_P0_NOT_OPTIMIZED,2.612220423516997,9.162695328920666e+19,2.1179800329241308e+18,6.255066677876508e+18,1.0000000000000729e+20,-7290880.0,1.0000000000000728,BUDGET_BINDING;Q_MAPPING_UPPER,N_IN_SUPPORT;D_IN_SUPPORT;Q_IN_SUPPORT;SCENARIO_ONLY,1.4296552639958549e-21,SCENARIO_ONLY_STRUCTURAL,129,True,Optimization terminated successfully,False,0;1;2;3;4;5;6;7;8;9;10;11;12;13;14;15;16,5.341323051037762,0.0,FIXED_P0,NOT_OPTIMIZED,True,True,5.940085558332466e-09,7.29088e-14,1.4296552530914513e-21,CENTRAL_DIFFERENCE,SUPPLEMENTARY_NONDEGENERATE_H1,3891820298.1106267,3802824078.8979445,2857142857.142857
S03_H1_IDENTITY,4,quality_univariate,H1,1e+22,2048,G_EXP,OPTIMAL,,5.19284902062438,299.89299999999986,5192849020.62438,299892999999.9999,0.5999999999999998,0.5999999999999998,SCENARIO_OPTIMIZED_BOUNDED,FIXED_P0_NOT_OPTIMIZED,2.1433373958681714,9.34379442805264e+21,1.8335872335036383e+19,6.378696996217268e+20,1.0000000000009404e+22,-9403629568.0,1.0000000000009404,BUDGET_BINDING;D_UPPER;Q_MAPPING_UPPER,N_IN_SUPPORT;D_BOUNDARY;Q_IN_SUPPORT;SCENARIO_ONLY,6.88658611869286e-24,SCENARIO_ONLY_STRUCTURAL,129,True,Optimization terminated successfully,False,0;1;2;3;4;5;6;7;8;9;10;11;12;13;14;15;16,5.341323051037762,0.0,FIXED_P0,NOT_OPTIMIZED,True,True,0.0,9.403629568e-13,6.886586168033742e-24,CENTRAL_DIFFERENCE,SUPPLEMENTARY_NONDEGENERATE_H1,365982344.43677944,304840962.89390785,2195894066.6206765
S03_H1_IDENTITY,4,quality_univariate,H1,1e+22,2048,G_POWER,OPTIMAL,,5.18336609416078,299.89299999999986,5183366094.16078,299892999999.9999,0.6,0.6,SCENARIO_OPTIMIZED_BOUNDED,FIXED_P0_NOT_OPTIMIZED,2.1434630785435163,9.326731248456949e+21,3.6563898322283033e+19,6.367048532279943e+20,1.0000000000007227e+22,-7226785792.0,1.0000000000007228,BUDGET_BINDING;D_UPPER;Q_MAPPING_UPPER,N_IN_SUPPORT;D_BOUNDARY;Q_IN_SUPPORT;SCENARIO_ONLY,6.903473668717907e-24,SCENARIO_ONLY_STRUCTURAL,129,True,Optimization terminated successfully,False,0;1;2;3;4;5;6;7;8;9;10;11;12;13;14;15;16,5.341323051037762,0.0,FIXED_P0,NOT_OPTIMIZED,True,True,0.0,7.226785792e-13,6.903473711965905e-24,CENTRAL_DIFFERENCE,SUPPLEMENTARY_NONDEGENERATE_H1,648000000.0,526076853.00329435,4319999999.999999
S03_H1_IDENTITY,4,quality_univariate,H1,1e+22,2048,G_LOG,OPTIMAL,,5.188503220935399,299.89299999999986,5188503220.935399,299892999999.9999,0.6,0.6,SCENARIO_OPTIMIZED_BOUNDED,FIXED_P0_NOT_OPTIMIZED,2.1433949550413747,9.335974778615873e+21,2.6689343168348905e+19,6.37335878220177e+20,1.00000000000044e+22,-4399824896.0,1.00000000000044,BUDGET_BINDING;D_UPPER;Q_MAPPING_UPPER,N_IN_SUPPORT;D_BOUNDARY;Q_IN_SUPPORT;SCENARIO_ONLY,6.894316316063964e-24,SCENARIO_ONLY_STRUCTURAL,129,True,Optimization terminated successfully,False,0;1;2;3;4;5;6;7;8;9;10;11;12;13;14;15;16,5.341323051037762,0.0,FIXED_P0,NOT_OPTIMIZED,True,True,1.3877787807814457e-17,4.399824896e-13,6.894316359710697e-24,CENTRAL_DIFFERENCE,SUPPLEMENTARY_NONDEGENERATE_H1,3891820298.1106267,3802824078.8979445,2857142857.142857
