scenario_id,budget_flops,H,N_B,D_B,predicted_loss,active_constraints,support_status,display_state
S00_NULL_M0_B1,1e+18,2048,0.0782485759122463,1.993850676732974,3.553996155943583,BUDGET_BINDING,N_IN_SUPPORT;D_IN_SUPPORT;IDENTIFIED_NULL,内点
S00_NULL_M0_B1,1e+18,4096,0.0760903126252461,1.927246224324693,3.5718074333091696,BUDGET_BINDING,N_IN_SUPPORT;D_IN_SUPPORT;IDENTIFIED_NULL,内点
S00_NULL_M0_B1,1e+18,8192,0.0722908514400304,1.810982538168069,3.604869208893936,BUDGET_BINDING,N_IN_SUPPORT;D_IN_SUPPORT;IDENTIFIED_NULL,内点
S00_NULL_M0_B1,1e+18,32768,0.070542,1.1292339978310362,3.760548675946557,BUDGET_BINDING;N_LOWER,N_BOUNDARY;D_IN_SUPPORT;IDENTIFIED_NULL,N下界
S00_NULL_M0_B1,1e+18,131072,0.070542,0.4400501612685973,4.122370978974283,BUDGET_BINDING;N_LOWER,N_BOUNDARY;D_IN_SUPPORT;IDENTIFIED_NULL,N下界
S00_NULL_M0_B1,1e+20,2048,0.6259226998974462,24.92575777512277,2.609142025864975,BUDGET_BINDING,N_IN_SUPPORT;D_IN_SUPPORT;IDENTIFIED_NULL,内点
S00_NULL_M0_B1,1e+20,4096,0.6086583646493692,24.09311630822092,2.617925799913846,BUDGET_BINDING,N_IN_SUPPORT;D_IN_SUPPORT;IDENTIFIED_NULL,内点
S00_NULL_M0_B1,1e+20,8192,0.5782659901725294,22.639662690198584,2.6342304792713382,BUDGET_BINDING,N_IN_SUPPORT;D_IN_SUPPORT;IDENTIFIED_NULL,内点
S00_NULL_M0_B1,1e+20,32768,0.4620663691742972,17.23960668623431,2.7090756318304443,BUDGET_BINDING,N_IN_SUPPORT;D_IN_SUPPORT;IDENTIFIED_NULL,内点
S00_NULL_M0_B1,1e+20,131072,0.3019289052847569,10.28123440084492,2.867729717046711,BUDGET_BINDING,N_IN_SUPPORT;D_IN_SUPPORT;IDENTIFIED_NULL,内点
S00_NULL_M0_B1,1e+22,2048,5.202388052937086,299.89299999999986,2.143211279488351,BUDGET_BINDING;D_UPPER,N_IN_SUPPORT;D_BOUNDARY;IDENTIFIED_NULL,D上界
S00_NULL_M0_B1,1e+22,4096,4.889902989222422,299.89299999999986,2.1475118436570333,BUDGET_BINDING;D_UPPER,N_IN_SUPPORT;D_BOUNDARY;IDENTIFIED_NULL,D上界
S00_NULL_M0_B1,1e+22,8192,4.625641625430756,283.0255351114989,2.155552217788195,BUDGET_BINDING,N_IN_SUPPORT;D_IN_SUPPORT;IDENTIFIED_NULL,内点
S00_NULL_M0_B1,1e+22,32768,3.696143575075202,215.517668772861,2.19246270406289,BUDGET_BINDING,N_IN_SUPPORT;D_IN_SUPPORT;IDENTIFIED_NULL,内点
S00_NULL_M0_B1,1e+22,131072,2.4151774986859893,128.52893210995998,2.2707042365413006,BUDGET_BINDING,N_IN_SUPPORT;D_IN_SUPPORT;IDENTIFIED_NULL,内点
