path,bytes,mtime_local,sha256
solution/config.json,440,2026-09-24T07:53:19.772429+08:00,224c2ff638b5db2c447dd4aedc121a6b3b9e362d7affda64dabbc267cca498cf
solution/outputs/audit/dataset_registry.csv,5675,2026-09-24T07:59:12.253456+08:00,4848a3d6208de0a0336b5057538010f86b97e46236d58dc730a152862ea89849
solution/outputs/audit/environment.json,512,2026-09-24T07:59:09.212890+08:00,53a889d2c4564b63fac082bb60883b43b4bf2d2ee017f4fbff88185fb6549282
solution/outputs/audit/manifest_summary.json,155,2026-09-24T07:59:12.254456+08:00,4bd3474f3b8e1f033a03920b4937b0e4b4bf6ae9245f8644a05ffab3fde4e20f
solution/outputs/audit/raw_source_manifest.csv,378340,2026-09-24T07:59:12.055090+08:00,e6dc107714e74b204a2afdd04cef7cf1289039df625ff636997ae24215f71175
solution/outputs/figures/mixture_baseline_diagnostics.pdf,48247,2026-09-24T08:00:28.972950+08:00,165de58663b212edf22efa87a58e3e6cede2d24ff3013d578ff6ad3b70bb0adb
solution/outputs/figures/mixture_baseline_diagnostics.png,276606,2026-09-24T08:00:29.206505+08:00,03cb5fb78ce75f6b97cc33af549e1fdabc8fc97f70901d937e75f346ac47ad79
solution/outputs/figures/mixture_baseline_diagnostics.svg,109579,2026-09-24T08:00:28.437847+08:00,614a80b3256d5e8b8658cc9272394877df8e5359721252bf4603c216aad89b37
solution/outputs/figures/mixture_rank_source.csv,1720,2026-09-24T08:00:29.212879+08:00,9e3bfbb3a62b00eb9ed17ac4469efaf38acd6dbe8382d69debfc881c261d44e0
solution/outputs/figures/mixture_scatter_source.csv,33868,2026-09-24T08:00:29.210878+08:00,9a91d02d75dd4d83e938a0a7abc686a27f168c79a3bf1e8eb4062a440a5e6970
solution/outputs/mixture/aggregate_predictions.csv,162603,2026-09-24T07:57:03.554805+08:00,983845c61c45757e4d899d64f4f9c8abc35cd1793f6dac1a71b71288030ee01e
solution/outputs/mixture/audit.json,3350,2026-09-24T07:57:01.049414+08:00,d911dfbf78afa015924f012c2bda1451ae948e86a8728bbaa3c4fb2b77f3495a
solution/outputs/mixture/domain_metrics.csv,17485,2026-09-24T07:57:03.531755+08:00,f7c654b0be77fe49de145b5f883e6a7c4d2ad5214b3dae2aad612c67e2bff0cc
solution/outputs/mixture/est_10b_normalized_mixtures.csv,11648,2026-09-24T07:57:01.042435+08:00,d327c4a3cae5f11702af976bebefa59bbd9ebf8d838772e27dd6c5d34835e14c
solution/outputs/mixture/est_70b_normalized_mixtures.csv,11648,2026-09-24T07:57:01.048839+08:00,d327c4a3cae5f11702af976bebefa59bbd9ebf8d838772e27dd6c5d34835e14c
solution/outputs/mixture/linear_coefficients.csv,4740,2026-09-24T07:57:02.176421+08:00,1e07fcd1f54994d393f6597a6cbea589921db0cb990fb2f793c0cd26e166ca5d
solution/outputs/mixture/linear_est_10b_predictions.csv,21804,2026-09-24T07:57:02.469717+08:00,11fccd21214154af14ad452329a2f47b4807cc25994a9410a238391bfe038a3d
solution/outputs/mixture/linear_est_70b_predictions.csv,21799,2026-09-24T07:57:02.515758+08:00,ad508a44ac6eb4b5e5ae286c681a2e22f89d67cf4f8d9c66048132c5b9d1e039
solution/outputs/mixture/linear_test_1B_predictions.csv,26297,2026-09-24T07:57:02.426697+08:00,1ab08caf4b4ce30f00b73354a7787c084e68e171cdb8a0d839a685626bd7da24
solution/outputs/mixture/linear_test_1m_predictions.csv,122115,2026-09-24T07:57:02.317791+08:00,0d43c8ca3d385c446048b751b0eead4e1ed91fbfa30f2164acedc20ce8de8f99
solution/outputs/mixture/linear_test_60m_predictions.csv,122740,2026-09-24T07:57:02.388915+08:00,84f78f551475eda60871413c5778adc683eafa8e631072d02297308ed7268511
solution/outputs/mixture/linear_train_1m_predictions.csv,243148,2026-09-24T07:57:02.257930+08:00,16a09b09a011fd89d5af5f9a56257015bfd534806c75fe0319b857c2747db494
solution/outputs/mixture/metrics.csv,3105,2026-09-24T07:57:03.527138+08:00,9f9328e82328ba3b4d47acbbe93bc39f5ba5037ced3201602d79ada33e532f0f
solution/outputs/mixture/model.json,77379,2026-09-24T07:57:03.559680+08:00,3ddd88c26476b5965d507c9b242f7e16ea2fd4e9f33bf81a0e0815b86fda3fed
solution/outputs/mixture/observed_training_reference.json,1048,2026-09-24T07:57:05.938110+08:00,928d27ca275f88943a513254d28678aa27df84f22719d38d6fcf33e7321775cc
solution/outputs/mixture/quadratic_coefficients.csv,42218,2026-09-24T07:57:03.120792+08:00,91c5e07cdd514b2967a2118f2fcb5e4ac1d32dec73b02e6813fa55142bf6042d
solution/outputs/mixture/quadratic_est_10b_predictions.csv,21788,2026-09-24T07:57:03.460735+08:00,5fd8a3ef2dd813fd517087912a047f7d19e2b0e5f1962946d582aa8b5e98d85c
solution/outputs/mixture/quadratic_est_70b_predictions.csv,21783,2026-09-24T07:57:03.503642+08:00,a6cc15ca283838dd45d1328bf12ad7793149eff4665e1fa2689ba659d4bd1a9a
solution/outputs/mixture/quadratic_test_1B_predictions.csv,26298,2026-09-24T07:57:03.408627+08:00,fe1a0acaf21466487071f4133977c17d275636c14ba26518f6015f0e4c7c7242
solution/outputs/mixture/quadratic_test_1m_predictions.csv,122205,2026-09-24T07:57:03.278650+08:00,b94c243ed73f3f814839055340f56f9b5e1c38dc135af4fb764e8a1d427a2bda
solution/outputs/mixture/quadratic_test_60m_predictions.csv,122830,2026-09-24T07:57:03.347250+08:00,ba545e84ecf33cdf6f27044f70fc41cec0571fd4dc8b2c30f717b12d9fad2292
solution/outputs/mixture/quadratic_train_1m_predictions.csv,243181,2026-09-24T07:57:03.218973+08:00,d4ce781f5abe1018af868f13a7d1f9b5fc0f59c90474c05e2bef9fb1b6acc0d7
solution/outputs/mixture/test_1B_normalized_mixtures.csv,11721,2026-09-24T07:57:01.036435+08:00,d23369b86bc4fb900bc180ee485b5944ed7b5d4fb9df624c7f0e0410199bff29
solution/outputs/mixture/test_1m_conditional_intervals.json,465,2026-09-24T07:57:05.926244+08:00,5437e31e40b077f398630db2e478539825db20025290fbdbdd7935f5c99a0ba7
solution/outputs/mixture/test_1m_normalized_mixtures.csv,44750,2026-09-24T07:57:01.018823+08:00,ad07408b40077c2d11fb68af9e9c0d753cc8283e7b89cf8c8bca908b533a9b36
solution/outputs/mixture/test_60m_normalized_mixtures.csv,44750,2026-09-24T07:57:01.029514+08:00,ad07408b40077c2d11fb68af9e9c0d753cc8283e7b89cf8c8bca908b533a9b36
solution/outputs/mixture/train_1m_normalized_mixtures.csv,93172,2026-09-24T07:57:01.006008+08:00,bed5231691bd5b6aedf67f5c0b0069f45ec78900339c5f6da147aae3bccdd63c
solution/outputs/quality/audit.json,59991,2026-09-24T08:10:44.323032+08:00,cf73bb6f7be3d4bfe5644cf81089cc70f7ed348ed71ab61f33725c3f5f59a0b1
solution/outputs/quality/domain_summary.csv,8406,2026-09-24T08:10:46.625997+08:00,4204e4db49d6b43ba2de082201df9aa35e31cc1e00ea3647d6b402f62ebc2683
solution/outputs/quality/extension_shift.csv,2357,2026-09-24T08:10:47.375569+08:00,ef9168f5ab9cafdc1f8fb899b3788289933286d9fa7db7cfa3f719b241a2a873
solution/outputs/quality/feature_summary.csv,17523,2026-09-24T08:10:47.144757+08:00,b376efdf4f39bbb2ac57ec7db4de18789197188bd3e61f91dc22905ab35503d8
solution/outputs/quality/normalization.json,3361,2026-09-24T08:10:45.690319+08:00,22c827201ffebdd5a340f65606a8830f39913c1ebb66e511d00b9e03fc488ae8
solution/outputs/quality/semantic_sources/manifest.json,2826,2026-09-24T07:55:49.498322+08:00,40a5837efc7cd0b37b10f749ac492f3ec68fb4511ea06e0576f18186589d05b0
solution/outputs/quality/semantic_sources/meta_rater_feature_order.json,639,2026-09-24T07:55:43.563595+08:00,c20cb75705d05eb4936e41bd713723813bb39f769c2e1a2c8f8170ad4757980a
solution/outputs/quality/semantic_sources/meta_rater_prompt_cleanliness.txt,2974,2026-09-24T07:55:45.995732+08:00,fc50bcc888d7749393ce411b7f4b5b7b9257daf827bd4f510bfa1fb59b23a59d
solution/outputs/quality/semantic_sources/meta_rater_prompt_professionalism.txt,3230,2026-09-24T07:55:47.198734+08:00,0fcf91d3e4ad2a976df8aa7d6ef06f4e66ff5868a9b8e738f5e172d8cebff00b
solution/outputs/quality/semantic_sources/meta_rater_prompt_readability.txt,2352,2026-09-24T07:55:48.286949+08:00,8001f4d206865b8ed51c4512a9589e21ae18bc5da42c981583c3b5d459aee240
solution/outputs/quality/semantic_sources/meta_rater_prompt_reason.txt,3006,2026-09-24T07:55:49.496203+08:00,f6d9febede62b7e222f785686dcc7fb5032d427a27335b96957f4b5bbda29fbe
solution/outputs/quality/semantic_sources/meta_rater_step2_select_data.py,12465,2026-09-24T07:55:42.421758+08:00,9165af732a55104acc81360c1920e886920d5aa9ea87031b9c32c5034ccbef52
solution/outputs/quality/semantic_sources/meta_rater_test_singletask.py,3981,2026-09-24T07:55:44.789675+08:00,667c992cfb195e53dc158c9ecdb746898cde5c270c37daf2aa09cfc744b0570b
solution/outputs/quality/semantic_sources/slimpajama_meta_rater_README.md,11281,2026-09-24T07:55:41.277010+08:00,9999c25261f7575309f3a6e4d1898c300d11ddea6c6e9f6a96f73420a68cd8ef
solution/outputs/scaling/all_fits.json,3400,2026-09-24T08:02:07.248668+08:00,c97f8704ba97e6f3d362220535310cdacb33652847a43b4cff72fd56e3c044d3
solution/outputs/scaling/B10_predictions.csv,10017,2026-09-24T08:02:07.369475+08:00,66802050f6a78653d552b792c0cee2c735124747f9f989c2ac0922b83b3f0287
solution/outputs/scaling/B1_all_predictions.csv,1767794,2026-09-24T08:02:07.245675+08:00,e3fd862aae9ba064185711522bcecbb8db6fe70e1b93204a87144c7e956357d8
solution/outputs/scaling/B1_compute_audit.csv,203422,2026-09-24T08:01:56.820745+08:00,df664a78679115db7a767e6038f9f057ed7a17229a7c83651e56e9b09d2665d6
solution/outputs/scaling/B1_precision_residual_audit.json,1010,2026-09-24T08:02:24.037788+08:00,3b7069233c3e1fc1feaeb340618b5f209fcb92d71e63452060ca0ba85ad2b919
solution/outputs/scaling/B2_compute_audit.csv,163330,2026-09-24T08:01:56.837987+08:00,f8d6b6fa1463852c5b799ca3da0cedae04d846f47a628d25a62a0c3fcc6f3899
solution/outputs/scaling/B2_predictions.csv,128455,2026-09-24T08:02:07.269046+08:00,0135ab830079843aa9b54d6efd0f8c36559f7475c9942d846e75e48974b6e389
solution/outputs/scaling/B3_predictions.csv,402061,2026-09-24T08:02:07.314336+08:00,b30ae6fd929d2739c7de0ae6113e8c6031e169aa14166badacf9d99ea45926ce
solution/outputs/scaling/B4_predictions.csv,3699,2026-09-24T08:02:07.323860+08:00,9cc9416572be3c8dc3d902d710f51b7aacf5b8644f9f10675ec89bf94726853e
solution/outputs/scaling/B5_predictions.csv,3756,2026-09-24T08:02:07.349351+08:00,08e44185a3adf3f16e5778d14a75a95537232c70afd6ebd9e4db07086b06381a
solution/outputs/scaling/B7_novel_grid_predicted_from_B6.csv,7115,2026-09-24T08:02:10.412281+08:00,a23e04c4de775aac386c5ae2f0fc62a2bbf2d4c3e00c9194b64b96558721173d
solution/outputs/scaling/B9_compute_audit.csv,17992,2026-09-24T08:01:56.858095+08:00,781bb7c18755244060c2773ffd054858f1d86bb866905f2e8a0af4b5304e8d30
solution/outputs/scaling/cluster_bootstrap_parameters.csv,8572,2026-09-24T08:02:24.024983+08:00,6786fd60f2c0e4767e99ca96e397415586cae8c96995985e4f597eb9443d7f18
solution/outputs/scaling/external_validation.csv,36470,2026-09-24T08:02:07.522124+08:00,fb6f0c87dedd54639f952630d6a6614b43d0d53facd8eb92d65e6f717ec29b2d
solution/outputs/scaling/model_comparison.csv,1827,2026-09-24T08:02:07.018533+08:00,ce708a343172beac290caa8227baa9aae972acf6c347657fcf2a3e2223c4ff08
solution/outputs/scaling/quality_audit.json,8129,2026-09-24T08:02:12.037419+08:00,d869edc46264488af7137a56126e6f9b4da14777c0df9a7a1fecf529f6ca1313
solution/outputs/scaling/quality_B6_validation.csv,1336,2026-09-24T08:02:12.032413+08:00,fa14eea64a6127aad2c6611108f3a5813619f5ed9edc5cb8ebf7a23560f8caf7
solution/outputs/scaling/quality_direction_audit.pdf,20243,2026-09-24T08:02:28.623122+08:00,6b23eb4bbbd9a7abcca831027cab4e22731f6d67ca3ec2c2489c9b8c8a0ff820
solution/outputs/scaling/quality_direction_audit.png,84771,2026-09-24T08:02:27.970751+08:00,f91c9e1f7a3ce1b368cc078121a17f39ee2591d4667a8980930ce4d082d2e196
solution/outputs/scaling/quality_scenario_predictions.csv,223898,2026-09-24T08:02:10.377567+08:00,40ebea245e2ad2b9a9cf2c57d1d8babfbf0e0e0d5a00dabfa2b0893f35fc6496
solution/outputs/scaling/quality_within_ND_slopes.csv,16802,2026-09-24T08:02:10.352268+08:00,5530b9d11a8a24e813649f26b50bde9d993c745995ac87225c3da9e9db106db1
solution/outputs/scaling/residual_diagnostics.csv,1418,2026-09-24T08:02:24.063000+08:00,ccf8393a01d96b4803689fae24ec6014033cf84cb50d3e8e32ea0d368a1cd48c
solution/outputs/scaling/scaling_fit_residuals.pdf,43893,2026-09-24T08:02:27.252938+08:00,af2fa0b1bee2891b8f1fc1473925a393261c0da1e368ba08100b761a56ed2d9b
solution/outputs/scaling/scaling_fit_residuals.png,388627,2026-09-24T08:02:25.772609+08:00,6c428ecfa7e171756a99ad11b080e9707a1a65b7d950218d3c325b592919edee
solution/outputs/scaling/scaling_params.json,2969,2026-09-24T08:02:24.066227+08:00,7806ffeed8c7acc96864387dfadefa77d3ec293798dd8c353bab543e99520505
solution/outputs/scaling/table_audit.json,32808,2026-09-24T08:01:56.889032+08:00,72869414135c6235deb9d283823187d9e830bf68608bf0b33c57f4ca3b1fc892
solution/outputs/scaling/table_audit_summary.csv,2168,2026-09-24T08:01:56.891032+08:00,978dcaa988c21aee087df37a2f4d46158ed8f184f70e730141819d981930ba54
solution/outputs/scaling/validation_by_model.csv,10399,2026-09-24T08:02:07.021693+08:00,4dbb4e408d256a85c3cab31befc8be41d0f18225c9874c99ec3dedec9178a998
solution/README.md,1763,2026-09-24T07:53:19.770429+08:00,16a434edb5ab7499402f78dbe2318a07bb81f71138d0a56e16fb816b8e073b38
solution/reports/figure_contracts.md,1305,2026-09-24T08:00:27.197482+08:00,8d3c49a9fee856e1179d8b4ee88dccc09a2acce4dda02abcf5b54e01db43e88f
solution/reports/mixture_baseline.md,1844,2026-09-24T07:57:05.963022+08:00,bdb5b46ca432fd71fac4b5b3ad786c3208f10eea17eccf43d6e372ac403851f4
solution/reports/scaling_baseline.md,8092,2026-09-24T08:02:28.628022+08:00,b9d59cd8d44c63aef77e4508af8bb024d68b284259944bbedf465a15f23782a6
solution/reports/论文结构与交付约定.md,2519,2026-09-24T07:59:07.603170+08:00,e04a782f23ca3d4f5bf5d71187a901895846001d518de45340f91755d036db4e
solution/src/__pycache__/common.cpython-313.pyc,3151,2026-09-24T07:57:00.982475+08:00,0097bc33eb3b8657aa9ba63d98a563a3f99d885cf4390bbe198b0b50a10503eb
solution/src/common.py,1432,2026-09-24T07:53:19.771429+08:00,fc5a7056de9fe6ceb80ec85071a3b3d026b37e5d841f86b7e93637c8fb7e088d
solution/src/evolution_audit.py,39343,2026-09-24T08:02:26.604289+08:00,8204d5b140c8fd70a2b40bb6611eb5a977e8d8dfce639b26e99baf213b2d6453
solution/src/mixture_baseline.py,11200,2026-09-24T07:56:58.921250+08:00,25231143b96880a8aa7a9b710aecf57e972a752016452e9ae67f74171200c68a
solution/src/plot_baselines.py,3367,2026-09-24T08:00:57.966894+08:00,a44cd200f791f49e8f54e5e319cb18bcc3c1cd0b4b8b42a632e0211c0fa997e1
solution/src/project_audit.py,4557,2026-09-24T07:59:07.602591+08:00,39ca144bb844e6104507cfc4d14df8d51a28bab0bbbead5cc4fb0a8f65ae3eb7
solution/src/quality_audit.py,33716,2026-09-24T08:01:42.867019+08:00,dbcf25ef8d69980409c4cb7d251ac84b6c58da95932b1483fe654e95610a11ae
solution/src/scaling_baseline.py,30611,2026-09-24T08:01:55.403032+08:00,bad8e43735f9b9d209034533891fd1bb139309564a25aaa2d93188d4f9e2b1a2
