asset_id,asset_type,asset_stem,source_file,source_fields,denominator,unit,eligibility_label,transformation
FIG-01,FIGURE,fig01_framework,paper/FINAL_RESULT_INDEX_V2.md,Q1-Q4 final interface and eligibility,not applicable,none,PREFLIGHT_FRAMEWORK,display_only_no_refit_no_clipping
FIG-02,FIGURE,fig02_q1_quality_validation,solution/outputs/quality_q01c/20260924T215718+08/run_config.json,primary_q_rule; group_rule,11-feature strict complete case,0-1,PARTIALLY_STABLE; DESCRIPTIVE_MANUAL_VALIDATION,display_only_no_refit_no_clipping
FIG-02,FIGURE,fig02_q1_quality_validation,paper/FINAL_PAPER_PATCH_CONTRACT.md,Q1 final denominator and A2/A3 passed criteria,physical rows and unique keys reported separately,count,PARTIALLY_STABLE; DESCRIPTIVE_MANUAL_VALIDATION,display_only_no_refit_no_clipping
FIG-02,FIGURE,fig02_q1_quality_validation,diagnostics/TASK-G1/20260925T223500+08/manual_validation_statistics.csv,effect_size; ci_low_2_5pct; ci_high_97_5pct; n_a,pairwise complete author ratings,Spearman rho,PARTIALLY_STABLE; DESCRIPTIVE_MANUAL_VALIDATION,display_only_no_refit_no_clipping
FIG-03,FIGURE,fig03_q1_regmix_transport,solution/outputs/mixture/linear_test_1m_predictions.csv,all actual_metric/* and pred_metric/*,256 mixtures x 13 domains,Loss,SAME_SCALE_TEST; TRANSPORT_ONLY,display_only_no_refit_no_clipping
FIG-03,FIGURE,fig03_q1_regmix_transport,solution/outputs/mixture/linear_test_60m_predictions.csv,all actual_metric/* and pred_metric/*,256 mixtures x 13 domains,Loss,SAME_SCALE_TEST; TRANSPORT_ONLY,display_only_no_refit_no_clipping
FIG-03,FIGURE,fig03_q1_regmix_transport,solution/outputs/mixture/linear_test_1B_predictions.csv,all actual_metric/* and pred_metric/*,64 mixtures x 13 domains,Loss,SAME_SCALE_TEST; TRANSPORT_ONLY,display_only_no_refit_no_clipping
FIG-03,FIGURE,fig03_q1_regmix_transport,solution/outputs/mixture/metrics.csv,n; rmse_all_domains; spearman_equal_domain_mean; role,frozen scale-specific test sets,Loss; rank correlation,SAME_SCALE_TEST; TRANSPORT_ONLY,display_only_no_refit_no_clipping
FIG-04,FIGURE,fig04_q2_fit_validation,solution/outputs/scaling/B1_all_predictions.csv,val_loss; prediction; N_params_B; D_tokens_B,all B1 rows,Loss; billion parameters; billion tokens,SOURCE_INTERNAL; VALIDATION_FAILED/SUPPORTED; OOS_ONLY,display_only_no_refit_no_clipping
FIG-04,FIGURE,fig04_q2_fit_validation,diagnostics/TASK-G2/20260925T195336+08/validation_predictions.parquet,source_id; actual_loss; frozen_M0_B1_prediction; in_B1_box; oos_flag,all prediction_valid rows with observed loss for B2-B5,Loss,SOURCE_INTERNAL; VALIDATION_FAILED/SUPPORTED; OOS_ONLY,display_only_no_refit_no_clipping
FIG-04,FIGURE,fig04_q2_fit_validation,diagnostics/TASK-G2/20260925T195336+08/validation_metrics_by_source.csv,IN_SUPPORT n; rmse; final_qualification,source-specific support-in rows,Loss,SOURCE_INTERNAL; VALIDATION_FAILED/SUPPORTED; OOS_ONLY,display_only_no_refit_no_clipping
FIG-04,FIGURE,fig04_q2_fit_validation,diagnostics/TASK-G2/20260925T195336+08/large_model_gt10b_audit.csv,finite_frozen_prediction_records; inside_B1_box_records; final_qualification,B9/B10 records,count,SOURCE_INTERNAL; VALIDATION_FAILED/SUPPORTED; OOS_ONLY,display_only_no_refit_no_clipping
FIG-05,FIGURE,fig05_q3_budget_optima,diagnostics/TASK-T07/20260925T113744+08/budget_scenario_optima.csv,budget_flops; H; N_B; D_B; predicted_loss; active_constraints; support_status; Q_status; p_status,scenario S00_NULL_M0_B1 and H=2048 only,FLOPs; billion parameters; billion tokens; Loss,CONDITIONAL_OPTIMUM,display_only_no_refit_no_clipping
FIG-06,FIGURE,fig06_q4_scenarios,diagnostics/TASK-G4/20260925T195716+0800/forecast_12m_24m_taskwise.csv,benchmark_task; target_role; scenario_id; scenario_order; horizon_months; forecast_origin; forecast_date; selected_contribution_model; scenario_model; forecast_eligibility; prediction_points; loss_bridge_used,6 primary tasks x 3 scenarios x 2 horizons,Benchmark points; date,SCENARIO_ONLY_UNVALIDATED,display_only_no_refit_no_clipping
FIG-06,FIGURE,fig06_q4_scenarios,diagnostics/TASK-G4/20260925T195716+0800/forecast_auxiliary_composite.csv,benchmark_task; target_role; scenario_id; scenario_order; horizon_months; forecast_origin; forecast_date; selected_contribution_model; scenario_model; forecast_eligibility; prediction_points; loss_bridge_used,1 auxiliary composite x 3 scenarios x 2 horizons,Benchmark points; date,SCENARIO_ONLY_UNVALIDATED,display_only_no_refit_no_clipping
FIG-07,FIGURE,fig07_qualification_map,paper/FINAL_SCIENTIFIC_FREEZE.md,"Q1-Q4 final status, allowed and prohibited interpretation",not applicable,none,SCIENCE_CLOSED,display_only_no_refit_no_clipping
FIG-07,FIGURE,fig07_qualification_map,paper/FINAL_PAPER_PATCH_CONTRACT.md,mandatory figure/table qualification language,not applicable,none,SCIENCE_CLOSED,display_only_no_refit_no_clipping
TAB-01,TABLE,table01_overview,paper/FINAL_SCIENTIFIC_FREEZE.md,Q1-Q4 status and qualification,not applicable,none,SCIENCE_CLOSED,field_selection_and_formatting_only
TAB-01,TABLE,table01_overview,paper/FINAL_RESULT_INDEX_V2.md,final main interfaces,not applicable,none,SCIENCE_CLOSED,field_selection_and_formatting_only
TAB-02,TABLE,table02_q1_quality_definition,solution/outputs/quality_q01c/20260924T215718+08/run_config.json,primary_q_rule; group_rule,11-feature strict complete case,0-1,OPERATIONAL_PROXY,field_selection_and_formatting_only
TAB-02,TABLE,table02_q1_quality_definition,paper/FINAL_SCIENTIFIC_FREEZE.md,physical rows; unique keys; Q valid/missing,physical and unique reported separately,count,OPERATIONAL_PROXY,field_selection_and_formatting_only
TAB-03,TABLE,table03_q1_extension_manual,diagnostics/TASK-G1/20260925T204300+08/stability_decision.json,A2/A3 criteria and domain evaluability,4 global criteria; common valid domains,criteria count,PARTIALLY_STABLE; PAIRWISE_COMPLETE,field_selection_and_formatting_only
TAB-03,TABLE,table03_q1_extension_manual,diagnostics/TASK-G1/20260925T223500+08/manual_validation_statistics.csv,effect_size; ci bounds; n_a,pairwise complete author ratings,Spearman rho,PARTIALLY_STABLE; PAIRWISE_COMPLETE,field_selection_and_formatting_only
TAB-03,TABLE,table03_q1_extension_manual,diagnostics/TASK-G1/20260925T223500+08/manual_review_parse_audit.csv,parse_status,60 sealed review IDs,count,PARTIALLY_STABLE; PAIRWISE_COMPLETE,field_selection_and_formatting_only
TAB-04,TABLE,table04_q1_regmix_transport,solution/outputs/mixture/metrics.csv,n; rmse_all_domains; mae_all_domains; spearman_equal_domain_mean; role,frozen scale-specific test sets,Loss; rank correlation,SAME_SCALE_TEST; TRANSPORT_ONLY,field_selection_and_formatting_only
TAB-05,TABLE,table05_q2_parameters_support,diagnostics/TASK-T06E-INTEGRATE/20260925T110904+08/t07_parameter_table.csv,M0_B1 parameter; value; p2_5; p97_5; qualification,B1 source,Loss; billion parameters; billion tokens,IDENTIFIED_SOURCE_CONDITIONAL,field_selection_and_formatting_only
TAB-05,TABLE,table05_q2_parameters_support,diagnostics/TASK-T07/20260925T113744+08/support_bounds.csv,N_B and D_B lower/upper,B1 empirical support,billion parameters; billion tokens,IDENTIFIED_SOURCE_CONDITIONAL,field_selection_and_formatting_only
TAB-06,TABLE,table06_q2_validation,diagnostics/TASK-G2/20260925T195336+08/support_oos_audit.csv,raw_rows; in_B1_box_rows; finite_positive_N_D_rows,source-specific records,count,SOURCE_SPECIFIC_QUALIFICATION,field_selection_and_formatting_only
TAB-06,TABLE,table06_q2_validation,diagnostics/TASK-G2/20260925T195336+08/validation_metrics_by_source.csv,IN_SUPPORT rmse; final_qualification,source-specific support-in rows,Loss,SOURCE_SPECIFIC_QUALIFICATION,field_selection_and_formatting_only
TAB-06,TABLE,table06_q2_validation,diagnostics/TASK-G2/20260925T195336+08/large_model_gt10b_audit.csv,"B9/B10 counts, estimated_reference_rmse, qualification",all B9/B10 records,count; Loss,SOURCE_SPECIFIC_QUALIFICATION,field_selection_and_formatting_only
TAB-07,TABLE,table07_q3_budget_optima,diagnostics/TASK-T07/20260925T113744+08/budget_scenario_optima.csv,budget_flops; N_B; D_B; predicted_loss; active_constraints; support_status; Q_status; p_status,scenario S00_NULL_M0_B1 and H=2048,FLOPs; billion parameters; billion tokens; Loss,CONDITIONAL_OPTIMUM,field_selection_and_formatting_only
TAB-08,TABLE,table08_q4_models_contributions,diagnostics/TASK-G4/20260925T195716+0800/taskwise_coefficients.csv,selected_contribution_model; mean_bC_log10_compute,taskwise frozen fit,Benchmark points per log10 compute,NOT_DEFINED_SHARES; M2_GATE_FAILED,field_selection_and_formatting_only
TAB-08,TABLE,table08_q4_models_contributions,diagnostics/TASK-G4/20260925T195716+0800/scale_non_scale_contributions.csv,delta_scale_signed_points; delta_non_scale_signed_points; shares,frozen endpoint windows,Benchmark points,NOT_DEFINED_SHARES; M2_GATE_FAILED,field_selection_and_formatting_only
TAB-09,TABLE,table09_q4_scenarios,diagnostics/TASK-G4/20260925T195716+0800/forecast_12m_24m_taskwise.csv,benchmark_task; horizons; scenario_id; prediction_points; eligibility,6 primary tasks x 3 scenarios x 2 horizons,Benchmark points,SCENARIO_ONLY_UNVALIDATED,field_selection_and_formatting_only
TAB-09,TABLE,table09_q4_scenarios,diagnostics/TASK-G4/20260925T195716+0800/forecast_auxiliary_composite.csv,auxiliary composite scenarios,1 auxiliary composite x 3 scenarios x 2 horizons,Benchmark points,SCENARIO_ONLY_UNVALIDATED,field_selection_and_formatting_only
