directory,n_files_total,parse_success_n,parse_failed_n,valid_run_files,distinct_eval_timestamps_n,ordering_basis,resolution_rule,selected_file,reported_alternative_file,retained_run_count,model_identity_candidates,same_model_group_id,bridge_exact_match,leakage_guard,note
DeepMount00_Llama-3.1-8b-ITA,2,2,0,results_2024-10-24T00-00-00.000000.json|results_2025-02-13T18-27-04.338360.json,2,distinct eval_unix_date,retain_latest_clear_eval_timestamp_report_other,results_2024-10-24T00-00-00.000000.json,results_2025-02-13T18-27-04.338360.json,1,DeepMount00/Llama-3.1-8b-ITA|DeepMount00/Llama-3.1-8b-Ita,group::directory::DeepMount00_Llama-3.1-8b-ITA,False,All retained runs of this model remain in one group if used downstream.,No C5/C6 bridge candidate belongs to a multi-file directory.
DreadPoor_Aspire_V2-8B-Model_Stock,2,2,0,results_2025-01-20T06-20-55.838072.json|results_2025-02-13T18-27-04.338360.json,1,single/non-distinct evaluation timestamp; lexicographic filename is not treated as temporal order,retain_all_runs_same_model_group_no_reliable_order,,,2,DreadPoor/Aspire_V2-8B-Model_Stock,group::DreadPoor/Aspire_V2-8B-Model_Stock,False,All retained runs of this model remain in one group if used downstream.,No C5/C6 bridge candidate belongs to a multi-file directory.
DreadPoor_Aspire_V2.1-8B-Model_Stock,2,2,0,results_2025-01-20T18-49-22.014883.json|results_2025-02-13T18-27-04.338360.json,1,single/non-distinct evaluation timestamp; lexicographic filename is not treated as temporal order,retain_all_runs_same_model_group_no_reliable_order,,,2,DreadPoor/Aspire_V2.1-8B-Model_Stock,group::DreadPoor/Aspire_V2.1-8B-Model_Stock,False,All retained runs of this model remain in one group if used downstream.,No C5/C6 bridge candidate belongs to a multi-file directory.
DreadPoor_Aspire_V2_ALT-8B-Model_Stock,2,2,0,results_2025-01-20T06-38-55.168149.json|results_2025-02-13T18-27-04.338360.json,1,single/non-distinct evaluation timestamp; lexicographic filename is not treated as temporal order,retain_all_runs_same_model_group_no_reliable_order,,,2,DreadPoor/Aspire_V2_ALT-8B-Model_Stock,group::DreadPoor/Aspire_V2_ALT-8B-Model_Stock,False,All retained runs of this model remain in one group if used downstream.,No C5/C6 bridge candidate belongs to a multi-file directory.
DreadPoor_Aspire_V2_ALT_ROW-8B-Model_Stock,2,2,0,results_2025-01-20T06-42-43.305849.json|results_2025-02-13T18-27-04.338360.json,1,single/non-distinct evaluation timestamp; lexicographic filename is not treated as temporal order,retain_all_runs_same_model_group_no_reliable_order,,,2,DreadPoor/Aspire_V2_ALT_ROW-8B-Model_Stock,group::DreadPoor/Aspire_V2_ALT_ROW-8B-Model_Stock,False,All retained runs of this model remain in one group if used downstream.,No C5/C6 bridge candidate belongs to a multi-file directory.
DreadPoor_Aspire_V3-8B-Model_Stock,2,2,0,results_2025-01-21T22-15-56.442048.json|results_2025-02-13T18-27-04.338360.json,1,single/non-distinct evaluation timestamp; lexicographic filename is not treated as temporal order,retain_all_runs_same_model_group_no_reliable_order,,,2,DreadPoor/Aspire_V3-8B-Model_Stock,group::DreadPoor/Aspire_V3-8B-Model_Stock,False,All retained runs of this model remain in one group if used downstream.,No C5/C6 bridge candidate belongs to a multi-file directory.
DreadPoor_Aspire_V4-8B-Model_Stock,2,2,0,results_2025-01-23T10-39-04.936674.json|results_2025-02-13T18-27-04.338360.json,1,single/non-distinct evaluation timestamp; lexicographic filename is not treated as temporal order,retain_all_runs_same_model_group_no_reliable_order,,,2,DreadPoor/Aspire_V4-8B-Model_Stock,group::DreadPoor/Aspire_V4-8B-Model_Stock,False,All retained runs of this model remain in one group if used downstream.,No C5/C6 bridge candidate belongs to a multi-file directory.
DreadPoor_Aspire_V4_ALT-8B-Model_Stock,2,2,0,results_2025-01-23T10-44-32.891431.json|results_2025-02-13T18-27-04.338360.json,1,single/non-distinct evaluation timestamp; lexicographic filename is not treated as temporal order,retain_all_runs_same_model_group_no_reliable_order,,,2,DreadPoor/Aspire_V4_ALT-8B-Model_Stock,group::DreadPoor/Aspire_V4_ALT-8B-Model_Stock,False,All retained runs of this model remain in one group if used downstream.,No C5/C6 bridge candidate belongs to a multi-file directory.
DreadPoor_Asymmetric_Linearity-8B-Model_Stock,2,2,0,results_2024-12-20T14-48-42.157149.json|results_2025-02-13T18-27-04.338360.json,1,single/non-distinct evaluation timestamp; lexicographic filename is not treated as temporal order,retain_all_runs_same_model_group_no_reliable_order,,,2,DreadPoor/Asymmetric_Linearity-8B-Model_Stock,group::DreadPoor/Asymmetric_Linearity-8B-Model_Stock,False,All retained runs of this model remain in one group if used downstream.,No C5/C6 bridge candidate belongs to a multi-file directory.
DreadPoor_Aurora_faustus-8B-LINEAR,2,2,0,results_2024-09-26T03-22-46.018360.json|results_2025-02-13T18-27-04.338360.json,1,single/non-distinct evaluation timestamp; lexicographic filename is not treated as temporal order,retain_all_runs_same_model_group_no_reliable_order,,,2,DreadPoor/Aurora_faustus-8B-LINEAR,group::DreadPoor/Aurora_faustus-8B-LINEAR,False,All retained runs of this model remain in one group if used downstream.,No C5/C6 bridge candidate belongs to a multi-file directory.
DreadPoor_Aurora_faustus-8B-LORABLATED,2,2,0,results_2024-09-29T12-49-37.441170.json|results_2025-02-13T18-27-04.338360.json,1,single/non-distinct evaluation timestamp; lexicographic filename is not treated as temporal order,retain_all_runs_same_model_group_no_reliable_order,,,2,DreadPoor/Aurora_faustus-8B-LORABLATED,group::DreadPoor/Aurora_faustus-8B-LORABLATED,False,All retained runs of this model remain in one group if used downstream.,No C5/C6 bridge candidate belongs to a multi-file directory.
DreadPoor_Aurora_faustus-8B-LORABLATED_ALT,2,2,0,results_2024-09-29T12-49-24.284544.json|results_2025-02-13T18-27-04.338360.json,1,single/non-distinct evaluation timestamp; lexicographic filename is not treated as temporal order,retain_all_runs_same_model_group_no_reliable_order,,,2,DreadPoor/Aurora_faustus-8B-LORABLATED_ALT,group::DreadPoor/Aurora_faustus-8B-LORABLATED_ALT,False,All retained runs of this model remain in one group if used downstream.,No C5/C6 bridge candidate belongs to a multi-file directory.
DreadPoor_Autumn_Dawn-8B-LINEAR,2,2,0,results_2025-02-01T17-06-48.582022.json|results_2025-02-13T18-27-04.338360.json,1,single/non-distinct evaluation timestamp; lexicographic filename is not treated as temporal order,retain_all_runs_same_model_group_no_reliable_order,,,2,DreadPoor/Autumn_Dawn-8B-LINEAR,group::DreadPoor/Autumn_Dawn-8B-LINEAR,False,All retained runs of this model remain in one group if used downstream.,No C5/C6 bridge candidate belongs to a multi-file directory.
DreadPoor_BaeZel-8B-LINEAR,2,2,0,results_2024-11-10T09-44-59.097945.json|results_2025-02-13T18-27-04.338360.json,1,single/non-distinct evaluation timestamp; lexicographic filename is not treated as temporal order,retain_all_runs_same_model_group_no_reliable_order,,,2,DreadPoor/BaeZel-8B-LINEAR,group::DreadPoor/BaeZel-8B-LINEAR,False,All retained runs of this model remain in one group if used downstream.,No C5/C6 bridge candidate belongs to a multi-file directory.
DreadPoor_BaeZel-8B-Model_Stock,2,2,0,results_2024-12-29T19-00-29.560316.json|results_2025-02-13T18-27-04.338360.json,1,single/non-distinct evaluation timestamp; lexicographic filename is not treated as temporal order,retain_all_runs_same_model_group_no_reliable_order,,,2,DreadPoor/BaeZel-8B-Model_Stock,group::DreadPoor/BaeZel-8B-Model_Stock,False,All retained runs of this model remain in one group if used downstream.,No C5/C6 bridge candidate belongs to a multi-file directory.
DreadPoor_BaeZel_V2-8B-Model_Stock,2,2,0,results_2025-01-28T19-42-28.211701.json|results_2025-02-13T18-27-04.338360.json,1,single/non-distinct evaluation timestamp; lexicographic filename is not treated as temporal order,retain_all_runs_same_model_group_no_reliable_order,,,2,DreadPoor/BaeZel_V2-8B-Model_Stock,group::DreadPoor/BaeZel_V2-8B-Model_Stock,False,All retained runs of this model remain in one group if used downstream.,No C5/C6 bridge candidate belongs to a multi-file directory.
DreadPoor_BaeZel_V2_ALT-8B-Model_Stock,2,2,0,results_2025-01-28T19-38-58.798579.json|results_2025-02-13T18-27-04.338360.json,1,single/non-distinct evaluation timestamp; lexicographic filename is not treated as temporal order,retain_all_runs_same_model_group_no_reliable_order,,,2,DreadPoor/BaeZel_V2_ALT-8B-Model_Stock,group::DreadPoor/BaeZel_V2_ALT-8B-Model_Stock,False,All retained runs of this model remain in one group if used downstream.,No C5/C6 bridge candidate belongs to a multi-file directory.
DreadPoor_BaeZel_V3-8B-Model_Stock,2,2,0,results_2025-01-13T09-16-19.036411.json|results_2025-02-13T18-27-04.338360.json,1,single/non-distinct evaluation timestamp; lexicographic filename is not treated as temporal order,retain_all_runs_same_model_group_no_reliable_order,,,2,DreadPoor/BaeZel_V3-8B-Model_Stock,group::DreadPoor/BaeZel_V3-8B-Model_Stock,False,All retained runs of this model remain in one group if used downstream.,No C5/C6 bridge candidate belongs to a multi-file directory.
DreadPoor_Blunt_Edge-8B-SLERP,2,2,0,results_2025-01-18T02-10-03.731222.json|results_2025-02-13T18-27-04.338360.json,1,single/non-distinct evaluation timestamp; lexicographic filename is not treated as temporal order,retain_all_runs_same_model_group_no_reliable_order,,,2,DreadPoor/Blunt_Edge-8B-SLERP,group::DreadPoor/Blunt_Edge-8B-SLERP,False,All retained runs of this model remain in one group if used downstream.,No C5/C6 bridge candidate belongs to a multi-file directory.
DreadPoor_BulkUp,2,2,0,results_2025-01-27T17-16-56.005778.json|results_2025-02-13T18-27-04.338360.json,1,single/non-distinct evaluation timestamp; lexicographic filename is not treated as temporal order,retain_all_runs_same_model_group_no_reliable_order,,,2,DreadPoor/BulkUp,group::DreadPoor/BulkUp,False,All retained runs of this model remain in one group if used downstream.,No C5/C6 bridge candidate belongs to a multi-file directory.
DreadPoor_Caelid-8B-Model_Stock,2,2,0,results_2025-01-14T22-38-17.427185.json|results_2025-02-13T18-27-04.338360.json,1,single/non-distinct evaluation timestamp; lexicographic filename is not treated as temporal order,retain_all_runs_same_model_group_no_reliable_order,,,2,DreadPoor/Caelid-8B-Model_Stock,group::DreadPoor/Caelid-8B-Model_Stock,False,All retained runs of this model remain in one group if used downstream.,No C5/C6 bridge candidate belongs to a multi-file directory.
DreadPoor_Casuar-9B-Model_Stock,2,2,0,results_2024-12-21T13-44-19.211575.json|results_2025-02-13T18-27-04.338360.json,1,single/non-distinct evaluation timestamp; lexicographic filename is not treated as temporal order,retain_all_runs_same_model_group_no_reliable_order,,,2,DreadPoor/Casuar-9B-Model_Stock,group::DreadPoor/Casuar-9B-Model_Stock,False,All retained runs of this model remain in one group if used downstream.,No C5/C6 bridge candidate belongs to a multi-file directory.
DreadPoor_Condensed_Milk-8B-Model_Stock,2,2,0,results_2024-11-27T14-59-58.204848.json|results_2025-02-13T18-27-04.338360.json,1,single/non-distinct evaluation timestamp; lexicographic filename is not treated as temporal order,retain_all_runs_same_model_group_no_reliable_order,,,2,DreadPoor/Condensed_Milk-8B-Model_Stock,group::DreadPoor/Condensed_Milk-8B-Model_Stock,False,All retained runs of this model remain in one group if used downstream.,No C5/C6 bridge candidate belongs to a multi-file directory.
DreadPoor_CoolerCoder-8B-LINEAR,2,2,0,results_2024-11-21T12-51-12.654562.json|results_2025-02-13T18-27-04.338360.json,1,single/non-distinct evaluation timestamp; lexicographic filename is not treated as temporal order,retain_all_runs_same_model_group_no_reliable_order,,,2,DreadPoor/CoolerCoder-8B-LINEAR,group::DreadPoor/CoolerCoder-8B-LINEAR,False,All retained runs of this model remain in one group if used downstream.,No C5/C6 bridge candidate belongs to a multi-file directory.
DreadPoor_Damasteel-8B-LINEAR,2,2,0,results_2024-11-06T17-50-50.122250.json|results_2025-02-13T18-27-04.338360.json,1,single/non-distinct evaluation timestamp; lexicographic filename is not treated as temporal order,retain_all_runs_same_model_group_no_reliable_order,,,2,DreadPoor/Damasteel-8B-LINEAR,group::DreadPoor/Damasteel-8B-LINEAR,False,All retained runs of this model remain in one group if used downstream.,No C5/C6 bridge candidate belongs to a multi-file directory.
DreadPoor_Dearly_Beloved-8B-TIES,2,2,0,results_2024-11-22T17-19-32.707651.json|results_2025-02-13T18-27-04.338360.json,1,single/non-distinct evaluation timestamp; lexicographic filename is not treated as temporal order,retain_all_runs_same_model_group_no_reliable_order,,,2,DreadPoor/Dearly_Beloved-8B-TIES,group::DreadPoor/Dearly_Beloved-8B-TIES,False,All retained runs of this model remain in one group if used downstream.,No C5/C6 bridge candidate belongs to a multi-file directory.
DreadPoor_Derivative-8B-Model_Stock,2,2,0,results_2025-01-06T12-39-47.373298.json|results_2025-02-13T18-27-04.338360.json,1,single/non-distinct evaluation timestamp; lexicographic filename is not treated as temporal order,retain_all_runs_same_model_group_no_reliable_order,,,2,DreadPoor/Derivative-8B-Model_Stock,group::DreadPoor/Derivative-8B-Model_Stock,False,All retained runs of this model remain in one group if used downstream.,No C5/C6 bridge candidate belongs to a multi-file directory.
DreadPoor_Derivative_V2-8B-Model_Stock,2,2,0,results_2025-01-07T17-53-46.866278.json|results_2025-02-13T18-27-04.338360.json,1,single/non-distinct evaluation timestamp; lexicographic filename is not treated as temporal order,retain_all_runs_same_model_group_no_reliable_order,,,2,DreadPoor/Derivative_V2-8B-Model_Stock,group::DreadPoor/Derivative_V2-8B-Model_Stock,False,All retained runs of this model remain in one group if used downstream.,No C5/C6 bridge candidate belongs to a multi-file directory.
DreadPoor_Derivative_V2_ALT-8B-Model_Stock,2,2,0,results_2025-01-07T17-31-57.123136.json|results_2025-02-13T18-27-04.338360.json,1,single/non-distinct evaluation timestamp; lexicographic filename is not treated as temporal order,retain_all_runs_same_model_group_no_reliable_order,,,2,DreadPoor/Derivative_V2_ALT-8B-Model_Stock,group::DreadPoor/Derivative_V2_ALT-8B-Model_Stock,False,All retained runs of this model remain in one group if used downstream.,No C5/C6 bridge candidate belongs to a multi-file directory.
DreadPoor_Derivative_V3-8B-Model_Stock,2,2,0,results_2025-01-08T04-38-58.510524.json|results_2025-02-13T18-27-04.338360.json,1,single/non-distinct evaluation timestamp; lexicographic filename is not treated as temporal order,retain_all_runs_same_model_group_no_reliable_order,,,2,DreadPoor/Derivative_V3-8B-Model_Stock,group::DreadPoor/Derivative_V3-8B-Model_Stock,False,All retained runs of this model remain in one group if used downstream.,No C5/C6 bridge candidate belongs to a multi-file directory.
DreadPoor_Elusive_Dragon_Heart-8B-LINEAR,2,2,0,results_2024-12-18T21-57-14.616096.json|results_2025-02-13T18-27-04.338360.json,1,single/non-distinct evaluation timestamp; lexicographic filename is not treated as temporal order,retain_all_runs_same_model_group_no_reliable_order,,,2,DreadPoor/Elusive_Dragon_Heart-8B-LINEAR,group::DreadPoor/Elusive_Dragon_Heart-8B-LINEAR,False,All retained runs of this model remain in one group if used downstream.,No C5/C6 bridge candidate belongs to a multi-file directory.
DreadPoor_Emu_Eggs-9B-Model_Stock,2,2,0,results_2024-10-19T00-21-04.701620.json|results_2025-02-13T18-27-04.338360.json,1,single/non-distinct evaluation timestamp; lexicographic filename is not treated as temporal order,retain_all_runs_same_model_group_no_reliable_order,,,2,DreadPoor/Emu_Eggs-9B-Model_Stock,group::DreadPoor/Emu_Eggs-9B-Model_Stock,False,All retained runs of this model remain in one group if used downstream.,No C5/C6 bridge candidate belongs to a multi-file directory.
DreadPoor_Eunoia_Vespera-8B-LINEAR,2,2,0,results_2024-09-23T15-34-53.615095.json|results_2025-02-13T18-27-04.338360.json,1,single/non-distinct evaluation timestamp; lexicographic filename is not treated as temporal order,retain_all_runs_same_model_group_no_reliable_order,,,2,DreadPoor/Eunoia_Vespera-8B-LINEAR,group::DreadPoor/Eunoia_Vespera-8B-LINEAR,False,All retained runs of this model remain in one group if used downstream.,No C5/C6 bridge candidate belongs to a multi-file directory.
DreadPoor_Fu_sion_HA-8B-SLERP,2,2,0,results_2025-01-17T16-08-50.966537.json|results_2025-02-13T18-27-04.338360.json,1,single/non-distinct evaluation timestamp; lexicographic filename is not treated as temporal order,retain_all_runs_same_model_group_no_reliable_order,,,2,DreadPoor/Fu_sion_HA-8B-SLERP,group::DreadPoor/Fu_sion_HA-8B-SLERP,False,All retained runs of this model remain in one group if used downstream.,No C5/C6 bridge candidate belongs to a multi-file directory.
DreadPoor_HOT_STINKING_GARBAGE,2,2,0,results_2025-02-03T12-25-44.299932.json|results_2025-02-13T18-27-04.338360.json,1,single/non-distinct evaluation timestamp; lexicographic filename is not treated as temporal order,retain_all_runs_same_model_group_no_reliable_order,,,2,DreadPoor/HOT_STINKING_GARBAGE,group::DreadPoor/HOT_STINKING_GARBAGE,False,All retained runs of this model remain in one group if used downstream.,No C5/C6 bridge candidate belongs to a multi-file directory.
DreadPoor_Happy_New_Year-8B-Model_Stock,2,2,0,results_2024-12-31T13-47-19.587479.json|results_2025-02-13T18-27-04.338360.json,1,single/non-distinct evaluation timestamp; lexicographic filename is not treated as temporal order,retain_all_runs_same_model_group_no_reliable_order,,,2,DreadPoor/Happy_New_Year-8B-Model_Stock,group::DreadPoor/Happy_New_Year-8B-Model_Stock,False,All retained runs of this model remain in one group if used downstream.,No C5/C6 bridge candidate belongs to a multi-file directory.
DreadPoor_Heart_Stolen-8B-Model_Stock,2,2,0,results_2024-09-12T08-41-24.834372.json|results_2025-02-13T18-27-04.338360.json,1,single/non-distinct evaluation timestamp; lexicographic filename is not treated as temporal order,retain_all_runs_same_model_group_no_reliable_order,,,2,DreadPoor/Heart_Stolen-8B-Model_Stock,group::DreadPoor/Heart_Stolen-8B-Model_Stock,False,All retained runs of this model remain in one group if used downstream.,No C5/C6 bridge candidate belongs to a multi-file directory.
DreadPoor_Heart_Stolen-ALT-8B-Model_Stock,2,2,0,results_2024-09-14T01-53-28.879983.json|results_2025-02-13T18-27-04.338360.json,1,single/non-distinct evaluation timestamp; lexicographic filename is not treated as temporal order,retain_all_runs_same_model_group_no_reliable_order,,,2,DreadPoor/Heart_Stolen-ALT-8B-Model_Stock,group::DreadPoor/Heart_Stolen-ALT-8B-Model_Stock,False,All retained runs of this model remain in one group if used downstream.,No C5/C6 bridge candidate belongs to a multi-file directory.
DreadPoor_Here_We_Go_Again-8B-SLERP,2,2,0,results_2024-12-31T20-17-33.938464.json|results_2025-02-13T18-27-04.338360.json,1,single/non-distinct evaluation timestamp; lexicographic filename is not treated as temporal order,retain_all_runs_same_model_group_no_reliable_order,,,2,DreadPoor/Here_We_Go_Again-8B-SLERP,group::DreadPoor/Here_We_Go_Again-8B-SLERP,False,All retained runs of this model remain in one group if used downstream.,No C5/C6 bridge candidate belongs to a multi-file directory.
DreadPoor_Howdy-8B-LINEAR,2,2,0,results_2025-01-16T00-49-15.558585.json|results_2025-02-13T18-27-04.338360.json,1,single/non-distinct evaluation timestamp; lexicographic filename is not treated as temporal order,retain_all_runs_same_model_group_no_reliable_order,,,2,DreadPoor/Howdy-8B-LINEAR,group::DreadPoor/Howdy-8B-LINEAR,False,All retained runs of this model remain in one group if used downstream.,No C5/C6 bridge candidate belongs to a multi-file directory.
DreadPoor_Incidental-8B-Model_Stock,2,2,0,results_2025-01-14T00-36-17.315142.json|results_2025-02-13T18-27-04.338360.json,1,single/non-distinct evaluation timestamp; lexicographic filename is not treated as temporal order,retain_all_runs_same_model_group_no_reliable_order,,,2,DreadPoor/Incidental-8B-Model_Stock,group::DreadPoor/Incidental-8B-Model_Stock,False,All retained runs of this model remain in one group if used downstream.,No C5/C6 bridge candidate belongs to a multi-file directory.
DreadPoor_Irina-8B-model_stock,2,2,0,results_2024-09-03T09-15-33.576548.json|results_2025-02-13T18-27-04.338360.json,1,single/non-distinct evaluation timestamp; lexicographic filename is not treated as temporal order,retain_all_runs_same_model_group_no_reliable_order,,,2,DreadPoor/Irina-8B-model_stock,group::DreadPoor/Irina-8B-model_stock,False,All retained runs of this model remain in one group if used downstream.,No C5/C6 bridge candidate belongs to a multi-file directory.
DreadPoor_Kindling-8B-Model_Stock,2,2,0,results_2025-01-26T23-31-44.510400.json|results_2025-02-13T18-27-04.338360.json,1,single/non-distinct evaluation timestamp; lexicographic filename is not treated as temporal order,retain_all_runs_same_model_group_no_reliable_order,,,2,DreadPoor/Kindling-8B-Model_Stock,group::DreadPoor/Kindling-8B-Model_Stock,False,All retained runs of this model remain in one group if used downstream.,No C5/C6 bridge candidate belongs to a multi-file directory.
DreadPoor_L3.1-BaeZel-8B-Della,2,2,0,results_2024-11-18T07-24-11.728796.json|results_2025-02-13T18-27-04.338360.json,1,single/non-distinct evaluation timestamp; lexicographic filename is not treated as temporal order,retain_all_runs_same_model_group_no_reliable_order,,,2,DreadPoor/L3.1-BaeZel-8B-Della,group::DreadPoor/L3.1-BaeZel-8B-Della,False,All retained runs of this model remain in one group if used downstream.,No C5/C6 bridge candidate belongs to a multi-file directory.
DreadPoor_Laughing_Stock-8B-Model_Stock,2,2,0,results_2025-01-27T00-42-41.347898.json|results_2025-02-13T18-27-04.338360.json,1,single/non-distinct evaluation timestamp; lexicographic filename is not treated as temporal order,retain_all_runs_same_model_group_no_reliable_order,,,2,DreadPoor/Laughing_Stock-8B-Model_Stock,group::DreadPoor/Laughing_Stock-8B-Model_Stock,False,All retained runs of this model remain in one group if used downstream.,No C5/C6 bridge candidate belongs to a multi-file directory.
DreadPoor_Lava_Lamp-8B-SLERP,2,2,0,results_2025-01-18T02-12-44.217651.json|results_2025-02-13T18-27-04.338360.json,1,single/non-distinct evaluation timestamp; lexicographic filename is not treated as temporal order,retain_all_runs_same_model_group_no_reliable_order,,,2,DreadPoor/Lava_Lamp-8B-SLERP,group::DreadPoor/Lava_Lamp-8B-SLERP,False,All retained runs of this model remain in one group if used downstream.,No C5/C6 bridge candidate belongs to a multi-file directory.
DreadPoor_LemonP-8B-Model_Stock,2,2,0,results_2025-01-20T01-14-35.867731.json|results_2025-02-13T18-27-04.338360.json,1,single/non-distinct evaluation timestamp; lexicographic filename is not treated as temporal order,retain_all_runs_same_model_group_no_reliable_order,,,2,DreadPoor/LemonP-8B-Model_Stock,group::DreadPoor/LemonP-8B-Model_Stock,False,All retained runs of this model remain in one group if used downstream.,No C5/C6 bridge candidate belongs to a multi-file directory.
DreadPoor_Matryoshka-8B-LINEAR,2,2,0,results_2024-12-02T06-08-23.925788.json|results_2025-02-13T18-27-04.338360.json,1,single/non-distinct evaluation timestamp; lexicographic filename is not treated as temporal order,retain_all_runs_same_model_group_no_reliable_order,,,2,DreadPoor/Matryoshka-8B-LINEAR,group::DreadPoor/Matryoshka-8B-LINEAR,False,All retained runs of this model remain in one group if used downstream.,No C5/C6 bridge candidate belongs to a multi-file directory.
DreadPoor_Mercury_In_Retrograde-8b-Model-Stock,2,2,0,results_2024-12-03T20-06-26.383676.json|results_2025-02-13T18-27-04.338360.json,1,single/non-distinct evaluation timestamp; lexicographic filename is not treated as temporal order,retain_all_runs_same_model_group_no_reliable_order,,,2,DreadPoor/Mercury_In_Retrograde-8b-Model-Stock,group::DreadPoor/Mercury_In_Retrograde-8b-Model-Stock,False,All retained runs of this model remain in one group if used downstream.,No C5/C6 bridge candidate belongs to a multi-file directory.
DreadPoor_Minthy-8B-Model_Stock,2,2,0,results_2025-01-26T15-15-45.681745.json|results_2025-02-13T18-27-04.338360.json,1,single/non-distinct evaluation timestamp; lexicographic filename is not treated as temporal order,retain_all_runs_same_model_group_no_reliable_order,,,2,DreadPoor/Minthy-8B-Model_Stock,group::DreadPoor/Minthy-8B-Model_Stock,False,All retained runs of this model remain in one group if used downstream.,No C5/C6 bridge candidate belongs to a multi-file directory.
DreadPoor_Minthy_ALT-8B-Model_Stock,2,2,0,results_2025-01-26T15-43-02.183510.json|results_2025-02-13T18-27-04.338360.json,1,single/non-distinct evaluation timestamp; lexicographic filename is not treated as temporal order,retain_all_runs_same_model_group_no_reliable_order,,,2,DreadPoor/Minthy_ALT-8B-Model_Stock,group::DreadPoor/Minthy_ALT-8B-Model_Stock,False,All retained runs of this model remain in one group if used downstream.,No C5/C6 bridge candidate belongs to a multi-file directory.
DreadPoor_Minthy_V2-8B-Model_Stock,2,2,0,results_2025-01-26T19-23-51.006257.json|results_2025-02-13T18-27-04.338360.json,1,single/non-distinct evaluation timestamp; lexicographic filename is not treated as temporal order,retain_all_runs_same_model_group_no_reliable_order,,,2,DreadPoor/Minthy_V2-8B-Model_Stock,group::DreadPoor/Minthy_V2-8B-Model_Stock,False,All retained runs of this model remain in one group if used downstream.,No C5/C6 bridge candidate belongs to a multi-file directory.
DreadPoor_Not_Even_My_Final_Form-8B-Model_Stock,2,2,0,results_2025-01-14T22-41-30.063351.json|results_2025-02-13T18-27-04.338360.json,1,single/non-distinct evaluation timestamp; lexicographic filename is not treated as temporal order,retain_all_runs_same_model_group_no_reliable_order,,,2,DreadPoor/Not_Even_My_Final_Form-8B-Model_Stock,group::DreadPoor/Not_Even_My_Final_Form-8B-Model_Stock,False,All retained runs of this model remain in one group if used downstream.,No C5/C6 bridge candidate belongs to a multi-file directory.
DreadPoor_Nother_One-8B-Model_Stock,2,2,0,results_2025-01-20T00-59-37.057005.json|results_2025-02-13T18-27-04.338360.json,1,single/non-distinct evaluation timestamp; lexicographic filename is not treated as temporal order,retain_all_runs_same_model_group_no_reliable_order,,,2,DreadPoor/Nother_One-8B-Model_Stock,group::DreadPoor/Nother_One-8B-Model_Stock,False,All retained runs of this model remain in one group if used downstream.,No C5/C6 bridge candidate belongs to a multi-file directory.
DreadPoor_ONeil-model_stock-8B,2,2,0,results_2024-07-25T13-28-14.297521.json|results_2025-02-13T18-27-04.338360.json,1,single/non-distinct evaluation timestamp; lexicographic filename is not treated as temporal order,retain_all_runs_same_model_group_no_reliable_order,,,2,DreadPoor/ONeil-model_stock-8B,group::DreadPoor/ONeil-model_stock-8B,False,All retained runs of this model remain in one group if used downstream.,No C5/C6 bridge candidate belongs to a multi-file directory.
DreadPoor_Oh_Boy-8B-LINEAR,2,2,0,results_2025-01-29T18-18-41.280595.json|results_2025-02-13T18-27-04.338360.json,1,single/non-distinct evaluation timestamp; lexicographic filename is not treated as temporal order,retain_all_runs_same_model_group_no_reliable_order,,,2,DreadPoor/Oh_Boy-8B-LINEAR,group::DreadPoor/Oh_Boy-8B-LINEAR,False,All retained runs of this model remain in one group if used downstream.,No C5/C6 bridge candidate belongs to a multi-file directory.
DreadPoor_OrangeJ-8B-Model_Stock,2,2,0,results_2025-01-22T00-09-52.098773.json|results_2025-02-13T18-27-04.338360.json,1,single/non-distinct evaluation timestamp; lexicographic filename is not treated as temporal order,retain_all_runs_same_model_group_no_reliable_order,,,2,DreadPoor/OrangeJ-8B-Model_Stock,group::DreadPoor/OrangeJ-8B-Model_Stock,False,All retained runs of this model remain in one group if used downstream.,No C5/C6 bridge candidate belongs to a multi-file directory.
DreadPoor_Promissum_Mane-8B-LINEAR,2,2,0,results_2024-10-02T02-01-55.174584.json|results_2025-02-13T18-27-04.338360.json,1,single/non-distinct evaluation timestamp; lexicographic filename is not treated as temporal order,retain_all_runs_same_model_group_no_reliable_order,,,2,DreadPoor/Promissum_Mane-8B-LINEAR,group::DreadPoor/Promissum_Mane-8B-LINEAR,False,All retained runs of this model remain in one group if used downstream.,No C5/C6 bridge candidate belongs to a multi-file directory.
DreadPoor_Promissum_Mane-8B-LINEAR-lorablated,2,2,0,results_2024-10-02T02-26-56.406581.json|results_2025-02-13T18-27-04.338360.json,1,single/non-distinct evaluation timestamp; lexicographic filename is not treated as temporal order,retain_all_runs_same_model_group_no_reliable_order,,,2,DreadPoor/Promissum_Mane-8B-LINEAR-lorablated,group::DreadPoor/Promissum_Mane-8B-LINEAR-lorablated,False,All retained runs of this model remain in one group if used downstream.,No C5/C6 bridge candidate belongs to a multi-file directory.
DreadPoor_RPMash-8B-Model_Stock,2,2,0,results_2025-01-22T03-44-41.852688.json|results_2025-02-13T18-27-04.338360.json,1,single/non-distinct evaluation timestamp; lexicographic filename is not treated as temporal order,retain_all_runs_same_model_group_no_reliable_order,,,2,DreadPoor/RPMash-8B-Model_Stock,group::DreadPoor/RPMash-8B-Model_Stock,False,All retained runs of this model remain in one group if used downstream.,No C5/C6 bridge candidate belongs to a multi-file directory.
DreadPoor_RPMash_V3-8B-Model_Stock,2,2,0,results_2025-01-25T01-39-00.017938.json|results_2025-02-13T18-27-04.338360.json,1,single/non-distinct evaluation timestamp; lexicographic filename is not treated as temporal order,retain_all_runs_same_model_group_no_reliable_order,,,2,DreadPoor/RPMash_V3-8B-Model_Stock,group::DreadPoor/RPMash_V3-8B-Model_Stock,False,All retained runs of this model remain in one group if used downstream.,No C5/C6 bridge candidate belongs to a multi-file directory.
DreadPoor_Sellen-8B-model_stock,2,2,0,results_2024-09-02T17-46-47.033755.json|results_2025-02-13T18-27-04.338360.json,1,single/non-distinct evaluation timestamp; lexicographic filename is not treated as temporal order,retain_all_runs_same_model_group_no_reliable_order,,,2,DreadPoor/Sellen-8B-model_stock,group::DreadPoor/Sellen-8B-model_stock,False,All retained runs of this model remain in one group if used downstream.,No C5/C6 bridge candidate belongs to a multi-file directory.
DreadPoor_Something-8B-Model_Stock,2,2,0,results_2025-01-15T09-22-05.164431.json|results_2025-02-13T18-27-04.338360.json,1,single/non-distinct evaluation timestamp; lexicographic filename is not treated as temporal order,retain_all_runs_same_model_group_no_reliable_order,,,2,DreadPoor/Something-8B-Model_Stock,group::DreadPoor/Something-8B-Model_Stock,False,All retained runs of this model remain in one group if used downstream.,No C5/C6 bridge candidate belongs to a multi-file directory.
DreadPoor_Spring_Dusk-8B-SCE,2,2,0,results_2025-02-02T15-28-36.327598.json|results_2025-02-13T18-27-04.338360.json,1,single/non-distinct evaluation timestamp; lexicographic filename is not treated as temporal order,retain_all_runs_same_model_group_no_reliable_order,,,2,DreadPoor/Spring_Dusk-8B-SCE,group::DreadPoor/Spring_Dusk-8B-SCE,False,All retained runs of this model remain in one group if used downstream.,No C5/C6 bridge candidate belongs to a multi-file directory.
DreadPoor_Summer_Dawn-8B-SCE,2,2,0,results_2025-02-02T07-15-27.779608.json|results_2025-02-13T18-27-04.338360.json,1,single/non-distinct evaluation timestamp; lexicographic filename is not treated as temporal order,retain_all_runs_same_model_group_no_reliable_order,,,2,DreadPoor/Summer_Dawn-8B-SCE,group::DreadPoor/Summer_Dawn-8B-SCE,False,All retained runs of this model remain in one group if used downstream.,No C5/C6 bridge candidate belongs to a multi-file directory.
DreadPoor_Summer_Dusk-8B-TIES,2,2,0,results_2025-02-05T02-25-28.574510.json|results_2025-02-13T18-27-04.338360.json,1,single/non-distinct evaluation timestamp; lexicographic filename is not treated as temporal order,retain_all_runs_same_model_group_no_reliable_order,,,2,DreadPoor/Summer_Dusk-8B-TIES,group::DreadPoor/Summer_Dusk-8B-TIES,False,All retained runs of this model remain in one group if used downstream.,No C5/C6 bridge candidate belongs to a multi-file directory.
DreadPoor_Summer_Rain-8B-SCE,2,2,0,results_2025-02-03T11-17-55.442228.json|results_2025-02-13T18-27-04.338360.json,1,single/non-distinct evaluation timestamp; lexicographic filename is not treated as temporal order,retain_all_runs_same_model_group_no_reliable_order,,,2,DreadPoor/Summer_Rain-8B-SCE,group::DreadPoor/Summer_Rain-8B-SCE,False,All retained runs of this model remain in one group if used downstream.,No C5/C6 bridge candidate belongs to a multi-file directory.
DreadPoor_Summer_Rain-8B-TIES,2,2,0,results_2025-02-03T09-55-50.970325.json|results_2025-02-13T18-27-04.338360.json,1,single/non-distinct evaluation timestamp; lexicographic filename is not treated as temporal order,retain_all_runs_same_model_group_no_reliable_order,,,2,DreadPoor/Summer_Rain-8B-TIES,group::DreadPoor/Summer_Rain-8B-TIES,False,All retained runs of this model remain in one group if used downstream.,No C5/C6 bridge candidate belongs to a multi-file directory.
DreadPoor_Sun-8B-Model_Stock,2,2,0,results_2025-01-27T15-46-13.564485.json|results_2025-02-13T18-27-04.338360.json,1,single/non-distinct evaluation timestamp; lexicographic filename is not treated as temporal order,retain_all_runs_same_model_group_no_reliable_order,,,2,DreadPoor/Sun-8B-Model_Stock,group::DreadPoor/Sun-8B-Model_Stock,False,All retained runs of this model remain in one group if used downstream.,No C5/C6 bridge candidate belongs to a multi-file directory.
DreadPoor_Sweetened_Condensed_Milk-8B-Model_Stock,2,2,0,results_2024-11-27T23-51-11.357784.json|results_2025-02-13T18-27-04.338360.json,1,single/non-distinct evaluation timestamp; lexicographic filename is not treated as temporal order,retain_all_runs_same_model_group_no_reliable_order,,,2,DreadPoor/Sweetened_Condensed_Milk-8B-Model_Stock,group::DreadPoor/Sweetened_Condensed_Milk-8B-Model_Stock,False,All retained runs of this model remain in one group if used downstream.,No C5/C6 bridge candidate belongs to a multi-file directory.
DreadPoor_TEST02-Ignore,2,2,0,results_2025-02-05T16-24-42.862094.json|results_2025-02-13T18-27-04.338360.json,1,single/non-distinct evaluation timestamp; lexicographic filename is not treated as temporal order,retain_all_runs_same_model_group_no_reliable_order,,,2,DreadPoor/TEST02-Ignore,group::DreadPoor/TEST02-Ignore,False,All retained runs of this model remain in one group if used downstream.,No C5/C6 bridge candidate belongs to a multi-file directory.
DreadPoor_TEST03-ignore,2,2,0,results_2025-02-05T21-02-00.315240.json|results_2025-02-13T18-27-04.338360.json,2,distinct eval_unix_date,retain_latest_clear_eval_timestamp_report_other,results_2025-02-13T18-27-04.338360.json,results_2025-02-05T21-02-00.315240.json,1,DreadPoor/TEST03-ignore,group::DreadPoor/TEST03-ignore,False,All retained runs of this model remain in one group if used downstream.,No C5/C6 bridge candidate belongs to a multi-file directory.
DreadPoor_TEST06-ignore,2,2,0,results_2025-02-07T16-33-43.140590.json|results_2025-02-13T18-27-04.338360.json,2,distinct eval_unix_date,retain_latest_clear_eval_timestamp_report_other,results_2025-02-13T18-27-04.338360.json,results_2025-02-07T16-33-43.140590.json,1,DreadPoor/TEST06-ignore,group::DreadPoor/TEST06-ignore,False,All retained runs of this model remain in one group if used downstream.,No C5/C6 bridge candidate belongs to a multi-file directory.
DreadPoor_TEST07-ignore,2,2,0,results_2025-02-07T17-51-49.400710.json|results_2025-02-13T18-27-04.338360.json,1,single/non-distinct evaluation timestamp; lexicographic filename is not treated as temporal order,retain_all_runs_same_model_group_no_reliable_order,,,2,DreadPoor/TEST07-ignore,group::DreadPoor/TEST07-ignore,False,All retained runs of this model remain in one group if used downstream.,No C5/C6 bridge candidate belongs to a multi-file directory.
DreadPoor_TEST08-ignore,2,2,0,results_2025-02-07T17-56-09.870835.json|results_2025-02-13T18-27-04.338360.json,1,single/non-distinct evaluation timestamp; lexicographic filename is not treated as temporal order,retain_all_runs_same_model_group_no_reliable_order,,,2,DreadPoor/TEST08-ignore,group::DreadPoor/TEST08-ignore,False,All retained runs of this model remain in one group if used downstream.,No C5/C6 bridge candidate belongs to a multi-file directory.
DreadPoor_Trinas_Nectar-8B-model_stock,2,2,0,results_2024-09-02T14-06-48.716186.json|results_2025-02-13T18-27-04.338360.json,1,single/non-distinct evaluation timestamp; lexicographic filename is not treated as temporal order,retain_all_runs_same_model_group_no_reliable_order,,,2,DreadPoor/Trinas_Nectar-8B-model_stock,group::DreadPoor/Trinas_Nectar-8B-model_stock,False,All retained runs of this model remain in one group if used downstream.,No C5/C6 bridge candidate belongs to a multi-file directory.
DreadPoor_UNTESTED-VENN_1.2-8B-Model_Stock,2,2,0,results_2024-12-27T12-12-30.735647.json|results_2025-02-13T18-27-04.338360.json,1,single/non-distinct evaluation timestamp; lexicographic filename is not treated as temporal order,retain_all_runs_same_model_group_no_reliable_order,,,2,DreadPoor/UNTESTED-VENN_1.2-8B-Model_Stock,group::DreadPoor/UNTESTED-VENN_1.2-8B-Model_Stock,False,All retained runs of this model remain in one group if used downstream.,No C5/C6 bridge candidate belongs to a multi-file directory.
DreadPoor_VENN_1.2-8B-Model_Stock,2,2,0,results_2024-12-28T01-33-18.984448.json|results_2025-02-13T18-27-04.338360.json,1,single/non-distinct evaluation timestamp; lexicographic filename is not treated as temporal order,retain_all_runs_same_model_group_no_reliable_order,,,2,DreadPoor/VENN_1.2-8B-Model_Stock,group::DreadPoor/VENN_1.2-8B-Model_Stock,False,All retained runs of this model remain in one group if used downstream.,No C5/C6 bridge candidate belongs to a multi-file directory.
DreadPoor_WIP-Acacia-8B-Model_Stock,2,2,0,results_2024-11-29T21-25-50.060860.json|results_2025-02-13T18-27-04.338360.json,1,single/non-distinct evaluation timestamp; lexicographic filename is not treated as temporal order,retain_all_runs_same_model_group_no_reliable_order,,,2,DreadPoor/WIP-Acacia-8B-Model_Stock,group::DreadPoor/WIP-Acacia-8B-Model_Stock,False,All retained runs of this model remain in one group if used downstream.,No C5/C6 bridge candidate belongs to a multi-file directory.
DreadPoor_WIP_Damascus-8B-TIES,2,2,0,results_2024-10-30T03-24-17.255548.json|results_2025-02-13T18-27-04.338360.json,1,single/non-distinct evaluation timestamp; lexicographic filename is not treated as temporal order,retain_all_runs_same_model_group_no_reliable_order,,,2,DreadPoor/WIP_Damascus-8B-TIES,group::DreadPoor/WIP_Damascus-8B-TIES,False,All retained runs of this model remain in one group if used downstream.,No C5/C6 bridge candidate belongs to a multi-file directory.
DreadPoor_Wannabe-8B-Model_Stock,2,2,0,results_2025-01-28T14-17-48.746318.json|results_2025-02-13T18-27-04.338360.json,1,single/non-distinct evaluation timestamp; lexicographic filename is not treated as temporal order,retain_all_runs_same_model_group_no_reliable_order,,,2,DreadPoor/Wannabe-8B-Model_Stock,group::DreadPoor/Wannabe-8B-Model_Stock,False,All retained runs of this model remain in one group if used downstream.,No C5/C6 bridge candidate belongs to a multi-file directory.
DreadPoor_What_A_Thrill-8B-Model_Stock,2,2,0,results_2025-01-16T13-47-28.929851.json|results_2025-02-13T18-27-04.338360.json,1,single/non-distinct evaluation timestamp; lexicographic filename is not treated as temporal order,retain_all_runs_same_model_group_no_reliable_order,,,2,DreadPoor/What_A_Thrill-8B-Model_Stock,group::DreadPoor/What_A_Thrill-8B-Model_Stock,False,All retained runs of this model remain in one group if used downstream.,No C5/C6 bridge candidate belongs to a multi-file directory.
DreadPoor_Winter-8B-SCE,2,2,0,results_2025-02-03T22-31-58.226839.json|results_2025-02-13T18-27-04.338360.json,1,single/non-distinct evaluation timestamp; lexicographic filename is not treated as temporal order,retain_all_runs_same_model_group_no_reliable_order,,,2,DreadPoor/Winter-8B-SCE,group::DreadPoor/Winter-8B-SCE,False,All retained runs of this model remain in one group if used downstream.,No C5/C6 bridge candidate belongs to a multi-file directory.
DreadPoor_Winter_Dawn-8B-TIES,2,1,1,results_2025-02-01T16-17-05.641334.json,1,single/non-distinct evaluation timestamp; lexicographic filename is not treated as temporal order,retain_all_runs_same_model_group_no_reliable_order,,,1,DreadPoor/Winter_Dawn-8B-TIES,group::DreadPoor/Winter_Dawn-8B-TIES,False,All retained runs of this model remain in one group if used downstream.,No C5/C6 bridge candidate belongs to a multi-file directory.
DreadPoor_Winter_Dusk-8B-TIES,2,2,0,results_2025-02-01T15-20-14.885144.json|results_2025-02-13T18-27-04.338360.json,1,single/non-distinct evaluation timestamp; lexicographic filename is not treated as temporal order,retain_all_runs_same_model_group_no_reliable_order,,,2,DreadPoor/Winter_Dusk-8B-TIES,group::DreadPoor/Winter_Dusk-8B-TIES,False,All retained runs of this model remain in one group if used downstream.,No C5/C6 bridge candidate belongs to a multi-file directory.
DreadPoor_Yearn_V3-8B-Model_Stock,2,2,0,results_2025-01-25T07-47-31.767590.json|results_2025-02-13T18-27-04.338360.json,1,single/non-distinct evaluation timestamp; lexicographic filename is not treated as temporal order,retain_all_runs_same_model_group_no_reliable_order,,,2,DreadPoor/Yearn_V3-8B-Model_Stock,group::DreadPoor/Yearn_V3-8B-Model_Stock,False,All retained runs of this model remain in one group if used downstream.,No C5/C6 bridge candidate belongs to a multi-file directory.
DreadPoor_ZEUS-8B-V17-Abliterated_ALT,2,2,0,results_2025-01-18T16-39-02.419840.json|results_2025-02-13T18-27-04.338360.json,1,single/non-distinct evaluation timestamp; lexicographic filename is not treated as temporal order,retain_all_runs_same_model_group_no_reliable_order,,,2,DreadPoor/ZEUS-8B-V17-Abliterated_ALT,group::DreadPoor/ZEUS-8B-V17-Abliterated_ALT,False,All retained runs of this model remain in one group if used downstream.,No C5/C6 bridge candidate belongs to a multi-file directory.
DreadPoor_Zelus-8B-Model_Stock,2,2,0,results_2025-01-15T14-06-07.680636.json|results_2025-02-13T18-27-04.338360.json,1,single/non-distinct evaluation timestamp; lexicographic filename is not treated as temporal order,retain_all_runs_same_model_group_no_reliable_order,,,2,DreadPoor/Zelus-8B-Model_Stock,group::DreadPoor/Zelus-8B-Model_Stock,False,All retained runs of this model remain in one group if used downstream.,No C5/C6 bridge candidate belongs to a multi-file directory.
DreadPoor_Zelus_V2-8B-Model_Stock,2,2,0,results_2025-01-15T23-22-25.558353.json|results_2025-02-13T18-27-04.338360.json,1,single/non-distinct evaluation timestamp; lexicographic filename is not treated as temporal order,retain_all_runs_same_model_group_no_reliable_order,,,2,DreadPoor/Zelus_V2-8B-Model_Stock,group::DreadPoor/Zelus_V2-8B-Model_Stock,False,All retained runs of this model remain in one group if used downstream.,No C5/C6 bridge candidate belongs to a multi-file directory.
DreadPoor_felix_dies-mistral-7B-model_stock,2,2,0,results_2024-10-04T20-17-02.592191.json|results_2025-02-13T18-27-04.338360.json,1,single/non-distinct evaluation timestamp; lexicographic filename is not treated as temporal order,retain_all_runs_same_model_group_no_reliable_order,,,2,DreadPoor/felix_dies-mistral-7B-model_stock,group::DreadPoor/felix_dies-mistral-7B-model_stock,False,All retained runs of this model remain in one group if used downstream.,No C5/C6 bridge candidate belongs to a multi-file directory.
DreadPoor_mergekit-nuslerp-nqzkedi,2,2,0,results_2025-01-29T01-28-19.123593.json|results_2025-02-13T18-27-04.338360.json,1,single/non-distinct evaluation timestamp; lexicographic filename is not treated as temporal order,retain_all_runs_same_model_group_no_reliable_order,,,2,DreadPoor/mergekit-nuslerp-nqzkedi,group::DreadPoor/mergekit-nuslerp-nqzkedi,False,All retained runs of this model remain in one group if used downstream.,No C5/C6 bridge candidate belongs to a multi-file directory.
DreadPoor_remember_to_breathe-8b-Model-Stock,2,2,0,results_2024-12-06T05-58-31.123091.json|results_2025-02-13T18-27-04.338360.json,1,single/non-distinct evaluation timestamp; lexicographic filename is not treated as temporal order,retain_all_runs_same_model_group_no_reliable_order,,,2,DreadPoor/remember_to_breathe-8b-Model-Stock,group::DreadPoor/remember_to_breathe-8b-Model-Stock,False,All retained runs of this model remain in one group if used downstream.,No C5/C6 bridge candidate belongs to a multi-file directory.
DreadPoor_test,2,2,0,results_2025-01-27T19-47-15.817165.json|results_2025-02-13T18-27-04.338360.json,2,distinct eval_unix_date,retain_latest_clear_eval_timestamp_report_other,results_2025-02-13T18-27-04.338360.json,results_2025-01-27T19-47-15.817165.json,1,DreadPoor/test,group::DreadPoor/test,False,All retained runs of this model remain in one group if used downstream.,No C5/C6 bridge candidate belongs to a multi-file directory.
DreadPoor_test_ALT,2,2,0,results_2025-01-28T22-34-17.675705.json|results_2025-02-13T18-27-04.338360.json,1,single/non-distinct evaluation timestamp; lexicographic filename is not treated as temporal order,retain_all_runs_same_model_group_no_reliable_order,,,2,DreadPoor/test_ALT,group::DreadPoor/test_ALT,False,All retained runs of this model remain in one group if used downstream.,No C5/C6 bridge candidate belongs to a multi-file directory.
DreadPoor_tests_pending-do_not_use_yet,2,2,0,results_2025-02-04T23-47-56.162324.json|results_2025-02-13T18-27-04.338360.json,1,single/non-distinct evaluation timestamp; lexicographic filename is not treated as temporal order,retain_all_runs_same_model_group_no_reliable_order,,,2,DreadPoor/tests_pending-do_not_use_yet,group::DreadPoor/tests_pending-do_not_use_yet,False,All retained runs of this model remain in one group if used downstream.,No C5/C6 bridge candidate belongs to a multi-file directory.
