Model,main_t05_canonical_id,model_family,Type,Hub License,c4_parameters,c4_dataset_tokens,c4_compute_direct,n_observed,d_observed,compute_flops,compute_origin,log10_compute,main_eligible
01-ai/Yi-1.5-9B,model::01-ai/Yi-1.5-9B,Yi,🟢 pretrained,apache-2.0,8830000000.0,,1.90728e+23,True,False,1.90728e+23,C4_TRAINING_COMPUTE_FLOP,23.2804144547285,True
01-ai/Yi-34B,model::01-ai/Yi-34B,Yi,🟢 pretrained,apache-2.0,34000000000.0,3100000000000.0,6.1e+23,True,True,6.1e+23,C4_TRAINING_COMPUTE_FLOP,23.785329835010767,True
01-ai/Yi-6B,model::01-ai/Yi-6B,Yi,🟢 pretrained,apache-2.0,6000000000.0,,1.26e+23,True,False,1.26e+23,C4_TRAINING_COMPUTE_FLOP,23.100370545117563,True
EleutherAI/gpt-j-6b,model::EleutherAI/gpt-j-6b,EleutherAI,🟢 pretrained,apache-2.0,6053381344.0,400000000000.0,1.5e+22,True,True,1.5e+22,C4_TRAINING_COMPUTE_FLOP,22.17609125905568,True
EleutherAI/gpt-neo-1.3B,model::EleutherAI/gpt-neo-1.3B,EleutherAI,🟢 pretrained,mit,1300000000.0,,,True,False,,MISSING,,True
EleutherAI/gpt-neo-125m,model::EleutherAI/gpt-neo-125m,EleutherAI,🟢 pretrained,mit,125000000.0,,,True,False,,MISSING,,True
EleutherAI/gpt-neo-2.7B,model::EleutherAI/gpt-neo-2.7B,EleutherAI,🟢 pretrained,mit,2700000000.0,420000000000.0,7.9e+21,True,True,7.9e+21,C4_TRAINING_COMPUTE_FLOP,21.897627091290442,True
EleutherAI/gpt-neox-20b,model::EleutherAI/gpt-neox-20b,GPT-NeoX,🟢 pretrained,apache-2.0,20000000000.0,341173367965.0,9.31627008e+22,True,True,9.31627008e+22,C4_TRAINING_COMPUTE_FLOP,22.96924207030419,True
EleutherAI/pythia-1.4b,model::EleutherAI/pythia-1.4b,Pythia,🟢 pretrained,apache-2.0,1400000000.0,299892736000.0,2.5190000000001e+21,True,True,2.5190000000001e+21,C4_TRAINING_COMPUTE_FLOP,21.40122816749813,True
EleutherAI/pythia-12b,model::EleutherAI/pythia-12b,Pythia,🟢 pretrained,apache-2.0,12000000000.0,299892736000.0,2.1590000000001e+22,True,True,2.1590000000001e+22,C4_TRAINING_COMPUTE_FLOP,22.334252642334253,True
EleutherAI/pythia-160m,model::EleutherAI/pythia-160m,Pythia,🟢 pretrained,apache-2.0,160000000.0,299892736000.0,2.87900000001e+20,True,True,2.87900000001e+20,C4_TRAINING_COMPUTE_FLOP,20.459241664879592,True
EleutherAI/pythia-1b,model::EleutherAI/pythia-1b,Pythia,🟢 pretrained,apache-2.0,1000000000.0,299892736000.0,1.799000000001e+21,True,True,1.799000000001e+21,C4_TRAINING_COMPUTE_FLOP,21.255031163345794,True
EleutherAI/pythia-2.8b,model::EleutherAI/pythia-2.8b,Pythia,🟢 pretrained,apache-2.0,2800000000.0,299892736000.0,5.038000000001e+21,True,True,5.038000000001e+21,C4_TRAINING_COMPUTE_FLOP,21.70225816316218,True
EleutherAI/pythia-410m,model::EleutherAI/pythia-410m,Pythia,🟢 pretrained,apache-2.0,410000000.0,299892736000.0,7.37700000001e+20,True,True,7.37700000001e+20,C4_TRAINING_COMPUTE_FLOP,20.867879783458967,True
EleutherAI/pythia-6.9b,model::EleutherAI/pythia-6.9b,Pythia,🟢 pretrained,apache-2.0,6900000000.0,299892736000.0,1.2420000000001e+22,True,True,1.2420000000001e+22,C4_TRAINING_COMPUTE_FLOP,22.094121595840598,True
HuggingFaceTB/SmolLM-1.7B,model::HuggingFaceTB/SmolLM-1.7B,SmolLM2,🟢 pretrained,apache-2.0,1710000000.0,,1.03e+22,True,False,1.03e+22,C4_TRAINING_COMPUTE_FLOP,22.012837224705173,True
Qwen/Qwen2-57B-A14B,model::Qwen/Qwen2-57B-A14B,Qwen,🟢 pretrained,apache-2.0,57000000000.0,,3.7800000000001e+23,True,False,3.7800000000001e+23,C4_TRAINING_COMPUTE_FLOP,23.577491799837237,True
Qwen/Qwen2-7B,model::Qwen/Qwen2-7B,Qwen,🟢 pretrained,apache-2.0,7000000000.0,7000000000000.0,2.9400000000001e+23,True,True,2.9400000000001e+23,C4_TRAINING_COMPUTE_FLOP,23.468347330412172,True
google/gemma-2-2b,model::google/gemma-2-2b,Gemma,🟢 pretrained,gemma,2600000000.0,2000000000000.0,3.12e+22,True,True,3.12e+22,C4_TRAINING_COMPUTE_FLOP,22.494154594018443,True
meta-llama/Llama-3.1-70B,model::meta-llama/Llama-3.1-70B,Llama,🟢 pretrained,llama3.1,70000000000.0,15000000000000.0,7.929e+24,True,True,7.929e+24,C4_TRAINING_COMPUTE_FLOP,24.899218417851372,True
meta-llama/Llama-3.2-1B,model::meta-llama/Llama-3.2-1B,Llama,🟢 pretrained,llama3.2,1230000000.0,9000000000000.0,6.642e+22,True,True,6.642e+22,C4_TRAINING_COMPUTE_FLOP,22.822298871262365,True
meta-llama/Meta-Llama-3-70B,model::meta-llama/Meta-Llama-3-70B,Llama,🟢 pretrained,llama3,70000000000.0,15000000000000.0,7.861e+24,True,True,7.861e+24,C4_TRAINING_COMPUTE_FLOP,24.895477796275713,True
microsoft/phi-1,model::microsoft/phi-1,Phi,🟢 pretrained,mit,1300000000.0,,3.3234195e+20,True,False,3.3234195e+20,C4_TRAINING_COMPUTE_FLOP,20.521585163739257,True
microsoft/phi-1_5,model::microsoft/phi-1_5,Phi,🟢 pretrained,mit,1300000000.0,30000000000.0,1.17e+21,True,True,1.17e+21,C4_TRAINING_COMPUTE_FLOP,21.068185861746162,True
tiiuae/falcon-40b,model::tiiuae/falcon-40b,Falcon,🟢 pretrained,apache-2.0,40000000000.0,1000000000000.0,2.4e+23,True,True,2.4e+23,C4_TRAINING_COMPUTE_FLOP,23.380211241711606,True
