file,change_type,before_sha256,after_sha256,bytes
solution/src/quality_q01c.py,modified,9a9c760ebe6acc25403455ca445ba5a8e0b321cfc15c66b2d7ba9c92e2ac0d0e,ad342b88e7f139a045b78781381ca8793d2290d11af4b95361dd699302b248a8,135656
solution/src/quality_q01c_selftest.py,unchanged,f70c7e44536da73f1cdf34b5a11cebbf95d8d888e400e51131b2d003a0bd2e33,f70c7e44536da73f1cdf34b5a11cebbf95d8d888e400e51131b2d003a0bd2e33,14316
solution/src/quality_q01c_verify.py,modified,b8d782970a38bb880befd57b453608bd3a405e94f396737603be466f379bad7f,54efc8c31211569f5e35baffdfc3d05909c2102b14ebe53bc7c1307e79cfc87d,54473
solution/tests/test_quality_q01c.py,unchanged,fa367f09014341f4938bdf64ebaad89aa78ae1b2726dcb2231aa78191e7ec19f,fa367f09014341f4938bdf64ebaad89aa78ae1b2726dcb2231aa78191e7ec19f,2121
solution/tests/q01c_r2_fixture.py,new_file,,7b797f46009a12892c5750356fcbf9b52a57d8879122fcb384b074a99d6cc140,1160
solution/tests/q01c_r2_midstage.py,new_file,,d6f6b49c9e3849396ff4a36c5004424fc501c49c758f26495188386bf1c3ab35,14186
solution/tests/q01c_r2_rejections.py,new_file,,133bf8263f9f00a6c4e456e1217ae254e3bdc2debd152b50956decbf5bb6846c,10279
solution/tests/q01c_r2_verify.py,new_file,,df06b4f671dec424ea56e7ee6abe8f36f142e91a249ab49ca1f96a5a5bb11dfc,19572
solution/tests/q01c_r2_finalize.py,new_file,,ba95242f606e29effb3ee0a5f4a178ba8d2d479545690d8e1ea588c7c4f200bd,16953
