scenario_id,scenario_order,family,bridge,budget_flops,H,cost_function,status,reason,N_B,D_B,N_physical,D_physical,Q_A,Q_B,Q_status,p_status,predicted_loss,compute_cost,quality_cost,attention_cost,total_cost,budget_residual,budget_utilization,active_constraints,support_status,marginal_gain_per_flop,uncertainty_label,coarse_points,solver_success,solver_message,quality_cost_function_selected,p_support_indices,p_mixture_loss,p_mixture_delta,p_mode,p_lp_check,main_display_H,quality_cost_variant,kkt_residual,equality_residual,lagrange_multiplier,marginal_method,p_0,p_1,p_2,p_3,p_4,p_5,p_6,p_7,p_8,p_9,p_10,p_11,p_12,p_13,p_14,p_15,p_16,p_sum,p_min
S00_NULL_M0_B1,1,null_reference,H0,1e+18,2048,NOT_APPLICABLE,OPTIMAL,,0.0782485759122463,1.993850676732974,78248575.91224633,1993850676.732974,,,NOT_IDENTIFIED_NOT_OPTIMIZED,FIXED_P0_NOT_OPTIMIZED,3.553996155943583,9.360958562161432e+17,0.0,6.390414378435537e+16,1.0000000000004984e+18,-498432.0,1.0000000000004985,BUDGET_BINDING,N_IN_SUPPORT;D_IN_SUPPORT;IDENTIFIED_NULL,2.8429387519235404e-19,B1_SOURCE_CONDITIONAL_DRAW_AVAILABLE,60,True,Optimization terminated successfully,True,0;1;2;3;4;5;6;7;8;9;10;11;12;13;14;15;16,5.341323051037762,0.0,FIXED_P0,NOT_OPTIMIZED,True,False,1.3638901985160256e-08,4.98432e-13,2.8616744965882433e-19,CENTRAL_DIFFERENCE,0.11302252583269279,0.0968248321520278,0.00588968021709595,0.11375419105058357,0.07507775607983627,0.0254628540970504,0.11070066007050916,0.005487697351193036,0.09943242344413017,0.002211033043406226,0.04691494424753537,0.11948759779188561,0.019599998284005892,0.012737064754031531,0.011650822378108678,0.06618116611257162,0.07556475309333588,1.0,0.002211033043406226
S00_NULL_M0_B1,1,null_reference,H0,1e+20,2048,NOT_APPLICABLE,OPTIMAL,,0.6259226998974462,24.92575777512277,625922699.8974462,24925757775.12277,,,NOT_IDENTIFIED_NOT_OPTIMIZED,FIXED_P0_NOT_OPTIMIZED,2.609142025864975,9.360958562156764e+19,0.0,6.390414378432351e+18,1e+20,0.0,1.0,BUDGET_BINDING,N_IN_SUPPORT;D_IN_SUPPORT;IDENTIFIED_NULL,1.404448781983092e-21,B1_SOURCE_CONDITIONAL_DRAW_AVAILABLE,156,True,Optimization terminated successfully,True,0;1;2;3;4;5;6;7;8;9;10;11;12;13;14;15;16,5.341323051037762,0.0,FIXED_P0,NOT_OPTIMIZED,True,False,2.3597247318359207e-09,0.0,1.4112576940719197e-21,CENTRAL_DIFFERENCE,0.11302252583269279,0.0968248321520278,0.00588968021709595,0.11375419105058357,0.07507775607983627,0.0254628540970504,0.11070066007050916,0.005487697351193036,0.09943242344413017,0.002211033043406226,0.04691494424753537,0.11948759779188561,0.019599998284005892,0.012737064754031531,0.011650822378108678,0.06618116611257162,0.07556475309333588,1.0,0.002211033043406226
S00_NULL_M0_B1,1,null_reference,H0,1e+22,2048,NOT_APPLICABLE,OPTIMAL,,5.202388052937086,299.89299999999986,5202388052.937086,299892999999.9999,,,NOT_IDENTIFIED_NOT_OPTIMIZED,FIXED_P0_NOT_OPTIMIZED,2.143211279488351,9.360958562156764e+21,0.0,6.390414378432351e+20,1e+22,0.0,1.0,BUDGET_BINDING;D_UPPER,N_IN_SUPPORT;D_BOUNDARY;IDENTIFIED_NULL,7.042780794996874e-24,B1_SOURCE_CONDITIONAL_DRAW_AVAILABLE,111,True,Optimization terminated successfully,True,0;1;2;3;4;5;6;7;8;9;10;11;12;13;14;15;16,5.341323051037762,0.0,FIXED_P0,NOT_OPTIMIZED,True,False,0.0,0.0,6.86967135433064e-24,CENTRAL_DIFFERENCE,0.11302252583269279,0.0968248321520278,0.00588968021709595,0.11375419105058357,0.07507775607983627,0.0254628540970504,0.11070066007050916,0.005487697351193036,0.09943242344413017,0.002211033043406226,0.04691494424753537,0.11948759779188561,0.019599998284005892,0.012737064754031531,0.011650822378108678,0.06618116611257162,0.07556475309333588,1.0,0.002211033043406226
S01_QREF_QA_H2_B1_R06_ADD,2,quality_reference,H2,1e+18,2048,G_EXP,OPTIMAL,,0.0782485733186677,1.9938507428190209,78248573.31866778,1993850742.8190207,0.5695341857475174,0.6,SCENARIO_OPTIMIZED_BOUNDED,FIXED_P0_NOT_OPTIMIZED,3.55399615594371,9.360958562157263e+17,0.0,6.390414378432692e+16,1.0000000000000532e+18,-53248.0,1.0000000000000533,BUDGET_BINDING;Q_MAPPING_REFERENCE;QUALITY_COST_INACTIVE,N_IN_SUPPORT;D_IN_SUPPORT;Q_IN_SUPPORT;SCENARIO_ONLY,2.8616745176845987e-19,SCENARIO_ONLY_STRUCTURAL,1,True,Optimization terminated successfully,False,0;1;2;3;4;5;6;7;8;9;10;11;12;13;14;15;16,5.341323051037762,0.0,FIXED_P0,NOT_OPTIMIZED,True,True,9.56580035499052e-09,5.3248e-14,2.8616745004150733e-19,CENTRAL_DIFFERENCE,0.11302252583269279,0.0968248321520278,0.00588968021709595,0.11375419105058357,0.07507775607983627,0.0254628540970504,0.11070066007050916,0.005487697351193036,0.09943242344413017,0.002211033043406226,0.04691494424753537,0.11948759779188561,0.019599998284005892,0.012737064754031531,0.011650822378108678,0.06618116611257162,0.07556475309333588,1.0,0.002211033043406226
S01_QREF_QA_H2_B1_R06_ADD,2,quality_reference,H2,1e+18,2048,G_POWER,OPTIMAL,,0.0782485733186677,1.9938507428190209,78248573.31866778,1993850742.8190207,0.5695341857475174,0.6,SCENARIO_OPTIMIZED_BOUNDED,FIXED_P0_NOT_OPTIMIZED,3.55399615594371,9.360958562157263e+17,0.0,6.390414378432692e+16,1.0000000000000532e+18,-53248.0,1.0000000000000533,BUDGET_BINDING;Q_MAPPING_REFERENCE;QUALITY_COST_INACTIVE,N_IN_SUPPORT;D_IN_SUPPORT;Q_IN_SUPPORT;SCENARIO_ONLY,2.8616745176845987e-19,SCENARIO_ONLY_STRUCTURAL,1,True,Optimization terminated successfully,False,0;1;2;3;4;5;6;7;8;9;10;11;12;13;14;15;16,5.341323051037762,0.0,FIXED_P0,NOT_OPTIMIZED,True,True,9.56580035499052e-09,5.3248e-14,2.8616745004150733e-19,CENTRAL_DIFFERENCE,0.11302252583269279,0.0968248321520278,0.00588968021709595,0.11375419105058357,0.07507775607983627,0.0254628540970504,0.11070066007050916,0.005487697351193036,0.09943242344413017,0.002211033043406226,0.04691494424753537,0.11948759779188561,0.019599998284005892,0.012737064754031531,0.011650822378108678,0.06618116611257162,0.07556475309333588,1.0,0.002211033043406226
S01_QREF_QA_H2_B1_R06_ADD,2,quality_reference,H2,1e+18,2048,G_LOG,OPTIMAL,,0.0782485733186677,1.9938507428190209,78248573.31866778,1993850742.8190207,0.5695341857475174,0.6,SCENARIO_OPTIMIZED_BOUNDED,FIXED_P0_NOT_OPTIMIZED,3.55399615594371,9.360958562157263e+17,0.0,6.390414378432692e+16,1.0000000000000532e+18,-53248.0,1.0000000000000533,BUDGET_BINDING;Q_MAPPING_REFERENCE;QUALITY_COST_INACTIVE,N_IN_SUPPORT;D_IN_SUPPORT;Q_IN_SUPPORT;SCENARIO_ONLY,2.8616745176845987e-19,SCENARIO_ONLY_STRUCTURAL,1,True,Optimization terminated successfully,False,0;1;2;3;4;5;6;7;8;9;10;11;12;13;14;15;16,5.341323051037762,0.0,FIXED_P0,NOT_OPTIMIZED,True,True,9.56580035499052e-09,5.3248e-14,2.8616745004150733e-19,CENTRAL_DIFFERENCE,0.11302252583269279,0.0968248321520278,0.00588968021709595,0.11375419105058357,0.07507775607983627,0.0254628540970504,0.11070066007050916,0.005487697351193036,0.09943242344413017,0.002211033043406226,0.04691494424753537,0.11948759779188561,0.019599998284005892,0.012737064754031531,0.011650822378108678,0.06618116611257162,0.07556475309333588,1.0,0.002211033043406226
S01_QREF_QA_H2_B1_R06_ADD,2,quality_reference,H2,1e+20,2048,G_EXP,OPTIMAL,,0.6259225659926011,24.92576310753965,625922565.9926012,24925763107.53965,0.5695341857475174,0.6,SCENARIO_OPTIMIZED_BOUNDED,FIXED_P0_NOT_OPTIMIZED,2.6091420258649736,9.360958562156955e+19,0.0,6.390414378432483e+18,1.0000000000000205e+20,-2048000.0,1.0000000000000204,BUDGET_BINDING;Q_MAPPING_REFERENCE;QUALITY_COST_INACTIVE,N_IN_SUPPORT;D_IN_SUPPORT;Q_IN_SUPPORT;SCENARIO_ONLY,1.4112577020553018e-21,SCENARIO_ONLY_STRUCTURAL,1,True,Optimization terminated successfully,False,0;1;2;3;4;5;6;7;8;9;10;11;12;13;14;15;16,5.341323051037762,0.0,FIXED_P0,NOT_OPTIMIZED,True,True,1.0968313764252525e-08,2.048e-14,1.41125770418942e-21,CENTRAL_DIFFERENCE,0.11302252583269279,0.0968248321520278,0.00588968021709595,0.11375419105058357,0.07507775607983627,0.0254628540970504,0.11070066007050916,0.005487697351193036,0.09943242344413017,0.002211033043406226,0.04691494424753537,0.11948759779188561,0.019599998284005892,0.012737064754031531,0.011650822378108678,0.06618116611257162,0.07556475309333588,1.0,0.002211033043406226
S01_QREF_QA_H2_B1_R06_ADD,2,quality_reference,H2,1e+20,2048,G_POWER,OPTIMAL,,0.6259225659926011,24.92576310753965,625922565.9926012,24925763107.53965,0.5695341857475174,0.6,SCENARIO_OPTIMIZED_BOUNDED,FIXED_P0_NOT_OPTIMIZED,2.6091420258649736,9.360958562156955e+19,0.0,6.390414378432483e+18,1.0000000000000205e+20,-2048000.0,1.0000000000000204,BUDGET_BINDING;Q_MAPPING_REFERENCE;QUALITY_COST_INACTIVE,N_IN_SUPPORT;D_IN_SUPPORT;Q_IN_SUPPORT;SCENARIO_ONLY,1.4112577020553018e-21,SCENARIO_ONLY_STRUCTURAL,1,True,Optimization terminated successfully,False,0;1;2;3;4;5;6;7;8;9;10;11;12;13;14;15;16,5.341323051037762,0.0,FIXED_P0,NOT_OPTIMIZED,True,True,1.0968313764252525e-08,2.048e-14,1.41125770418942e-21,CENTRAL_DIFFERENCE,0.11302252583269279,0.0968248321520278,0.00588968021709595,0.11375419105058357,0.07507775607983627,0.0254628540970504,0.11070066007050916,0.005487697351193036,0.09943242344413017,0.002211033043406226,0.04691494424753537,0.11948759779188561,0.019599998284005892,0.012737064754031531,0.011650822378108678,0.06618116611257162,0.07556475309333588,1.0,0.002211033043406226
S01_QREF_QA_H2_B1_R06_ADD,2,quality_reference,H2,1e+20,2048,G_LOG,OPTIMAL,,0.6259225659926011,24.92576310753965,625922565.9926012,24925763107.53965,0.5695341857475174,0.6,SCENARIO_OPTIMIZED_BOUNDED,FIXED_P0_NOT_OPTIMIZED,2.6091420258649736,9.360958562156955e+19,0.0,6.390414378432483e+18,1.0000000000000205e+20,-2048000.0,1.0000000000000204,BUDGET_BINDING;Q_MAPPING_REFERENCE;QUALITY_COST_INACTIVE,N_IN_SUPPORT;D_IN_SUPPORT;Q_IN_SUPPORT;SCENARIO_ONLY,1.4112577020553018e-21,SCENARIO_ONLY_STRUCTURAL,1,True,Optimization terminated successfully,False,0;1;2;3;4;5;6;7;8;9;10;11;12;13;14;15;16,5.341323051037762,0.0,FIXED_P0,NOT_OPTIMIZED,True,True,1.0968313764252525e-08,2.048e-14,1.41125770418942e-21,CENTRAL_DIFFERENCE,0.11302252583269279,0.0968248321520278,0.00588968021709595,0.11375419105058357,0.07507775607983627,0.0254628540970504,0.11070066007050916,0.005487697351193036,0.09943242344413017,0.002211033043406226,0.04691494424753537,0.11948759779188561,0.019599998284005892,0.012737064754031531,0.011650822378108678,0.06618116611257162,0.07556475309333588,1.0,0.002211033043406226
S01_QREF_QA_H2_B1_R06_ADD,2,quality_reference,H2,1e+22,2048,G_EXP,OPTIMAL,,5.202388052937086,299.89299999999986,5202388052.937086,299892999999.9999,0.5695341857475174,0.6,SCENARIO_OPTIMIZED_BOUNDED,FIXED_P0_NOT_OPTIMIZED,2.143211279488351,9.360958562156764e+21,0.0,6.390414378432351e+20,1e+22,0.0,1.0,BUDGET_BINDING;D_UPPER;Q_MAPPING_REFERENCE;QUALITY_COST_INACTIVE,N_IN_SUPPORT;D_BOUNDARY;Q_IN_SUPPORT;SCENARIO_ONLY,6.869671302256463e-24,SCENARIO_ONLY_STRUCTURAL,1,True,Optimization terminated successfully,False,0;1;2;3;4;5;6;7;8;9;10;11;12;13;14;15;16,5.341323051037762,0.0,FIXED_P0,NOT_OPTIMIZED,True,True,0.0,0.0,6.86967135433064e-24,CENTRAL_DIFFERENCE,0.11302252583269279,0.0968248321520278,0.00588968021709595,0.11375419105058357,0.07507775607983627,0.0254628540970504,0.11070066007050916,0.005487697351193036,0.09943242344413017,0.002211033043406226,0.04691494424753537,0.11948759779188561,0.019599998284005892,0.012737064754031531,0.011650822378108678,0.06618116611257162,0.07556475309333588,1.0,0.002211033043406226
S01_QREF_QA_H2_B1_R06_ADD,2,quality_reference,H2,1e+22,2048,G_POWER,OPTIMAL,,5.202388052937086,299.89299999999986,5202388052.937086,299892999999.9999,0.5695341857475174,0.6,SCENARIO_OPTIMIZED_BOUNDED,FIXED_P0_NOT_OPTIMIZED,2.143211279488351,9.360958562156764e+21,0.0,6.390414378432351e+20,1e+22,0.0,1.0,BUDGET_BINDING;D_UPPER;Q_MAPPING_REFERENCE;QUALITY_COST_INACTIVE,N_IN_SUPPORT;D_BOUNDARY;Q_IN_SUPPORT;SCENARIO_ONLY,6.869671302256463e-24,SCENARIO_ONLY_STRUCTURAL,1,True,Optimization terminated successfully,False,0;1;2;3;4;5;6;7;8;9;10;11;12;13;14;15;16,5.341323051037762,0.0,FIXED_P0,NOT_OPTIMIZED,True,True,0.0,0.0,6.86967135433064e-24,CENTRAL_DIFFERENCE,0.11302252583269279,0.0968248321520278,0.00588968021709595,0.11375419105058357,0.07507775607983627,0.0254628540970504,0.11070066007050916,0.005487697351193036,0.09943242344413017,0.002211033043406226,0.04691494424753537,0.11948759779188561,0.019599998284005892,0.012737064754031531,0.011650822378108678,0.06618116611257162,0.07556475309333588,1.0,0.002211033043406226
S01_QREF_QA_H2_B1_R06_ADD,2,quality_reference,H2,1e+22,2048,G_LOG,OPTIMAL,,5.202388052937086,299.89299999999986,5202388052.937086,299892999999.9999,0.5695341857475174,0.6,SCENARIO_OPTIMIZED_BOUNDED,FIXED_P0_NOT_OPTIMIZED,2.143211279488351,9.360958562156764e+21,0.0,6.390414378432351e+20,1e+22,0.0,1.0,BUDGET_BINDING;D_UPPER;Q_MAPPING_REFERENCE;QUALITY_COST_INACTIVE,N_IN_SUPPORT;D_BOUNDARY;Q_IN_SUPPORT;SCENARIO_ONLY,6.869671302256463e-24,SCENARIO_ONLY_STRUCTURAL,1,True,Optimization terminated successfully,False,0;1;2;3;4;5;6;7;8;9;10;11;12;13;14;15;16,5.341323051037762,0.0,FIXED_P0,NOT_OPTIMIZED,True,True,0.0,0.0,6.86967135433064e-24,CENTRAL_DIFFERENCE,0.11302252583269279,0.0968248321520278,0.00588968021709595,0.11375419105058357,0.07507775607983627,0.0254628540970504,0.11070066007050916,0.005487697351193036,0.09943242344413017,0.002211033043406226,0.04691494424753537,0.11948759779188561,0.019599998284005892,0.012737064754031531,0.011650822378108678,0.06618116611257162,0.07556475309333588,1.0,0.002211033043406226
S02_QC,3,quality_univariate,H2,1e+18,2048,G_EXP,OPTIMAL,,0.0782485733186677,1.9938507428190209,78248573.31866778,1993850742.8190207,0.5695341857475174,0.6,SCENARIO_OPTIMIZED_BOUNDED,FIXED_P0_NOT_OPTIMIZED,3.55399615594371,9.360958562157263e+17,0.0,6.390414378432692e+16,1.0000000000000532e+18,-53248.0,1.0000000000000533,BUDGET_BINDING;Q_MAPPING_REFERENCE;QUALITY_COST_INACTIVE,N_IN_SUPPORT;D_IN_SUPPORT;Q_IN_SUPPORT;SCENARIO_ONLY,2.8616745176845987e-19,SCENARIO_ONLY_STRUCTURAL,1,True,Optimization terminated successfully,False,0;1;2;3;4;5;6;7;8;9;10;11;12;13;14;15;16,5.341323051037762,0.0,FIXED_P0,NOT_OPTIMIZED,True,True,9.56580035499052e-09,5.3248e-14,2.8616745004150733e-19,CENTRAL_DIFFERENCE,0.11302252583269279,0.0968248321520278,0.00588968021709595,0.11375419105058357,0.07507775607983627,0.0254628540970504,0.11070066007050916,0.005487697351193036,0.09943242344413017,0.002211033043406226,0.04691494424753537,0.11948759779188561,0.019599998284005892,0.012737064754031531,0.011650822378108678,0.06618116611257162,0.07556475309333588,1.0,0.002211033043406226
S02_QC,3,quality_univariate,H2,1e+20,2048,G_EXP,OPTIMAL,,0.6259225659926011,24.92576310753965,625922565.9926012,24925763107.53965,0.5695341857475174,0.6,SCENARIO_OPTIMIZED_BOUNDED,FIXED_P0_NOT_OPTIMIZED,2.6091420258649736,9.360958562156955e+19,0.0,6.390414378432483e+18,1.0000000000000205e+20,-2048000.0,1.0000000000000204,BUDGET_BINDING;Q_MAPPING_REFERENCE;QUALITY_COST_INACTIVE,N_IN_SUPPORT;D_IN_SUPPORT;Q_IN_SUPPORT;SCENARIO_ONLY,1.4112577020553018e-21,SCENARIO_ONLY_STRUCTURAL,1,True,Optimization terminated successfully,False,0;1;2;3;4;5;6;7;8;9;10;11;12;13;14;15;16,5.341323051037762,0.0,FIXED_P0,NOT_OPTIMIZED,True,True,1.0968313764252525e-08,2.048e-14,1.41125770418942e-21,CENTRAL_DIFFERENCE,0.11302252583269279,0.0968248321520278,0.00588968021709595,0.11375419105058357,0.07507775607983627,0.0254628540970504,0.11070066007050916,0.005487697351193036,0.09943242344413017,0.002211033043406226,0.04691494424753537,0.11948759779188561,0.019599998284005892,0.012737064754031531,0.011650822378108678,0.06618116611257162,0.07556475309333588,1.0,0.002211033043406226
S02_QC,3,quality_univariate,H2,1e+22,2048,G_EXP,OPTIMAL,,5.202388052937086,299.89299999999986,5202388052.937086,299892999999.9999,0.5695341857475174,0.6,SCENARIO_OPTIMIZED_BOUNDED,FIXED_P0_NOT_OPTIMIZED,2.143211279488351,9.360958562156764e+21,0.0,6.390414378432351e+20,1e+22,0.0,1.0,BUDGET_BINDING;D_UPPER;Q_MAPPING_REFERENCE;QUALITY_COST_INACTIVE,N_IN_SUPPORT;D_BOUNDARY;Q_IN_SUPPORT;SCENARIO_ONLY,6.869671302256463e-24,SCENARIO_ONLY_STRUCTURAL,1,True,Optimization terminated successfully,False,0;1;2;3;4;5;6;7;8;9;10;11;12;13;14;15;16,5.341323051037762,0.0,FIXED_P0,NOT_OPTIMIZED,True,True,0.0,0.0,6.86967135433064e-24,CENTRAL_DIFFERENCE,0.11302252583269279,0.0968248321520278,0.00588968021709595,0.11375419105058357,0.07507775607983627,0.0254628540970504,0.11070066007050916,0.005487697351193036,0.09943242344413017,0.002211033043406226,0.04691494424753537,0.11948759779188561,0.019599998284005892,0.012737064754031531,0.011650822378108678,0.06618116611257162,0.07556475309333588,1.0,0.002211033043406226
S03_H1_IDENTITY,4,quality_univariate,H1,1e+18,2048,G_EXP,OPTIMAL,,0.0782485585438247,1.993851119296702,78248558.54382472,1993851119.296702,0.5695341857475174,0.5695341857475174,SCENARIO_OPTIMIZED_BOUNDED,FIXED_P0_NOT_OPTIMIZED,3.5604745548983896,9.360958562157504e+17,0.0,6.390414378432858e+16,1.0000000000000792e+18,-79104.0,1.000000000000079,BUDGET_BINDING;Q_REFERENCE_BOUND;QUALITY_COST_INACTIVE,N_IN_SUPPORT;D_IN_SUPPORT;Q_IN_SUPPORT;SCENARIO_ONLY,2.8616745177068033e-19,SCENARIO_ONLY_STRUCTURAL,129,True,Optimization terminated successfully,False,0;1;2;3;4;5;6;7;8;9;10;11;12;13;14;15;16,5.341323051037762,0.0,FIXED_P0,NOT_OPTIMIZED,True,True,1.4384499288206911e-08,7.9104e-14,2.8616745145211895e-19,CENTRAL_DIFFERENCE,0.11302252583269279,0.0968248321520278,0.00588968021709595,0.11375419105058357,0.07507775607983627,0.0254628540970504,0.11070066007050916,0.005487697351193036,0.09943242344413017,0.002211033043406226,0.04691494424753537,0.11948759779188561,0.019599998284005892,0.012737064754031531,0.011650822378108678,0.06618116611257162,0.07556475309333588,1.0,0.002211033043406226
S03_H1_IDENTITY,4,quality_univariate,H1,1e+18,2048,G_POWER,OPTIMAL,,0.0782485676781833,1.993850886544044,78248567.67818338,1993850886.544044,0.5695341857475179,0.5695341857475179,SCENARIO_OPTIMIZED_BOUNDED,FIXED_P0_NOT_OPTIMIZED,3.560474554898408,9.360958562156852e+17,0.0,6.390414378432411e+16,1.0000000000000092e+18,-9216.0,1.000000000000009,BUDGET_BINDING;Q_REFERENCE_BOUND;QUALITY_COST_INACTIVE,N_IN_SUPPORT;D_IN_SUPPORT;Q_IN_SUPPORT;SCENARIO_ONLY,2.8616745177068033e-19,SCENARIO_ONLY_STRUCTURAL,129,True,Optimization terminated successfully,False,0;1;2;3;4;5;6;7;8;9;10;11;12;13;14;15;16,5.341323051037762,0.0,FIXED_P0,NOT_OPTIMIZED,True,True,3.60591359292471e-10,9.216e-15,2.8616745057368347e-19,CENTRAL_DIFFERENCE,0.11302252583269279,0.0968248321520278,0.00588968021709595,0.11375419105058357,0.07507775607983627,0.0254628540970504,0.11070066007050916,0.005487697351193036,0.09943242344413017,0.002211033043406226,0.04691494424753537,0.11948759779188561,0.019599998284005892,0.012737064754031531,0.011650822378108678,0.06618116611257162,0.07556475309333588,1.0,0.002211033043406226
S03_H1_IDENTITY,4,quality_univariate,H1,1e+18,2048,G_LOG,OPTIMAL,,0.0782485739681391,1.9938507262699252,78248573.9681391,1993850726.269925,0.5695341857475231,0.5695341857475231,SCENARIO_OPTIMIZED_BOUNDED,FIXED_P0_NOT_OPTIMIZED,3.560474554898384,9.360958562157606e+17,0.0,6.390414378432927e+16,1.00000000000009e+18,-89856.0,1.00000000000009,BUDGET_BINDING;Q_REFERENCE_BOUND;QUALITY_COST_INACTIVE,N_IN_SUPPORT;D_IN_SUPPORT;Q_IN_SUPPORT;SCENARIO_ONLY,2.8616745177068033e-19,SCENARIO_ONLY_STRUCTURAL,129,True,Optimization terminated successfully,False,0;1;2;3;4;5;6;7;8;9;10;11;12;13;14;15;16,5.341323051037762,0.0,FIXED_P0,NOT_OPTIMIZED,True,True,1.0497755503918696e-08,8.9856e-14,2.8616744986323416e-19,CENTRAL_DIFFERENCE,0.11302252583269279,0.0968248321520278,0.00588968021709595,0.11375419105058357,0.07507775607983627,0.0254628540970504,0.11070066007050916,0.005487697351193036,0.09943242344413017,0.002211033043406226,0.04691494424753537,0.11948759779188561,0.019599998284005892,0.012737064754031531,0.011650822378108678,0.06618116611257162,0.07556475309333588,1.0,0.002211033043406226
S03_H1_IDENTITY,4,quality_univariate,H1,1e+20,2048,G_EXP,OPTIMAL,,0.6368281662658902,24.13735975121694,636828166.2658902,24137359751.21694,0.5999999999999999,0.5999999999999999,SCENARIO_OPTIMIZED_BOUNDED,FIXED_P0_NOT_OPTIMIZED,2.6112678755431333,9.222810329320551e+19,1.4757915219867116e+18,6.296105184816165e+18,1.000000000000084e+20,-8404992.0,1.0000000000000842,BUDGET_BINDING;Q_MAPPING_UPPER,N_IN_SUPPORT;D_IN_SUPPORT;Q_IN_SUPPORT;SCENARIO_ONLY,1.424009956885186e-21,SCENARIO_ONLY_STRUCTURAL,129,True,Optimization terminated successfully,False,0;1;2;3;4;5;6;7;8;9;10;11;12;13;14;15;16,5.341323051037762,0.0,FIXED_P0,NOT_OPTIMIZED,True,True,6.612645464680091e-09,8.404992e-14,1.4240099458350234e-21,CENTRAL_DIFFERENCE,0.11302252583269279,0.0968248321520278,0.00588968021709595,0.11375419105058357,0.07507775607983627,0.0254628540970504,0.11070066007050916,0.005487697351193036,0.09943242344413017,0.002211033043406226,0.04691494424753537,0.11948759779188561,0.019599998284005892,0.012737064754031531,0.011650822378108678,0.06618116611257162,0.07556475309333588,1.0,0.002211033043406226
S03_H1_IDENTITY,4,quality_univariate,H1,1e+20,2048,G_POWER,OPTIMAL,,0.6473407465923627,23.413071406624457,647340746.5923628,23413071406.62446,0.6,0.6,SCENARIO_OPTIMIZED_BOUNDED,FIXED_P0_NOT_OPTIMIZED,2.613334131527536,9.093741074630746e+19,2.85459534675424e+18,6.207993906947923e+18,1.0000000000000962e+20,-9617408.0,1.000000000000096,BUDGET_BINDING;Q_MAPPING_UPPER,N_IN_SUPPORT;D_IN_SUPPORT;Q_IN_SUPPORT;SCENARIO_ONLY,1.436204298266297e-21,SCENARIO_ONLY_STRUCTURAL,129,True,Optimization terminated successfully,False,0;1;2;3;4;5;6;7;8;9;10;11;12;13;14;15;16,5.341323051037762,0.0,FIXED_P0,NOT_OPTIMIZED,True,True,6.247983525675828e-09,9.617408e-14,1.4362042976574773e-21,CENTRAL_DIFFERENCE,0.11302252583269279,0.0968248321520278,0.00588968021709595,0.11375419105058357,0.07507775607983627,0.0254628540970504,0.11070066007050916,0.005487697351193036,0.09943242344413017,0.002211033043406226,0.04691494424753537,0.11948759779188561,0.019599998284005892,0.012737064754031531,0.011650822378108678,0.06618116611257162,0.07556475309333588,1.0,0.002211033043406226
S03_H1_IDENTITY,4,quality_univariate,H1,1e+20,2048,G_LOG,OPTIMAL,,0.6416847101133285,23.798539439777816,641684710.1133285,23798539439.777817,0.6,0.6,SCENARIO_OPTIMIZED_BOUNDED,FIXED_P0_NOT_OPTIMIZED,2.612220423516997,9.162695328920666e+19,2.1179800329241308e+18,6.255066677876508e+18,1.0000000000000727e+20,-7290880.0,1.0000000000000728,BUDGET_BINDING;Q_MAPPING_UPPER,N_IN_SUPPORT;D_IN_SUPPORT;Q_IN_SUPPORT;SCENARIO_ONLY,1.4296552639958549e-21,SCENARIO_ONLY_STRUCTURAL,129,True,Optimization terminated successfully,False,0;1;2;3;4;5;6;7;8;9;10;11;12;13;14;15;16,5.341323051037762,0.0,FIXED_P0,NOT_OPTIMIZED,True,True,5.940085558332466e-09,7.29088e-14,1.4296552530914513e-21,CENTRAL_DIFFERENCE,0.11302252583269279,0.0968248321520278,0.00588968021709595,0.11375419105058357,0.07507775607983627,0.0254628540970504,0.11070066007050916,0.005487697351193036,0.09943242344413017,0.002211033043406226,0.04691494424753537,0.11948759779188561,0.019599998284005892,0.012737064754031531,0.011650822378108678,0.06618116611257162,0.07556475309333588,1.0,0.002211033043406226
S03_H1_IDENTITY,4,quality_univariate,H1,1e+22,2048,G_EXP,OPTIMAL,,5.19284902062438,299.89299999999986,5192849020.62438,299892999999.9999,0.5999999999999998,0.5999999999999998,SCENARIO_OPTIMIZED_BOUNDED,FIXED_P0_NOT_OPTIMIZED,2.1433373958681714,9.34379442805264e+21,1.8335872335036383e+19,6.378696996217268e+20,1.0000000000009404e+22,-9403629568.0,1.0000000000009404,BUDGET_BINDING;D_UPPER;Q_MAPPING_UPPER,N_IN_SUPPORT;D_BOUNDARY;Q_IN_SUPPORT;SCENARIO_ONLY,6.88658611869286e-24,SCENARIO_ONLY_STRUCTURAL,129,True,Optimization terminated successfully,False,0;1;2;3;4;5;6;7;8;9;10;11;12;13;14;15;16,5.341323051037762,0.0,FIXED_P0,NOT_OPTIMIZED,True,True,0.0,9.403629568e-13,6.886586168033742e-24,CENTRAL_DIFFERENCE,0.11302252583269279,0.0968248321520278,0.00588968021709595,0.11375419105058357,0.07507775607983627,0.0254628540970504,0.11070066007050916,0.005487697351193036,0.09943242344413017,0.002211033043406226,0.04691494424753537,0.11948759779188561,0.019599998284005892,0.012737064754031531,0.011650822378108678,0.06618116611257162,0.07556475309333588,1.0,0.002211033043406226
S03_H1_IDENTITY,4,quality_univariate,H1,1e+22,2048,G_POWER,OPTIMAL,,5.18336609416078,299.89299999999986,5183366094.16078,299892999999.9999,0.6,0.6,SCENARIO_OPTIMIZED_BOUNDED,FIXED_P0_NOT_OPTIMIZED,2.1434630785435163,9.326731248456949e+21,3.6563898322283033e+19,6.367048532279943e+20,1.0000000000007229e+22,-7226785792.0,1.0000000000007228,BUDGET_BINDING;D_UPPER;Q_MAPPING_UPPER,N_IN_SUPPORT;D_BOUNDARY;Q_IN_SUPPORT;SCENARIO_ONLY,6.903473668717907e-24,SCENARIO_ONLY_STRUCTURAL,129,True,Optimization terminated successfully,False,0;1;2;3;4;5;6;7;8;9;10;11;12;13;14;15;16,5.341323051037762,0.0,FIXED_P0,NOT_OPTIMIZED,True,True,0.0,7.226785792e-13,6.903473711965906e-24,CENTRAL_DIFFERENCE,0.11302252583269279,0.0968248321520278,0.00588968021709595,0.11375419105058357,0.07507775607983627,0.0254628540970504,0.11070066007050916,0.005487697351193036,0.09943242344413017,0.002211033043406226,0.04691494424753537,0.11948759779188561,0.019599998284005892,0.012737064754031531,0.011650822378108678,0.06618116611257162,0.07556475309333588,1.0,0.002211033043406226
S03_H1_IDENTITY,4,quality_univariate,H1,1e+22,2048,G_LOG,OPTIMAL,,5.188503220935399,299.89299999999986,5188503220.935399,299892999999.9999,0.6,0.6,SCENARIO_OPTIMIZED_BOUNDED,FIXED_P0_NOT_OPTIMIZED,2.1433949550413747,9.335974778615872e+21,2.6689343168348905e+19,6.37335878220177e+20,1.00000000000044e+22,-4399824896.0,1.00000000000044,BUDGET_BINDING;D_UPPER;Q_MAPPING_UPPER,N_IN_SUPPORT;D_BOUNDARY;Q_IN_SUPPORT;SCENARIO_ONLY,6.894316316063964e-24,SCENARIO_ONLY_STRUCTURAL,129,True,Optimization terminated successfully,False,0;1;2;3;4;5;6;7;8;9;10;11;12;13;14;15;16,5.341323051037762,0.0,FIXED_P0,NOT_OPTIMIZED,True,True,1.3877787807814457e-17,4.399824896e-13,6.894316359710698e-24,CENTRAL_DIFFERENCE,0.11302252583269279,0.0968248321520278,0.00588968021709595,0.11375419105058357,0.07507775607983627,0.0254628540970504,0.11070066007050916,0.005487697351193036,0.09943242344413017,0.002211033043406226,0.04691494424753537,0.11948759779188561,0.019599998284005892,0.012737064754031531,0.011650822378108678,0.06618116611257162,0.07556475309333588,1.0,0.002211033043406226
S04_H2_B05,5,quality_univariate,H2,1e+18,2048,G_EXP,OPTIMAL,,0.0782485733186677,1.9938507428190209,78248573.31866778,1993850742.8190207,0.5695341857475174,0.6,SCENARIO_OPTIMIZED_BOUNDED,FIXED_P0_NOT_OPTIMIZED,3.55399615594371,9.360958562157263e+17,0.0,6.390414378432692e+16,1.0000000000000532e+18,-53248.0,1.0000000000000533,BUDGET_BINDING;Q_MAPPING_REFERENCE;QUALITY_COST_INACTIVE,N_IN_SUPPORT;D_IN_SUPPORT;Q_IN_SUPPORT;SCENARIO_ONLY,2.8616745176845987e-19,SCENARIO_ONLY_STRUCTURAL,1,True,Optimization terminated successfully,False,0;1;2;3;4;5;6;7;8;9;10;11;12;13;14;15;16,5.341323051037762,0.0,FIXED_P0,NOT_OPTIMIZED,True,True,9.56580035499052e-09,5.3248e-14,2.8616745004150733e-19,CENTRAL_DIFFERENCE,0.11302252583269279,0.0968248321520278,0.00588968021709595,0.11375419105058357,0.07507775607983627,0.0254628540970504,0.11070066007050916,0.005487697351193036,0.09943242344413017,0.002211033043406226,0.04691494424753537,0.11948759779188561,0.019599998284005892,0.012737064754031531,0.011650822378108678,0.06618116611257162,0.07556475309333588,1.0,0.002211033043406226
S04_H2_B05,5,quality_univariate,H2,1e+20,2048,G_EXP,OPTIMAL,,0.6259225659926011,24.92576310753965,625922565.9926012,24925763107.53965,0.5695341857475174,0.6,SCENARIO_OPTIMIZED_BOUNDED,FIXED_P0_NOT_OPTIMIZED,2.6091420258649736,9.360958562156955e+19,0.0,6.390414378432483e+18,1.0000000000000205e+20,-2048000.0,1.0000000000000204,BUDGET_BINDING;Q_MAPPING_REFERENCE;QUALITY_COST_INACTIVE,N_IN_SUPPORT;D_IN_SUPPORT;Q_IN_SUPPORT;SCENARIO_ONLY,1.4112577020553018e-21,SCENARIO_ONLY_STRUCTURAL,1,True,Optimization terminated successfully,False,0;1;2;3;4;5;6;7;8;9;10;11;12;13;14;15;16,5.341323051037762,0.0,FIXED_P0,NOT_OPTIMIZED,True,True,1.0968313764252525e-08,2.048e-14,1.41125770418942e-21,CENTRAL_DIFFERENCE,0.11302252583269279,0.0968248321520278,0.00588968021709595,0.11375419105058357,0.07507775607983627,0.0254628540970504,0.11070066007050916,0.005487697351193036,0.09943242344413017,0.002211033043406226,0.04691494424753537,0.11948759779188561,0.019599998284005892,0.012737064754031531,0.011650822378108678,0.06618116611257162,0.07556475309333588,1.0,0.002211033043406226
S04_H2_B05,5,quality_univariate,H2,1e+22,2048,G_EXP,OPTIMAL,,5.202388052937086,299.89299999999986,5202388052.937086,299892999999.9999,0.5695341857475174,0.6,SCENARIO_OPTIMIZED_BOUNDED,FIXED_P0_NOT_OPTIMIZED,2.143211279488351,9.360958562156764e+21,0.0,6.390414378432351e+20,1e+22,0.0,1.0,BUDGET_BINDING;D_UPPER;Q_MAPPING_REFERENCE;QUALITY_COST_INACTIVE,N_IN_SUPPORT;D_BOUNDARY;Q_IN_SUPPORT;SCENARIO_ONLY,6.869671302256463e-24,SCENARIO_ONLY_STRUCTURAL,1,True,Optimization terminated successfully,False,0;1;2;3;4;5;6;7;8;9;10;11;12;13;14;15;16,5.341323051037762,0.0,FIXED_P0,NOT_OPTIMIZED,True,True,0.0,0.0,6.86967135433064e-24,CENTRAL_DIFFERENCE,0.11302252583269279,0.0968248321520278,0.00588968021709595,0.11375419105058357,0.07507775607983627,0.0254628540970504,0.11070066007050916,0.005487697351193036,0.09943242344413017,0.002211033043406226,0.04691494424753537,0.11948759779188561,0.019599998284005892,0.012737064754031531,0.011650822378108678,0.06618116611257162,0.07556475309333588,1.0,0.002211033043406226
S05_H2_B20,6,quality_univariate,H2,1e+18,2048,G_EXP,OPTIMAL,,0.0782485733186677,1.9938507428190209,78248573.31866778,1993850742.8190207,0.5695341857475174,0.6,SCENARIO_OPTIMIZED_BOUNDED,FIXED_P0_NOT_OPTIMIZED,3.55399615594371,9.360958562157263e+17,0.0,6.390414378432692e+16,1.0000000000000532e+18,-53248.0,1.0000000000000533,BUDGET_BINDING;Q_MAPPING_REFERENCE;QUALITY_COST_INACTIVE,N_IN_SUPPORT;D_IN_SUPPORT;Q_IN_SUPPORT;SCENARIO_ONLY,2.8616745176845987e-19,SCENARIO_ONLY_STRUCTURAL,1,True,Optimization terminated successfully,False,0;1;2;3;4;5;6;7;8;9;10;11;12;13;14;15;16,5.341323051037762,0.0,FIXED_P0,NOT_OPTIMIZED,True,True,9.56580035499052e-09,5.3248e-14,2.8616745004150733e-19,CENTRAL_DIFFERENCE,0.11302252583269279,0.0968248321520278,0.00588968021709595,0.11375419105058357,0.07507775607983627,0.0254628540970504,0.11070066007050916,0.005487697351193036,0.09943242344413017,0.002211033043406226,0.04691494424753537,0.11948759779188561,0.019599998284005892,0.012737064754031531,0.011650822378108678,0.06618116611257162,0.07556475309333588,1.0,0.002211033043406226
S05_H2_B20,6,quality_univariate,H2,1e+20,2048,G_EXP,OPTIMAL,,0.6259225659926011,24.92576310753965,625922565.9926012,24925763107.53965,0.5695341857475174,0.6,SCENARIO_OPTIMIZED_BOUNDED,FIXED_P0_NOT_OPTIMIZED,2.6091420258649736,9.360958562156955e+19,0.0,6.390414378432483e+18,1.0000000000000205e+20,-2048000.0,1.0000000000000204,BUDGET_BINDING;Q_MAPPING_REFERENCE;QUALITY_COST_INACTIVE,N_IN_SUPPORT;D_IN_SUPPORT;Q_IN_SUPPORT;SCENARIO_ONLY,1.4112577020553018e-21,SCENARIO_ONLY_STRUCTURAL,1,True,Optimization terminated successfully,False,0;1;2;3;4;5;6;7;8;9;10;11;12;13;14;15;16,5.341323051037762,0.0,FIXED_P0,NOT_OPTIMIZED,True,True,1.0968313764252525e-08,2.048e-14,1.41125770418942e-21,CENTRAL_DIFFERENCE,0.11302252583269279,0.0968248321520278,0.00588968021709595,0.11375419105058357,0.07507775607983627,0.0254628540970504,0.11070066007050916,0.005487697351193036,0.09943242344413017,0.002211033043406226,0.04691494424753537,0.11948759779188561,0.019599998284005892,0.012737064754031531,0.011650822378108678,0.06618116611257162,0.07556475309333588,1.0,0.002211033043406226
S05_H2_B20,6,quality_univariate,H2,1e+22,2048,G_EXP,OPTIMAL,,5.202388052937086,299.89299999999986,5202388052.937086,299892999999.9999,0.5695341857475174,0.6,SCENARIO_OPTIMIZED_BOUNDED,FIXED_P0_NOT_OPTIMIZED,2.143211279488351,9.360958562156764e+21,0.0,6.390414378432351e+20,1e+22,0.0,1.0,BUDGET_BINDING;D_UPPER;Q_MAPPING_REFERENCE;QUALITY_COST_INACTIVE,N_IN_SUPPORT;D_BOUNDARY;Q_IN_SUPPORT;SCENARIO_ONLY,6.869671302256463e-24,SCENARIO_ONLY_STRUCTURAL,1,True,Optimization terminated successfully,False,0;1;2;3;4;5;6;7;8;9;10;11;12;13;14;15;16,5.341323051037762,0.0,FIXED_P0,NOT_OPTIMIZED,True,True,0.0,0.0,6.86967135433064e-24,CENTRAL_DIFFERENCE,0.11302252583269279,0.0968248321520278,0.00588968021709595,0.11375419105058357,0.07507775607983627,0.0254628540970504,0.11070066007050916,0.005487697351193036,0.09943242344413017,0.002211033043406226,0.04691494424753537,0.11948759779188561,0.019599998284005892,0.012737064754031531,0.011650822378108678,0.06618116611257162,0.07556475309333588,1.0,0.002211033043406226
S06_H3_EQQUANTILE,7,quality_univariate,H3,1e+18,2048,G_EXP,OPTIMAL,,0.0782485586820029,1.993851115775823,78248558.68200293,1993851115.7758229,0.5695341857475174,0.5999999999999999,SCENARIO_OPTIMIZED_BOUNDED,FIXED_P0_NOT_OPTIMIZED,3.5539961559436977,9.360958562157692e+17,0.0,6.390414378432984e+16,1.000000000000099e+18,-98944.0,1.000000000000099,BUDGET_BINDING;Q_REFERENCE_BOUND;QUALITY_COST_INACTIVE,N_IN_SUPPORT;D_IN_SUPPORT;Q_IN_SUPPORT;SCENARIO_ONLY,2.8616745176845987e-19,SCENARIO_ONLY_STRUCTURAL,129,True,Optimization terminated successfully,False,0;1;2;3;4;5;6;7;8;9;10;11;12;13;14;15;16,5.341323051037762,0.0,FIXED_P0,NOT_OPTIMIZED,True,True,1.4102983515971237e-08,9.8944e-14,2.8616745147510193e-19,CENTRAL_DIFFERENCE,0.11302252583269279,0.0968248321520278,0.00588968021709595,0.11375419105058357,0.07507775607983627,0.0254628540970504,0.11070066007050916,0.005487697351193036,0.09943242344413017,0.002211033043406226,0.04691494424753537,0.11948759779188561,0.019599998284005892,0.012737064754031531,0.011650822378108678,0.06618116611257162,0.07556475309333588,1.0,0.002211033043406226
S06_H3_EQQUANTILE,7,quality_univariate,H3,1e+20,2048,G_EXP,OPTIMAL,,0.6259225591339395,24.925763380668787,625922559.1339395,24925763380.66879,0.5695341857475174,0.5999999999999999,SCENARIO_OPTIMIZED_BOUNDED,FIXED_P0_NOT_OPTIMIZED,2.609142025864971,9.360958562157144e+19,0.0,6.390414378432611e+18,1.0000000000000406e+20,-4063232.0,1.0000000000000406,BUDGET_BINDING;Q_REFERENCE_BOUND;QUALITY_COST_INACTIVE,N_IN_SUPPORT;D_IN_SUPPORT;Q_IN_SUPPORT;SCENARIO_ONLY,1.4112577020553018e-21,SCENARIO_ONLY_STRUCTURAL,129,True,Optimization terminated successfully,False,0;1;2;3;4;5;6;7;8;9;10;11;12;13;14;15;16,5.341323051037762,0.0,FIXED_P0,NOT_OPTIMIZED,True,True,1.1631137421848298e-08,4.063232e-14,1.4112577040590517e-21,CENTRAL_DIFFERENCE,0.11302252583269279,0.0968248321520278,0.00588968021709595,0.11375419105058357,0.07507775607983627,0.0254628540970504,0.11070066007050916,0.005487697351193036,0.09943242344413017,0.002211033043406226,0.04691494424753537,0.11948759779188561,0.019599998284005892,0.012737064754031531,0.011650822378108678,0.06618116611257162,0.07556475309333588,1.0,0.002211033043406226
S06_H3_EQQUANTILE,7,quality_univariate,H3,1e+22,2048,G_EXP,OPTIMAL,,5.20238805294187,299.89299999999986,5202388052.94187,299892999999.9999,0.5695341857475174,0.5999999999999999,SCENARIO_OPTIMIZED_BOUNDED,FIXED_P0_NOT_OPTIMIZED,2.143211279488288,9.360958562165372e+21,0.0,6.390414378438227e+20,1.0000000000009194e+22,-9193914368.0,1.0000000000009197,BUDGET_BINDING;D_UPPER;Q_REFERENCE_BOUND;QUALITY_COST_INACTIVE,N_IN_SUPPORT;D_BOUNDARY;Q_IN_SUPPORT;SCENARIO_ONLY,6.869671302256463e-24,SCENARIO_ONLY_STRUCTURAL,129,True,Optimization terminated successfully,False,0;1;2;3;4;5;6;7;8;9;10;11;12;13;14;15;16,5.341323051037762,0.0,FIXED_P0,NOT_OPTIMIZED,True,True,0.0,9.193914368e-13,6.86967135433064e-24,CENTRAL_DIFFERENCE,0.11302252583269279,0.0968248321520278,0.00588968021709595,0.11375419105058357,0.07507775607983627,0.0254628540970504,0.11070066007050916,0.005487697351193036,0.09943242344413017,0.002211033043406226,0.04691494424753537,0.11948759779188561,0.019599998284005892,0.012737064754031531,0.011650822378108678,0.06618116611257162,0.07556475309333588,1.0,0.002211033043406226
S07_H4_DIRECTION_ONLY,8,quality_univariate,H4,1e+18,2048,NOT_APPLICABLE,NO_NUMERIC_OPTIMUM,DIRECTION_ONLY_NO_NUMERIC_OPTIMUM,,,,,,,NOT_IDENTIFIED_NOT_OPTIMIZED,FIXED_P0_NOT_OPTIMIZED,,,,,,,,,NO_NUMERIC_OPTIMUM,,B1_SOURCE_CONDITIONAL_DRAW_AVAILABLE,0,False,,True,0;1;2;3;4;5;6;7;8;9;10;11;12;13;14;15;16,5.341323051037762,0.0,FIXED_P0,NOT_OPTIMIZED,True,False,,,,,0.11302252583269279,0.0968248321520278,0.00588968021709595,0.11375419105058357,0.07507775607983627,0.0254628540970504,0.11070066007050916,0.005487697351193036,0.09943242344413017,0.002211033043406226,0.04691494424753537,0.11948759779188561,0.019599998284005892,0.012737064754031531,0.011650822378108678,0.06618116611257162,0.07556475309333588,1.0,0.002211033043406226
S07_H4_DIRECTION_ONLY,8,quality_univariate,H4,1e+20,2048,NOT_APPLICABLE,NO_NUMERIC_OPTIMUM,DIRECTION_ONLY_NO_NUMERIC_OPTIMUM,,,,,,,NOT_IDENTIFIED_NOT_OPTIMIZED,FIXED_P0_NOT_OPTIMIZED,,,,,,,,,NO_NUMERIC_OPTIMUM,,B1_SOURCE_CONDITIONAL_DRAW_AVAILABLE,0,False,,True,0;1;2;3;4;5;6;7;8;9;10;11;12;13;14;15;16,5.341323051037762,0.0,FIXED_P0,NOT_OPTIMIZED,True,False,,,,,0.11302252583269279,0.0968248321520278,0.00588968021709595,0.11375419105058357,0.07507775607983627,0.0254628540970504,0.11070066007050916,0.005487697351193036,0.09943242344413017,0.002211033043406226,0.04691494424753537,0.11948759779188561,0.019599998284005892,0.012737064754031531,0.011650822378108678,0.06618116611257162,0.07556475309333588,1.0,0.002211033043406226
S07_H4_DIRECTION_ONLY,8,quality_univariate,H4,1e+22,2048,NOT_APPLICABLE,NO_NUMERIC_OPTIMUM,DIRECTION_ONLY_NO_NUMERIC_OPTIMUM,,,,,,,NOT_IDENTIFIED_NOT_OPTIMIZED,FIXED_P0_NOT_OPTIMIZED,,,,,,,,,NO_NUMERIC_OPTIMUM,,B1_SOURCE_CONDITIONAL_DRAW_AVAILABLE,0,False,,True,0;1;2;3;4;5;6;7;8;9;10;11;12;13;14;15;16,5.341323051037762,0.0,FIXED_P0,NOT_OPTIMIZED,True,False,,,,,0.11302252583269279,0.0968248321520278,0.00588968021709595,0.11375419105058357,0.07507775607983627,0.0254628540970504,0.11070066007050916,0.005487697351193036,0.09943242344413017,0.002211033043406226,0.04691494424753537,0.11948759779188561,0.019599998284005892,0.012737064754031531,0.011650822378108678,0.06618116611257162,0.07556475309333588,1.0,0.002211033043406226
S08_RB1_02,9,quality_univariate,H2,1e+18,2048,G_EXP,OPTIMAL,,0.0782485733186677,1.9938507428190209,78248573.31866778,1993850742.8190207,0.5695341857475174,0.6,SCENARIO_OPTIMIZED_BOUNDED,FIXED_P0_NOT_OPTIMIZED,3.55399615594371,9.360958562157263e+17,0.0,6.390414378432692e+16,1.0000000000000532e+18,-53248.0,1.0000000000000533,BUDGET_BINDING;Q_MAPPING_REFERENCE;QUALITY_COST_INACTIVE,N_IN_SUPPORT;D_IN_SUPPORT;Q_IN_SUPPORT;SCENARIO_ONLY,2.8616745176845987e-19,SCENARIO_ONLY_STRUCTURAL,1,True,Optimization terminated successfully,False,0;1;2;3;4;5;6;7;8;9;10;11;12;13;14;15;16,5.341323051037762,0.0,FIXED_P0,NOT_OPTIMIZED,True,True,9.56580035499052e-09,5.3248e-14,2.8616745004150733e-19,CENTRAL_DIFFERENCE,0.11302252583269279,0.0968248321520278,0.00588968021709595,0.11375419105058357,0.07507775607983627,0.0254628540970504,0.11070066007050916,0.005487697351193036,0.09943242344413017,0.002211033043406226,0.04691494424753537,0.11948759779188561,0.019599998284005892,0.012737064754031531,0.011650822378108678,0.06618116611257162,0.07556475309333588,1.0,0.002211033043406226
S08_RB1_02,9,quality_univariate,H2,1e+20,2048,G_EXP,OPTIMAL,,0.6259225659926011,24.92576310753965,625922565.9926012,24925763107.53965,0.5695341857475174,0.6,SCENARIO_OPTIMIZED_BOUNDED,FIXED_P0_NOT_OPTIMIZED,2.6091420258649736,9.360958562156955e+19,0.0,6.390414378432483e+18,1.0000000000000205e+20,-2048000.0,1.0000000000000204,BUDGET_BINDING;Q_MAPPING_REFERENCE;QUALITY_COST_INACTIVE,N_IN_SUPPORT;D_IN_SUPPORT;Q_IN_SUPPORT;SCENARIO_ONLY,1.4112577020553018e-21,SCENARIO_ONLY_STRUCTURAL,1,True,Optimization terminated successfully,False,0;1;2;3;4;5;6;7;8;9;10;11;12;13;14;15;16,5.341323051037762,0.0,FIXED_P0,NOT_OPTIMIZED,True,True,1.0968313764252525e-08,2.048e-14,1.41125770418942e-21,CENTRAL_DIFFERENCE,0.11302252583269279,0.0968248321520278,0.00588968021709595,0.11375419105058357,0.07507775607983627,0.0254628540970504,0.11070066007050916,0.005487697351193036,0.09943242344413017,0.002211033043406226,0.04691494424753537,0.11948759779188561,0.019599998284005892,0.012737064754031531,0.011650822378108678,0.06618116611257162,0.07556475309333588,1.0,0.002211033043406226
S08_RB1_02,9,quality_univariate,H2,1e+22,2048,G_EXP,OPTIMAL,,5.202388052937086,299.89299999999986,5202388052.937086,299892999999.9999,0.5695341857475174,0.6,SCENARIO_OPTIMIZED_BOUNDED,FIXED_P0_NOT_OPTIMIZED,2.143211279488351,9.360958562156764e+21,0.0,6.390414378432351e+20,1e+22,0.0,1.0,BUDGET_BINDING;D_UPPER;Q_MAPPING_REFERENCE;QUALITY_COST_INACTIVE,N_IN_SUPPORT;D_BOUNDARY;Q_IN_SUPPORT;SCENARIO_ONLY,6.869671302256463e-24,SCENARIO_ONLY_STRUCTURAL,1,True,Optimization terminated successfully,False,0;1;2;3;4;5;6;7;8;9;10;11;12;13;14;15;16,5.341323051037762,0.0,FIXED_P0,NOT_OPTIMIZED,True,True,0.0,0.0,6.86967135433064e-24,CENTRAL_DIFFERENCE,0.11302252583269279,0.0968248321520278,0.00588968021709595,0.11375419105058357,0.07507775607983627,0.0254628540970504,0.11070066007050916,0.005487697351193036,0.09943242344413017,0.002211033043406226,0.04691494424753537,0.11948759779188561,0.019599998284005892,0.012737064754031531,0.011650822378108678,0.06618116611257162,0.07556475309333588,1.0,0.002211033043406226
S09_RB1_09,10,quality_univariate,H2,1e+18,2048,G_EXP,OPTIMAL,,0.0782485733186677,1.9938507428190209,78248573.31866778,1993850742.8190207,0.5695341857475174,0.6,SCENARIO_OPTIMIZED_BOUNDED,FIXED_P0_NOT_OPTIMIZED,3.55399615594371,9.360958562157263e+17,0.0,6.390414378432692e+16,1.0000000000000532e+18,-53248.0,1.0000000000000533,BUDGET_BINDING;Q_MAPPING_REFERENCE;QUALITY_COST_INACTIVE,N_IN_SUPPORT;D_IN_SUPPORT;Q_IN_SUPPORT;SCENARIO_ONLY,2.8616745176845987e-19,SCENARIO_ONLY_STRUCTURAL,1,True,Optimization terminated successfully,False,0;1;2;3;4;5;6;7;8;9;10;11;12;13;14;15;16,5.341323051037762,0.0,FIXED_P0,NOT_OPTIMIZED,True,True,9.56580035499052e-09,5.3248e-14,2.8616745004150733e-19,CENTRAL_DIFFERENCE,0.11302252583269279,0.0968248321520278,0.00588968021709595,0.11375419105058357,0.07507775607983627,0.0254628540970504,0.11070066007050916,0.005487697351193036,0.09943242344413017,0.002211033043406226,0.04691494424753537,0.11948759779188561,0.019599998284005892,0.012737064754031531,0.011650822378108678,0.06618116611257162,0.07556475309333588,1.0,0.002211033043406226
S09_RB1_09,10,quality_univariate,H2,1e+20,2048,G_EXP,OPTIMAL,,0.6259225659926011,24.92576310753965,625922565.9926012,24925763107.53965,0.5695341857475174,0.6,SCENARIO_OPTIMIZED_BOUNDED,FIXED_P0_NOT_OPTIMIZED,2.6091420258649736,9.360958562156955e+19,0.0,6.390414378432483e+18,1.0000000000000205e+20,-2048000.0,1.0000000000000204,BUDGET_BINDING;Q_MAPPING_REFERENCE;QUALITY_COST_INACTIVE,N_IN_SUPPORT;D_IN_SUPPORT;Q_IN_SUPPORT;SCENARIO_ONLY,1.4112577020553018e-21,SCENARIO_ONLY_STRUCTURAL,1,True,Optimization terminated successfully,False,0;1;2;3;4;5;6;7;8;9;10;11;12;13;14;15;16,5.341323051037762,0.0,FIXED_P0,NOT_OPTIMIZED,True,True,1.0968313764252525e-08,2.048e-14,1.41125770418942e-21,CENTRAL_DIFFERENCE,0.11302252583269279,0.0968248321520278,0.00588968021709595,0.11375419105058357,0.07507775607983627,0.0254628540970504,0.11070066007050916,0.005487697351193036,0.09943242344413017,0.002211033043406226,0.04691494424753537,0.11948759779188561,0.019599998284005892,0.012737064754031531,0.011650822378108678,0.06618116611257162,0.07556475309333588,1.0,0.002211033043406226
S09_RB1_09,10,quality_univariate,H2,1e+22,2048,G_EXP,OPTIMAL,,5.202388052937086,299.89299999999986,5202388052.937086,299892999999.9999,0.5695341857475174,0.6,SCENARIO_OPTIMIZED_BOUNDED,FIXED_P0_NOT_OPTIMIZED,2.143211279488351,9.360958562156764e+21,0.0,6.390414378432351e+20,1e+22,0.0,1.0,BUDGET_BINDING;D_UPPER;Q_MAPPING_REFERENCE;QUALITY_COST_INACTIVE,N_IN_SUPPORT;D_BOUNDARY;Q_IN_SUPPORT;SCENARIO_ONLY,6.869671302256463e-24,SCENARIO_ONLY_STRUCTURAL,1,True,Optimization terminated successfully,False,0;1;2;3;4;5;6;7;8;9;10;11;12;13;14;15;16,5.341323051037762,0.0,FIXED_P0,NOT_OPTIMIZED,True,True,0.0,0.0,6.86967135433064e-24,CENTRAL_DIFFERENCE,0.11302252583269279,0.0968248321520278,0.00588968021709595,0.11375419105058357,0.07507775607983627,0.0254628540970504,0.11070066007050916,0.005487697351193036,0.09943242344413017,0.002211033043406226,0.04691494424753537,0.11948759779188561,0.019599998284005892,0.012737064754031531,0.011650822378108678,0.06618116611257162,0.07556475309333588,1.0,0.002211033043406226
S10_RHOQ_00,11,quality_univariate,H2,1e+18,2048,NOT_APPLICABLE,OPTIMAL,,0.0782485759122463,1.993850676732974,78248575.91224633,1993850676.732974,,,NOT_IDENTIFIED_NOT_OPTIMIZED,FIXED_P0_NOT_OPTIMIZED,3.553996155943583,9.360958562161432e+17,0.0,6.390414378435537e+16,1.0000000000004984e+18,-498432.0,1.0000000000004985,BUDGET_BINDING,N_IN_SUPPORT;D_IN_SUPPORT;IDENTIFIED_NULL,2.8429387519235404e-19,B1_SOURCE_CONDITIONAL_DRAW_AVAILABLE,60,True,Optimization terminated successfully,True,0;1;2;3;4;5;6;7;8;9;10;11;12;13;14;15;16,5.341323051037762,0.0,FIXED_P0,NOT_OPTIMIZED,True,False,1.3638901985160256e-08,4.98432e-13,2.8616744965882433e-19,CENTRAL_DIFFERENCE,0.11302252583269279,0.0968248321520278,0.00588968021709595,0.11375419105058357,0.07507775607983627,0.0254628540970504,0.11070066007050916,0.005487697351193036,0.09943242344413017,0.002211033043406226,0.04691494424753537,0.11948759779188561,0.019599998284005892,0.012737064754031531,0.011650822378108678,0.06618116611257162,0.07556475309333588,1.0,0.002211033043406226
S10_RHOQ_00,11,quality_univariate,H2,1e+20,2048,NOT_APPLICABLE,OPTIMAL,,0.6259226998974462,24.92575777512277,625922699.8974462,24925757775.12277,,,NOT_IDENTIFIED_NOT_OPTIMIZED,FIXED_P0_NOT_OPTIMIZED,2.609142025864975,9.360958562156764e+19,0.0,6.390414378432351e+18,1e+20,0.0,1.0,BUDGET_BINDING,N_IN_SUPPORT;D_IN_SUPPORT;IDENTIFIED_NULL,1.404448781983092e-21,B1_SOURCE_CONDITIONAL_DRAW_AVAILABLE,156,True,Optimization terminated successfully,True,0;1;2;3;4;5;6;7;8;9;10;11;12;13;14;15;16,5.341323051037762,0.0,FIXED_P0,NOT_OPTIMIZED,True,False,2.3597247318359207e-09,0.0,1.4112576940719197e-21,CENTRAL_DIFFERENCE,0.11302252583269279,0.0968248321520278,0.00588968021709595,0.11375419105058357,0.07507775607983627,0.0254628540970504,0.11070066007050916,0.005487697351193036,0.09943242344413017,0.002211033043406226,0.04691494424753537,0.11948759779188561,0.019599998284005892,0.012737064754031531,0.011650822378108678,0.06618116611257162,0.07556475309333588,1.0,0.002211033043406226
S10_RHOQ_00,11,quality_univariate,H2,1e+22,2048,NOT_APPLICABLE,OPTIMAL,,5.202388052937086,299.89299999999986,5202388052.937086,299892999999.9999,,,NOT_IDENTIFIED_NOT_OPTIMIZED,FIXED_P0_NOT_OPTIMIZED,2.143211279488351,9.360958562156764e+21,0.0,6.390414378432351e+20,1e+22,0.0,1.0,BUDGET_BINDING;D_UPPER,N_IN_SUPPORT;D_BOUNDARY;IDENTIFIED_NULL,7.042780794996874e-24,B1_SOURCE_CONDITIONAL_DRAW_AVAILABLE,111,True,Optimization terminated successfully,True,0;1;2;3;4;5;6;7;8;9;10;11;12;13;14;15;16,5.341323051037762,0.0,FIXED_P0,NOT_OPTIMIZED,True,False,0.0,0.0,6.86967135433064e-24,CENTRAL_DIFFERENCE,0.11302252583269279,0.0968248321520278,0.00588968021709595,0.11375419105058357,0.07507775607983627,0.0254628540970504,0.11070066007050916,0.005487697351193036,0.09943242344413017,0.002211033043406226,0.04691494424753537,0.11948759779188561,0.019599998284005892,0.012737064754031531,0.011650822378108678,0.06618116611257162,0.07556475309333588,1.0,0.002211033043406226
S11_RHOQ_05,12,quality_univariate,H2,1e+18,2048,G_EXP,OPTIMAL,,0.0782485733186677,1.9938507428190209,78248573.31866778,1993850742.8190207,0.5695341857475174,0.6,SCENARIO_OPTIMIZED_BOUNDED,FIXED_P0_NOT_OPTIMIZED,3.55399615594371,9.360958562157263e+17,0.0,6.390414378432692e+16,1.0000000000000532e+18,-53248.0,1.0000000000000533,BUDGET_BINDING;Q_MAPPING_REFERENCE;QUALITY_COST_INACTIVE,N_IN_SUPPORT;D_IN_SUPPORT;Q_IN_SUPPORT;SCENARIO_ONLY,2.8616745176845987e-19,SCENARIO_ONLY_STRUCTURAL,1,True,Optimization terminated successfully,False,0;1;2;3;4;5;6;7;8;9;10;11;12;13;14;15;16,5.341323051037762,0.0,FIXED_P0,NOT_OPTIMIZED,True,True,9.56580035499052e-09,5.3248e-14,2.8616745004150733e-19,CENTRAL_DIFFERENCE,0.11302252583269279,0.0968248321520278,0.00588968021709595,0.11375419105058357,0.07507775607983627,0.0254628540970504,0.11070066007050916,0.005487697351193036,0.09943242344413017,0.002211033043406226,0.04691494424753537,0.11948759779188561,0.019599998284005892,0.012737064754031531,0.011650822378108678,0.06618116611257162,0.07556475309333588,1.0,0.002211033043406226
S11_RHOQ_05,12,quality_univariate,H2,1e+20,2048,G_EXP,OPTIMAL,,0.6259225659926011,24.92576310753965,625922565.9926012,24925763107.53965,0.5695341857475174,0.6,SCENARIO_OPTIMIZED_BOUNDED,FIXED_P0_NOT_OPTIMIZED,2.6091420258649736,9.360958562156955e+19,0.0,6.390414378432483e+18,1.0000000000000205e+20,-2048000.0,1.0000000000000204,BUDGET_BINDING;Q_MAPPING_REFERENCE;QUALITY_COST_INACTIVE,N_IN_SUPPORT;D_IN_SUPPORT;Q_IN_SUPPORT;SCENARIO_ONLY,1.4112577020553018e-21,SCENARIO_ONLY_STRUCTURAL,1,True,Optimization terminated successfully,False,0;1;2;3;4;5;6;7;8;9;10;11;12;13;14;15;16,5.341323051037762,0.0,FIXED_P0,NOT_OPTIMIZED,True,True,1.0968313764252525e-08,2.048e-14,1.41125770418942e-21,CENTRAL_DIFFERENCE,0.11302252583269279,0.0968248321520278,0.00588968021709595,0.11375419105058357,0.07507775607983627,0.0254628540970504,0.11070066007050916,0.005487697351193036,0.09943242344413017,0.002211033043406226,0.04691494424753537,0.11948759779188561,0.019599998284005892,0.012737064754031531,0.011650822378108678,0.06618116611257162,0.07556475309333588,1.0,0.002211033043406226
S11_RHOQ_05,12,quality_univariate,H2,1e+22,2048,G_EXP,OPTIMAL,,5.202388052937086,299.89299999999986,5202388052.937086,299892999999.9999,0.5695341857475174,0.6,SCENARIO_OPTIMIZED_BOUNDED,FIXED_P0_NOT_OPTIMIZED,2.143211279488351,9.360958562156764e+21,0.0,6.390414378432351e+20,1e+22,0.0,1.0,BUDGET_BINDING;D_UPPER;Q_MAPPING_REFERENCE;QUALITY_COST_INACTIVE,N_IN_SUPPORT;D_BOUNDARY;Q_IN_SUPPORT;SCENARIO_ONLY,6.869671302256463e-24,SCENARIO_ONLY_STRUCTURAL,1,True,Optimization terminated successfully,False,0;1;2;3;4;5;6;7;8;9;10;11;12;13;14;15;16,5.341323051037762,0.0,FIXED_P0,NOT_OPTIMIZED,True,True,0.0,0.0,6.86967135433064e-24,CENTRAL_DIFFERENCE,0.11302252583269279,0.0968248321520278,0.00588968021709595,0.11375419105058357,0.07507775607983627,0.0254628540970504,0.11070066007050916,0.005487697351193036,0.09943242344413017,0.002211033043406226,0.04691494424753537,0.11948759779188561,0.019599998284005892,0.012737064754031531,0.011650822378108678,0.06618116611257162,0.07556475309333588,1.0,0.002211033043406226
S12_EFF_KEEP_ETA,13,quality_univariate,H2,1e+18,2048,G_EXP,OPTIMAL,,0.0782485733186677,1.9938507428190209,78248573.31866778,1993850742.8190207,0.5695341857475174,0.6,SCENARIO_OPTIMIZED_BOUNDED,FIXED_P0_NOT_OPTIMIZED,3.55399615594371,9.360958562157263e+17,0.0,6.390414378432692e+16,1.0000000000000532e+18,-53248.0,1.0000000000000533,BUDGET_BINDING;Q_MAPPING_REFERENCE;QUALITY_COST_INACTIVE,N_IN_SUPPORT;D_IN_SUPPORT;Q_IN_SUPPORT;SCENARIO_ONLY,2.8616745176845987e-19,SCENARIO_ONLY_STRUCTURAL,1,True,Optimization terminated successfully,False,0;1;2;3;4;5;6;7;8;9;10;11;12;13;14;15;16,5.341323051037762,0.0,FIXED_P0,NOT_OPTIMIZED,True,True,9.56580035499052e-09,5.3248e-14,2.8616745004150733e-19,CENTRAL_DIFFERENCE,0.11302252583269279,0.0968248321520278,0.00588968021709595,0.11375419105058357,0.07507775607983627,0.0254628540970504,0.11070066007050916,0.005487697351193036,0.09943242344413017,0.002211033043406226,0.04691494424753537,0.11948759779188561,0.019599998284005892,0.012737064754031531,0.011650822378108678,0.06618116611257162,0.07556475309333588,1.0,0.002211033043406226
S12_EFF_KEEP_ETA,13,quality_univariate,H2,1e+20,2048,G_EXP,OPTIMAL,,0.6259225659926011,24.92576310753965,625922565.9926012,24925763107.53965,0.5695341857475174,0.6,SCENARIO_OPTIMIZED_BOUNDED,FIXED_P0_NOT_OPTIMIZED,2.6091420258649736,9.360958562156955e+19,0.0,6.390414378432483e+18,1.0000000000000205e+20,-2048000.0,1.0000000000000204,BUDGET_BINDING;Q_MAPPING_REFERENCE;QUALITY_COST_INACTIVE,N_IN_SUPPORT;D_IN_SUPPORT;Q_IN_SUPPORT;SCENARIO_ONLY,1.4112577020553018e-21,SCENARIO_ONLY_STRUCTURAL,1,True,Optimization terminated successfully,False,0;1;2;3;4;5;6;7;8;9;10;11;12;13;14;15;16,5.341323051037762,0.0,FIXED_P0,NOT_OPTIMIZED,True,True,1.0968313764252525e-08,2.048e-14,1.41125770418942e-21,CENTRAL_DIFFERENCE,0.11302252583269279,0.0968248321520278,0.00588968021709595,0.11375419105058357,0.07507775607983627,0.0254628540970504,0.11070066007050916,0.005487697351193036,0.09943242344413017,0.002211033043406226,0.04691494424753537,0.11948759779188561,0.019599998284005892,0.012737064754031531,0.011650822378108678,0.06618116611257162,0.07556475309333588,1.0,0.002211033043406226
S12_EFF_KEEP_ETA,13,quality_univariate,H2,1e+22,2048,G_EXP,OPTIMAL,,5.202388052937086,299.89299999999986,5202388052.937086,299892999999.9999,0.5695341857475174,0.6,SCENARIO_OPTIMIZED_BOUNDED,FIXED_P0_NOT_OPTIMIZED,2.143211279488351,9.360958562156764e+21,0.0,6.390414378432351e+20,1e+22,0.0,1.0,BUDGET_BINDING;D_UPPER;Q_MAPPING_REFERENCE;QUALITY_COST_INACTIVE,N_IN_SUPPORT;D_BOUNDARY;Q_IN_SUPPORT;SCENARIO_ONLY,6.869671302256463e-24,SCENARIO_ONLY_STRUCTURAL,1,True,Optimization terminated successfully,False,0;1;2;3;4;5;6;7;8;9;10;11;12;13;14;15;16,5.341323051037762,0.0,FIXED_P0,NOT_OPTIMIZED,True,True,0.0,0.0,6.86967135433064e-24,CENTRAL_DIFFERENCE,0.11302252583269279,0.0968248321520278,0.00588968021709595,0.11375419105058357,0.07507775607983627,0.0254628540970504,0.11070066007050916,0.005487697351193036,0.09943242344413017,0.002211033043406226,0.04691494424753537,0.11948759779188561,0.019599998284005892,0.012737064754031531,0.011650822378108678,0.06618116611257162,0.07556475309333588,1.0,0.002211033043406226
S13_EFF_KEEP_K,14,quality_univariate,H2,1e+18,2048,G_EXP,OPTIMAL,,0.0782485733186677,1.9938507428190209,78248573.31866778,1993850742.8190207,0.5695341857475174,0.6,SCENARIO_OPTIMIZED_BOUNDED,FIXED_P0_NOT_OPTIMIZED,3.55399615594371,9.360958562157263e+17,0.0,6.390414378432692e+16,1.0000000000000532e+18,-53248.0,1.0000000000000533,BUDGET_BINDING;Q_MAPPING_REFERENCE;QUALITY_COST_INACTIVE,N_IN_SUPPORT;D_IN_SUPPORT;Q_IN_SUPPORT;SCENARIO_ONLY,2.8616745176845987e-19,SCENARIO_ONLY_STRUCTURAL,1,True,Optimization terminated successfully,False,0;1;2;3;4;5;6;7;8;9;10;11;12;13;14;15;16,5.341323051037762,0.0,FIXED_P0,NOT_OPTIMIZED,True,True,9.56580035499052e-09,5.3248e-14,2.8616745004150733e-19,CENTRAL_DIFFERENCE,0.11302252583269279,0.0968248321520278,0.00588968021709595,0.11375419105058357,0.07507775607983627,0.0254628540970504,0.11070066007050916,0.005487697351193036,0.09943242344413017,0.002211033043406226,0.04691494424753537,0.11948759779188561,0.019599998284005892,0.012737064754031531,0.011650822378108678,0.06618116611257162,0.07556475309333588,1.0,0.002211033043406226
S13_EFF_KEEP_K,14,quality_univariate,H2,1e+20,2048,G_EXP,OPTIMAL,,0.6259225659926011,24.92576310753965,625922565.9926012,24925763107.53965,0.5695341857475174,0.6,SCENARIO_OPTIMIZED_BOUNDED,FIXED_P0_NOT_OPTIMIZED,2.6091420258649736,9.360958562156955e+19,0.0,6.390414378432483e+18,1.0000000000000205e+20,-2048000.0,1.0000000000000204,BUDGET_BINDING;Q_MAPPING_REFERENCE;QUALITY_COST_INACTIVE,N_IN_SUPPORT;D_IN_SUPPORT;Q_IN_SUPPORT;SCENARIO_ONLY,1.4112577020553018e-21,SCENARIO_ONLY_STRUCTURAL,1,True,Optimization terminated successfully,False,0;1;2;3;4;5;6;7;8;9;10;11;12;13;14;15;16,5.341323051037762,0.0,FIXED_P0,NOT_OPTIMIZED,True,True,1.0968313764252525e-08,2.048e-14,1.41125770418942e-21,CENTRAL_DIFFERENCE,0.11302252583269279,0.0968248321520278,0.00588968021709595,0.11375419105058357,0.07507775607983627,0.0254628540970504,0.11070066007050916,0.005487697351193036,0.09943242344413017,0.002211033043406226,0.04691494424753537,0.11948759779188561,0.019599998284005892,0.012737064754031531,0.011650822378108678,0.06618116611257162,0.07556475309333588,1.0,0.002211033043406226
S13_EFF_KEEP_K,14,quality_univariate,H2,1e+22,2048,G_EXP,OPTIMAL,,5.202388052937086,299.89299999999986,5202388052.937086,299892999999.9999,0.5695341857475174,0.6,SCENARIO_OPTIMIZED_BOUNDED,FIXED_P0_NOT_OPTIMIZED,2.143211279488351,9.360958562156764e+21,0.0,6.390414378432351e+20,1e+22,0.0,1.0,BUDGET_BINDING;D_UPPER;Q_MAPPING_REFERENCE;QUALITY_COST_INACTIVE,N_IN_SUPPORT;D_BOUNDARY;Q_IN_SUPPORT;SCENARIO_ONLY,6.869671302256463e-24,SCENARIO_ONLY_STRUCTURAL,1,True,Optimization terminated successfully,False,0;1;2;3;4;5;6;7;8;9;10;11;12;13;14;15;16,5.341323051037762,0.0,FIXED_P0,NOT_OPTIMIZED,True,True,0.0,0.0,6.86967135433064e-24,CENTRAL_DIFFERENCE,0.11302252583269279,0.0968248321520278,0.00588968021709595,0.11375419105058357,0.07507775607983627,0.0254628540970504,0.11070066007050916,0.005487697351193036,0.09943242344413017,0.002211033043406226,0.04691494424753537,0.11948759779188561,0.019599998284005892,0.012737064754031531,0.011650822378108678,0.06618116611257162,0.07556475309333588,1.0,0.002211033043406226
S14_MIX_TAU05,15,mixture_transport_univariate,H0,1e+18,2048,NOT_APPLICABLE,OPTIMAL,,0.0782485696310091,1.993850836784463,78248569.63100916,1993850836.784463,,,NOT_IDENTIFIED_NOT_OPTIMIZED,A4_CONVEX_HULL_OPTIMIZED,3.2068226113054656,9.360958562158496e+17,0.0,6.3904143784335336e+16,1.000000000000185e+18,-184960.0,1.000000000000185,BUDGET_BINDING,N_IN_SUPPORT;D_IN_SUPPORT;SCENARIO_ONLY,2.8429387519235404e-19,SCENARIO_ONLY_STRUCTURAL,60,True,Optimization terminated successfully,True,1;2;3;5;6;7;10;11;12;14;15;16,4.646975961761349,-0.694347089276413,MIN_SUPPORTED_TRAINING_RECIPE,LP_MATCH_VERTEX_OPTIMUM,True,False,3.5017377227770882e-09,1.8496e-13,2.8616745036927365e-19,CENTRAL_DIFFERENCE,0.0,0.018018018018018018,0.05405405405405405,0.05905905905905905,0.0,0.22522522522522523,0.15915915915915915,0.008008008008008008,0.0,0.0,0.0850850850850851,0.1871871871871872,0.16216216216216217,0.0,0.03903903903903904,0.001001001001001001,0.002002002002002002,1.0,0.0
S14_MIX_TAU05,15,mixture_transport_univariate,H0,1e+20,2048,NOT_APPLICABLE,OPTIMAL,,0.6259228227330087,24.92575288351738,625922822.7330087,24925752883.51738,,,NOT_IDENTIFIED_NOT_OPTIMIZED,A4_CONVEX_HULL_OPTIMIZED,2.261968481226752,9.360958562157978e+19,0.0,6.390414378433179e+18,1.0000000000001296e+20,-12959744.0,1.0000000000001297,BUDGET_BINDING,N_IN_SUPPORT;D_IN_SUPPORT;SCENARIO_ONLY,1.404448781983092e-21,SCENARIO_ONLY_STRUCTURAL,156,True,Optimization terminated successfully,True,1;2;3;5;6;7;10;11;12;14;15;16,4.646975961761349,-0.694347089276413,MIN_SUPPORTED_TRAINING_RECIPE,LP_MATCH_VERTEX_OPTIMUM,True,False,1.4293729475882444e-08,1.2959744e-13,1.4112576875353988e-21,CENTRAL_DIFFERENCE,0.0,0.018018018018018018,0.05405405405405405,0.05905905905905905,0.0,0.22522522522522523,0.15915915915915915,0.008008008008008008,0.0,0.0,0.0850850850850851,0.1871871871871872,0.16216216216216217,0.0,0.03903903903903904,0.001001001001001001,0.002002002002002002,1.0,0.0
S14_MIX_TAU05,15,mixture_transport_univariate,H0,1e+22,2048,NOT_APPLICABLE,OPTIMAL,,5.202388052937086,299.89299999999986,5202388052.937086,299892999999.9999,,,NOT_IDENTIFIED_NOT_OPTIMIZED,A4_CONVEX_HULL_OPTIMIZED,1.7960377348501446,9.360958562156764e+21,0.0,6.390414378432351e+20,1e+22,0.0,1.0,BUDGET_BINDING;D_UPPER,N_IN_SUPPORT;D_BOUNDARY;SCENARIO_ONLY,7.042780794996874e-24,SCENARIO_ONLY_STRUCTURAL,111,True,Optimization terminated successfully,True,1;2;3;5;6;7;10;11;12;14;15;16,4.646975961761349,-0.694347089276413,MIN_SUPPORTED_TRAINING_RECIPE,LP_MATCH_VERTEX_OPTIMUM,True,False,0.0,0.0,6.86967135433064e-24,CENTRAL_DIFFERENCE,0.0,0.018018018018018018,0.05405405405405405,0.05905905905905905,0.0,0.22522522522522523,0.15915915915915915,0.008008008008008008,0.0,0.0,0.0850850850850851,0.1871871871871872,0.16216216216216217,0.0,0.03903903903903904,0.001001001001001001,0.002002002002002002,1.0,0.0
S15_MIX_TAU10,16,mixture_transport_univariate,H0,1e+18,2048,NOT_APPLICABLE,OPTIMAL,,0.0782485759122463,1.993850676732974,78248575.91224633,1993850676.732974,,,NOT_IDENTIFIED_NOT_OPTIMIZED,A4_CONVEX_HULL_OPTIMIZED,2.85964906666717,9.360958562161432e+17,0.0,6.390414378435537e+16,1.0000000000004984e+18,-498432.0,1.0000000000004985,BUDGET_BINDING,N_IN_SUPPORT;D_IN_SUPPORT;SCENARIO_ONLY,2.8429387519235404e-19,SCENARIO_ONLY_STRUCTURAL,60,True,Optimization terminated successfully,True,1;2;3;5;6;7;10;11;12;14;15;16,4.646975961761349,-0.694347089276413,MIN_SUPPORTED_TRAINING_RECIPE,LP_MATCH_VERTEX_OPTIMUM,True,False,1.3638901985160256e-08,4.98432e-13,2.8616744965882433e-19,CENTRAL_DIFFERENCE,0.0,0.018018018018018018,0.05405405405405405,0.05905905905905905,0.0,0.22522522522522523,0.15915915915915915,0.008008008008008008,0.0,0.0,0.0850850850850851,0.1871871871871872,0.16216216216216217,0.0,0.03903903903903904,0.001001001001001001,0.002002002002002002,1.0,0.0
S15_MIX_TAU10,16,mixture_transport_univariate,H0,1e+20,2048,NOT_APPLICABLE,OPTIMAL,,0.6259226998974462,24.92575777512277,625922699.8974462,24925757775.12277,,,NOT_IDENTIFIED_NOT_OPTIMIZED,A4_CONVEX_HULL_OPTIMIZED,1.914794936588562,9.360958562156764e+19,0.0,6.390414378432351e+18,1e+20,0.0,1.0,BUDGET_BINDING,N_IN_SUPPORT;D_IN_SUPPORT;SCENARIO_ONLY,1.404448781983092e-21,SCENARIO_ONLY_STRUCTURAL,156,True,Optimization terminated successfully,True,1;2;3;5;6;7;10;11;12;14;15;16,4.646975961761349,-0.694347089276413,MIN_SUPPORTED_TRAINING_RECIPE,LP_MATCH_VERTEX_OPTIMUM,True,False,2.3597247318359207e-09,0.0,1.4112576940719197e-21,CENTRAL_DIFFERENCE,0.0,0.018018018018018018,0.05405405405405405,0.05905905905905905,0.0,0.22522522522522523,0.15915915915915915,0.008008008008008008,0.0,0.0,0.0850850850850851,0.1871871871871872,0.16216216216216217,0.0,0.03903903903903904,0.001001001001001001,0.002002002002002002,1.0,0.0
S15_MIX_TAU10,16,mixture_transport_univariate,H0,1e+22,2048,NOT_APPLICABLE,OPTIMAL,,5.202388052937086,299.89299999999986,5202388052.937086,299892999999.9999,,,NOT_IDENTIFIED_NOT_OPTIMIZED,A4_CONVEX_HULL_OPTIMIZED,1.448864190211938,9.360958562156764e+21,0.0,6.390414378432351e+20,1e+22,0.0,1.0,BUDGET_BINDING;D_UPPER,N_IN_SUPPORT;D_BOUNDARY;SCENARIO_ONLY,7.042780794996874e-24,SCENARIO_ONLY_STRUCTURAL,111,True,Optimization terminated successfully,True,1;2;3;5;6;7;10;11;12;14;15;16,4.646975961761349,-0.694347089276413,MIN_SUPPORTED_TRAINING_RECIPE,LP_MATCH_VERTEX_OPTIMUM,True,False,0.0,0.0,6.86967135433064e-24,CENTRAL_DIFFERENCE,0.0,0.018018018018018018,0.05405405405405405,0.05905905905905905,0.0,0.22522522522522523,0.15915915915915915,0.008008008008008008,0.0,0.0,0.0850850850850851,0.1871871871871872,0.16216216216216217,0.0,0.03903903903903904,0.001001001001001001,0.002002002002002002,1.0,0.0
S16_MIX_TAUM10_STRESS,17,mixture_transport_univariate,H0,1e+18,2048,NOT_APPLICABLE,OPTIMAL,,0.0782485759122463,1.993850676732974,78248575.91224633,1993850676.732974,,,NOT_IDENTIFIED_NOT_OPTIMIZED,A4_CONVEX_HULL_OPTIMIZED,3.200519397286823,9.360958562161432e+17,0.0,6.390414378435537e+16,1.0000000000004984e+18,-498432.0,1.0000000000004985,BUDGET_BINDING,N_IN_SUPPORT;D_IN_SUPPORT;SCENARIO_ONLY,2.8429387519235404e-19,SCENARIO_ONLY_STRUCTURAL,60,True,Optimization terminated successfully,True,1;6;11,5.694799809694521,0.3534767586567602,FAILURE_STRESS_MAX_SUPPORTED_TRAINING_RECIPE,LP_MATCH_VERTEX_OPTIMUM,True,False,1.3638901985160256e-08,4.98432e-13,2.8616744965882433e-19,CENTRAL_DIFFERENCE,0.0,0.592,0.0,0.0,0.0,0.0,0.406,0.0,0.0,0.0,0.0,0.002,0.0,0.0,0.0,0.0,0.0,1.0,0.0
S16_MIX_TAUM10_STRESS,17,mixture_transport_univariate,H0,1e+20,2048,NOT_APPLICABLE,OPTIMAL,,0.6259226998974462,24.92575777512277,625922699.8974462,24925757775.12277,,,NOT_IDENTIFIED_NOT_OPTIMIZED,A4_CONVEX_HULL_OPTIMIZED,2.2556652672082147,9.360958562156764e+19,0.0,6.390414378432351e+18,1e+20,0.0,1.0,BUDGET_BINDING,N_IN_SUPPORT;D_IN_SUPPORT;SCENARIO_ONLY,1.404448781983092e-21,SCENARIO_ONLY_STRUCTURAL,156,True,Optimization terminated successfully,True,1;6;11,5.694799809694521,0.3534767586567602,FAILURE_STRESS_MAX_SUPPORTED_TRAINING_RECIPE,LP_MATCH_VERTEX_OPTIMUM,True,False,2.3597247318359207e-09,0.0,1.4112576940719197e-21,CENTRAL_DIFFERENCE,0.0,0.592,0.0,0.0,0.0,0.0,0.406,0.0,0.0,0.0,0.0,0.002,0.0,0.0,0.0,0.0,0.0,1.0,0.0
S16_MIX_TAUM10_STRESS,17,mixture_transport_univariate,H0,1e+22,2048,NOT_APPLICABLE,OPTIMAL,,5.202388052937086,299.89299999999986,5202388052.937086,299892999999.9999,,,NOT_IDENTIFIED_NOT_OPTIMIZED,A4_CONVEX_HULL_OPTIMIZED,1.789734520831591,9.360958562156764e+21,0.0,6.390414378432351e+20,1e+22,0.0,1.0,BUDGET_BINDING;D_UPPER,N_IN_SUPPORT;D_BOUNDARY;SCENARIO_ONLY,7.042780794996874e-24,SCENARIO_ONLY_STRUCTURAL,111,True,Optimization terminated successfully,True,1;6;11,5.694799809694521,0.3534767586567602,FAILURE_STRESS_MAX_SUPPORTED_TRAINING_RECIPE,LP_MATCH_VERTEX_OPTIMUM,True,False,0.0,0.0,6.86967135433064e-24,CENTRAL_DIFFERENCE,0.0,0.592,0.0,0.0,0.0,0.0,0.406,0.0,0.0,0.0,0.0,0.002,0.0,0.0,0.0,0.0,0.0,1.0,0.0
S17_B8_REVERSE_COMMON_SUPPORT,18,conflict_univariate,H0,1e+18,2048,NOT_APPLICABLE,NO_NUMERIC_OPTIMUM,DIRECTION_ONLY_NO_NUMERIC_OPTIMUM,,,,,,,NOT_IDENTIFIED_NOT_OPTIMIZED,FIXED_P0_NOT_OPTIMIZED,,,,,,,,,NO_NUMERIC_OPTIMUM,,B1_SOURCE_CONDITIONAL_DRAW_AVAILABLE,0,False,,True,0;1;2;3;4;5;6;7;8;9;10;11;12;13;14;15;16,5.341323051037762,0.0,FIXED_P0,NOT_OPTIMIZED,True,False,,,,,0.11302252583269279,0.0968248321520278,0.00588968021709595,0.11375419105058357,0.07507775607983627,0.0254628540970504,0.11070066007050916,0.005487697351193036,0.09943242344413017,0.002211033043406226,0.04691494424753537,0.11948759779188561,0.019599998284005892,0.012737064754031531,0.011650822378108678,0.06618116611257162,0.07556475309333588,1.0,0.002211033043406226
S17_B8_REVERSE_COMMON_SUPPORT,18,conflict_univariate,H0,1e+20,2048,NOT_APPLICABLE,NO_NUMERIC_OPTIMUM,DIRECTION_ONLY_NO_NUMERIC_OPTIMUM,,,,,,,NOT_IDENTIFIED_NOT_OPTIMIZED,FIXED_P0_NOT_OPTIMIZED,,,,,,,,,NO_NUMERIC_OPTIMUM,,B1_SOURCE_CONDITIONAL_DRAW_AVAILABLE,0,False,,True,0;1;2;3;4;5;6;7;8;9;10;11;12;13;14;15;16,5.341323051037762,0.0,FIXED_P0,NOT_OPTIMIZED,True,False,,,,,0.11302252583269279,0.0968248321520278,0.00588968021709595,0.11375419105058357,0.07507775607983627,0.0254628540970504,0.11070066007050916,0.005487697351193036,0.09943242344413017,0.002211033043406226,0.04691494424753537,0.11948759779188561,0.019599998284005892,0.012737064754031531,0.011650822378108678,0.06618116611257162,0.07556475309333588,1.0,0.002211033043406226
S17_B8_REVERSE_COMMON_SUPPORT,18,conflict_univariate,H0,1e+22,2048,NOT_APPLICABLE,NO_NUMERIC_OPTIMUM,DIRECTION_ONLY_NO_NUMERIC_OPTIMUM,,,,,,,NOT_IDENTIFIED_NOT_OPTIMIZED,FIXED_P0_NOT_OPTIMIZED,,,,,,,,,NO_NUMERIC_OPTIMUM,,B1_SOURCE_CONDITIONAL_DRAW_AVAILABLE,0,False,,True,0;1;2;3;4;5;6;7;8;9;10;11;12;13;14;15;16,5.341323051037762,0.0,FIXED_P0,NOT_OPTIMIZED,True,False,,,,,0.11302252583269279,0.0968248321520278,0.00588968021709595,0.11375419105058357,0.07507775607983627,0.0254628540970504,0.11070066007050916,0.005487697351193036,0.09943242344413017,0.002211033043406226,0.04691494424753537,0.11948759779188561,0.019599998284005892,0.012737064754031531,0.011650822378108678,0.06618116611257162,0.07556475309333588,1.0,0.002211033043406226
X01_Q_HIGH,19,extreme_combination,H2,1e+18,2048,G_EXP,OPTIMAL,,0.0782485733186677,1.9938507428190209,78248573.31866778,1993850742.8190207,0.5695341857475174,0.6,SCENARIO_OPTIMIZED_BOUNDED,FIXED_P0_NOT_OPTIMIZED,3.55399615594371,9.360958562157263e+17,0.0,6.390414378432692e+16,1.0000000000000532e+18,-53248.0,1.0000000000000533,BUDGET_BINDING;Q_MAPPING_REFERENCE;QUALITY_COST_INACTIVE,N_IN_SUPPORT;D_IN_SUPPORT;Q_IN_SUPPORT;SCENARIO_ONLY,2.8616745176845987e-19,SCENARIO_ONLY_STRUCTURAL,1,True,Optimization terminated successfully,False,0;1;2;3;4;5;6;7;8;9;10;11;12;13;14;15;16,5.341323051037762,0.0,FIXED_P0,NOT_OPTIMIZED,True,True,9.56580035499052e-09,5.3248e-14,2.8616745004150733e-19,CENTRAL_DIFFERENCE,0.11302252583269279,0.0968248321520278,0.00588968021709595,0.11375419105058357,0.07507775607983627,0.0254628540970504,0.11070066007050916,0.005487697351193036,0.09943242344413017,0.002211033043406226,0.04691494424753537,0.11948759779188561,0.019599998284005892,0.012737064754031531,0.011650822378108678,0.06618116611257162,0.07556475309333588,1.0,0.002211033043406226
X01_Q_HIGH,19,extreme_combination,H2,1e+20,2048,G_EXP,OPTIMAL,,0.6259225659926011,24.92576310753965,625922565.9926012,24925763107.53965,0.5695341857475174,0.6,SCENARIO_OPTIMIZED_BOUNDED,FIXED_P0_NOT_OPTIMIZED,2.6091420258649736,9.360958562156955e+19,0.0,6.390414378432483e+18,1.0000000000000205e+20,-2048000.0,1.0000000000000204,BUDGET_BINDING;Q_MAPPING_REFERENCE;QUALITY_COST_INACTIVE,N_IN_SUPPORT;D_IN_SUPPORT;Q_IN_SUPPORT;SCENARIO_ONLY,1.4112577020553018e-21,SCENARIO_ONLY_STRUCTURAL,1,True,Optimization terminated successfully,False,0;1;2;3;4;5;6;7;8;9;10;11;12;13;14;15;16,5.341323051037762,0.0,FIXED_P0,NOT_OPTIMIZED,True,True,1.0968313764252525e-08,2.048e-14,1.41125770418942e-21,CENTRAL_DIFFERENCE,0.11302252583269279,0.0968248321520278,0.00588968021709595,0.11375419105058357,0.07507775607983627,0.0254628540970504,0.11070066007050916,0.005487697351193036,0.09943242344413017,0.002211033043406226,0.04691494424753537,0.11948759779188561,0.019599998284005892,0.012737064754031531,0.011650822378108678,0.06618116611257162,0.07556475309333588,1.0,0.002211033043406226
X01_Q_HIGH,19,extreme_combination,H2,1e+22,2048,G_EXP,OPTIMAL,,5.202388052937086,299.89299999999986,5202388052.937086,299892999999.9999,0.5695341857475174,0.6,SCENARIO_OPTIMIZED_BOUNDED,FIXED_P0_NOT_OPTIMIZED,2.143211279488351,9.360958562156764e+21,0.0,6.390414378432351e+20,1e+22,0.0,1.0,BUDGET_BINDING;D_UPPER;Q_MAPPING_REFERENCE;QUALITY_COST_INACTIVE,N_IN_SUPPORT;D_BOUNDARY;Q_IN_SUPPORT;SCENARIO_ONLY,6.869671302256463e-24,SCENARIO_ONLY_STRUCTURAL,1,True,Optimization terminated successfully,False,0;1;2;3;4;5;6;7;8;9;10;11;12;13;14;15;16,5.341323051037762,0.0,FIXED_P0,NOT_OPTIMIZED,True,True,0.0,0.0,6.86967135433064e-24,CENTRAL_DIFFERENCE,0.11302252583269279,0.0968248321520278,0.00588968021709595,0.11375419105058357,0.07507775607983627,0.0254628540970504,0.11070066007050916,0.005487697351193036,0.09943242344413017,0.002211033043406226,0.04691494424753537,0.11948759779188561,0.019599998284005892,0.012737064754031531,0.011650822378108678,0.06618116611257162,0.07556475309333588,1.0,0.002211033043406226
X02_Q_CONSERVATIVE,20,extreme_combination,H2,1e+18,2048,G_EXP,OPTIMAL,,0.0782485733186677,1.9938507428190209,78248573.31866778,1993850742.8190207,0.5695341857475174,0.6,SCENARIO_OPTIMIZED_BOUNDED,FIXED_P0_NOT_OPTIMIZED,3.55399615594371,9.360958562157263e+17,0.0,6.390414378432692e+16,1.0000000000000532e+18,-53248.0,1.0000000000000533,BUDGET_BINDING;Q_MAPPING_REFERENCE;QUALITY_COST_INACTIVE,N_IN_SUPPORT;D_IN_SUPPORT;Q_IN_SUPPORT;SCENARIO_ONLY,2.8616745176845987e-19,SCENARIO_ONLY_STRUCTURAL,1,True,Optimization terminated successfully,False,0;1;2;3;4;5;6;7;8;9;10;11;12;13;14;15;16,5.341323051037762,0.0,FIXED_P0,NOT_OPTIMIZED,True,True,9.56580035499052e-09,5.3248e-14,2.8616745004150733e-19,CENTRAL_DIFFERENCE,0.11302252583269279,0.0968248321520278,0.00588968021709595,0.11375419105058357,0.07507775607983627,0.0254628540970504,0.11070066007050916,0.005487697351193036,0.09943242344413017,0.002211033043406226,0.04691494424753537,0.11948759779188561,0.019599998284005892,0.012737064754031531,0.011650822378108678,0.06618116611257162,0.07556475309333588,1.0,0.002211033043406226
X02_Q_CONSERVATIVE,20,extreme_combination,H2,1e+20,2048,G_EXP,OPTIMAL,,0.6259225659926011,24.92576310753965,625922565.9926012,24925763107.53965,0.5695341857475174,0.6,SCENARIO_OPTIMIZED_BOUNDED,FIXED_P0_NOT_OPTIMIZED,2.6091420258649736,9.360958562156955e+19,0.0,6.390414378432483e+18,1.0000000000000205e+20,-2048000.0,1.0000000000000204,BUDGET_BINDING;Q_MAPPING_REFERENCE;QUALITY_COST_INACTIVE,N_IN_SUPPORT;D_IN_SUPPORT;Q_IN_SUPPORT;SCENARIO_ONLY,1.4112577020553018e-21,SCENARIO_ONLY_STRUCTURAL,1,True,Optimization terminated successfully,False,0;1;2;3;4;5;6;7;8;9;10;11;12;13;14;15;16,5.341323051037762,0.0,FIXED_P0,NOT_OPTIMIZED,True,True,1.0968313764252525e-08,2.048e-14,1.41125770418942e-21,CENTRAL_DIFFERENCE,0.11302252583269279,0.0968248321520278,0.00588968021709595,0.11375419105058357,0.07507775607983627,0.0254628540970504,0.11070066007050916,0.005487697351193036,0.09943242344413017,0.002211033043406226,0.04691494424753537,0.11948759779188561,0.019599998284005892,0.012737064754031531,0.011650822378108678,0.06618116611257162,0.07556475309333588,1.0,0.002211033043406226
X02_Q_CONSERVATIVE,20,extreme_combination,H2,1e+22,2048,G_EXP,OPTIMAL,,5.202388052937086,299.89299999999986,5202388052.937086,299892999999.9999,0.5695341857475174,0.6,SCENARIO_OPTIMIZED_BOUNDED,FIXED_P0_NOT_OPTIMIZED,2.143211279488351,9.360958562156764e+21,0.0,6.390414378432351e+20,1e+22,0.0,1.0,BUDGET_BINDING;D_UPPER;Q_MAPPING_REFERENCE;QUALITY_COST_INACTIVE,N_IN_SUPPORT;D_BOUNDARY;Q_IN_SUPPORT;SCENARIO_ONLY,6.869671302256463e-24,SCENARIO_ONLY_STRUCTURAL,1,True,Optimization terminated successfully,False,0;1;2;3;4;5;6;7;8;9;10;11;12;13;14;15;16,5.341323051037762,0.0,FIXED_P0,NOT_OPTIMIZED,True,True,0.0,0.0,6.86967135433064e-24,CENTRAL_DIFFERENCE,0.11302252583269279,0.0968248321520278,0.00588968021709595,0.11375419105058357,0.07507775607983627,0.0254628540970504,0.11070066007050916,0.005487697351193036,0.09943242344413017,0.002211033043406226,0.04691494424753537,0.11948759779188561,0.019599998284005892,0.012737064754031531,0.011650822378108678,0.06618116611257162,0.07556475309333588,1.0,0.002211033043406226
X03_H3_EFF,21,extreme_combination,H3,1e+18,2048,G_EXP,OPTIMAL,,0.0782485586820029,1.993851115775823,78248558.68200293,1993851115.7758229,0.5695341857475174,0.5999999999999999,SCENARIO_OPTIMIZED_BOUNDED,FIXED_P0_NOT_OPTIMIZED,3.5539961559436977,9.360958562157692e+17,0.0,6.390414378432984e+16,1.000000000000099e+18,-98944.0,1.000000000000099,BUDGET_BINDING;Q_REFERENCE_BOUND;QUALITY_COST_INACTIVE,N_IN_SUPPORT;D_IN_SUPPORT;Q_IN_SUPPORT;SCENARIO_ONLY,2.8616745176845987e-19,SCENARIO_ONLY_STRUCTURAL,129,True,Optimization terminated successfully,False,0;1;2;3;4;5;6;7;8;9;10;11;12;13;14;15;16,5.341323051037762,0.0,FIXED_P0,NOT_OPTIMIZED,True,True,1.4102983515971237e-08,9.8944e-14,2.8616745147510193e-19,CENTRAL_DIFFERENCE,0.11302252583269279,0.0968248321520278,0.00588968021709595,0.11375419105058357,0.07507775607983627,0.0254628540970504,0.11070066007050916,0.005487697351193036,0.09943242344413017,0.002211033043406226,0.04691494424753537,0.11948759779188561,0.019599998284005892,0.012737064754031531,0.011650822378108678,0.06618116611257162,0.07556475309333588,1.0,0.002211033043406226
X03_H3_EFF,21,extreme_combination,H3,1e+20,2048,G_EXP,OPTIMAL,,0.6259225591339395,24.925763380668787,625922559.1339395,24925763380.66879,0.5695341857475174,0.5999999999999999,SCENARIO_OPTIMIZED_BOUNDED,FIXED_P0_NOT_OPTIMIZED,2.609142025864971,9.360958562157144e+19,0.0,6.390414378432611e+18,1.0000000000000406e+20,-4063232.0,1.0000000000000406,BUDGET_BINDING;Q_REFERENCE_BOUND;QUALITY_COST_INACTIVE,N_IN_SUPPORT;D_IN_SUPPORT;Q_IN_SUPPORT;SCENARIO_ONLY,1.4112577020553018e-21,SCENARIO_ONLY_STRUCTURAL,129,True,Optimization terminated successfully,False,0;1;2;3;4;5;6;7;8;9;10;11;12;13;14;15;16,5.341323051037762,0.0,FIXED_P0,NOT_OPTIMIZED,True,True,1.1631137421848298e-08,4.063232e-14,1.4112577040590517e-21,CENTRAL_DIFFERENCE,0.11302252583269279,0.0968248321520278,0.00588968021709595,0.11375419105058357,0.07507775607983627,0.0254628540970504,0.11070066007050916,0.005487697351193036,0.09943242344413017,0.002211033043406226,0.04691494424753537,0.11948759779188561,0.019599998284005892,0.012737064754031531,0.011650822378108678,0.06618116611257162,0.07556475309333588,1.0,0.002211033043406226
X03_H3_EFF,21,extreme_combination,H3,1e+22,2048,G_EXP,OPTIMAL,,5.20238805294187,299.89299999999986,5202388052.94187,299892999999.9999,0.5695341857475174,0.5999999999999999,SCENARIO_OPTIMIZED_BOUNDED,FIXED_P0_NOT_OPTIMIZED,2.143211279488288,9.360958562165372e+21,0.0,6.390414378438227e+20,1.0000000000009194e+22,-9193914368.0,1.0000000000009197,BUDGET_BINDING;D_UPPER;Q_REFERENCE_BOUND;QUALITY_COST_INACTIVE,N_IN_SUPPORT;D_BOUNDARY;Q_IN_SUPPORT;SCENARIO_ONLY,6.869671302256463e-24,SCENARIO_ONLY_STRUCTURAL,129,True,Optimization terminated successfully,False,0;1;2;3;4;5;6;7;8;9;10;11;12;13;14;15;16,5.341323051037762,0.0,FIXED_P0,NOT_OPTIMIZED,True,True,0.0,9.193914368e-13,6.86967135433064e-24,CENTRAL_DIFFERENCE,0.11302252583269279,0.0968248321520278,0.00588968021709595,0.11375419105058357,0.07507775607983627,0.0254628540970504,0.11070066007050916,0.005487697351193036,0.09943242344413017,0.002211033043406226,0.04691494424753537,0.11948759779188561,0.019599998284005892,0.012737064754031531,0.011650822378108678,0.06618116611257162,0.07556475309333588,1.0,0.002211033043406226
