scope,domain,n_total,n_primary_valid,n_sensitivity_valid,primary_mean,sensitivity_mean,mean_difference,primary_rank,sensitivity_rank,rank_changed
A1_calibration,arxiv,1122,1122,1122,0.859575481214475,0.859575481214475,0.0,1,1,0
A1_calibration,book,137,137,137,0.5704182825511838,0.5704182825511838,0.0,3,3,0
A1_calibration,c4,8041,8041,8041,0.48437572257777806,0.48437572257777806,0.0,5,5,0
A1_calibration,commoncrawl,7691,7688,7691,0.5522120960395883,0.5521420297548552,-7.006628473316123e-05,4,4,0
A1_calibration,github,7963,7963,7963,0.45902097221578064,0.45902097221578064,0.0,7,7,0
A1_calibration,stackexchange,7966,7966,7966,0.583199289528651,0.583199289528651,0.0,2,2,0
A1_calibration,wikipedia,8023,8013,8023,0.47793745610516497,0.4779300143504317,-7.4417547332727985e-06,6,6,0
A1_calibration,ALL,40943,40930,40943,0.5207311300303592,0.5207083647509383,-2.2765279420911e-05,,,
A1_holdout,arxiv,297,297,297,0.8605245336949546,0.8605245336949546,0.0,1,1,0
A1_holdout,book,34,34,34,0.5595993249062616,0.5595993249062616,0.0,3,3,0
A1_holdout,c4,1959,1959,1959,0.475684995740453,0.475684995740453,0.0,6,6,0
A1_holdout,commoncrawl,1949,1948,1949,0.5545950056222811,0.5545441770930221,-5.0828529259083766e-05,4,4,0
A1_holdout,github,2037,2037,2037,0.4613059840169389,0.4613059840169389,0.0,7,7,0
A1_holdout,stackexchange,2034,2034,2034,0.5849937978495322,0.5849937978495322,0.0,2,2,0
A1_holdout,wikipedia,1977,1973,1977,0.47798600895491256,0.47804987382297776,6.386486806519986e-05,5,5,0
A1_holdout,ALL,10287,10282,10287,0.5212453035497433,0.5212343682492994,-1.0935300443937201e-05,,,
A1_all_unique,arxiv,1419,1419,1419,0.8597741201057382,0.8597741201057382,0.0,1,1,0
A1_all_unique,book,171,171,171,0.5682671447738308,0.5682671447738308,0.0,3,3,0
A1_all_unique,c4,10000,10000,10000,0.4826732091903461,0.4826732091903461,0.0,5,5,0
A1_all_unique,commoncrawl,9640,9636,9640,0.5526938216380821,0.5526276921160675,-6.612952201456856e-05,4,4,0
A1_all_unique,github,10000,10000,10000,0.4594864291196765,0.4594864291196765,0.0,7,7,0
A1_all_unique,stackexchange,10000,10000,10000,0.5835642925211182,0.5835642925211182,0.0,2,2,0
A1_all_unique,wikipedia,10000,9986,10000,0.47794704901249035,0.477953710568154,6.6615556636451245e-06,6,6,0
A1_all_unique,ALL,51230,51212,51230,0.5208343623221328,0.5208139864176891,-2.037590444370352e-05,,,
extension_overlap_A1,arxiv,1419,1419,1419,0.8597741201057382,0.8597741201057382,0.0,1,1,0
extension_overlap_A1,github,10000,10000,10000,0.4594864291196765,0.4594864291196765,0.0,2,2,0
extension_overlap_A1,ALL,11419,11419,11419,0.5092288087947113,0.5092288087947113,0.0,,,
extension_new_records,arxiv,16104,16104,16104,0.8582244882700206,0.8582244882700206,0.0,1,1,0
extension_new_records,github,193752,193751,193752,0.4592837211660072,0.45928271069642884,-1.0104695783441642e-06,2,2,0
extension_new_records,ALL,209856,209855,209856,0.48989791722253684,0.48989683841279213,-1.078809744703424e-06,,,
all_unique,arxiv,17523,17523,17523,0.8583499763471126,0.8583499763471126,0.0,1,1,0
all_unique,book,171,171,171,0.5682671447738308,0.5682671447738308,0.0,3,3,0
all_unique,c4,10000,10000,10000,0.4826732091903461,0.4826732091903461,0.0,5,5,0
all_unique,commoncrawl,9640,9636,9640,0.5526938216380821,0.5526276921160675,-6.612952201456856e-05,4,4,0
all_unique,github,203752,203751,203752,0.4592936699738004,0.4592927090485063,-9.609252941134017e-07,7,7,0
all_unique,stackexchange,10000,10000,10000,0.5835642925211182,0.5835642925211182,0.0,2,2,0
all_unique,wikipedia,10000,9986,10000,0.47794704901249035,0.477953710568154,6.6615556636451245e-06,6,6,0
all_unique,ALL,261086,261067,261086,0.4959665403209771,0.4959633662706277,-3.174050349386004e-06,,,
