domain,feature,scope,run_n_total,run_n_missing,run_n_nonmissing,run_layer,missing_rows_A1,missing_rows_extension_new,missing_rows_extension_overlap,prior_artifact,prior_n_total,prior_n_nonmissing,prior_n_missing,difference_missing,classification_note
commoncrawl,modernbert_professionalism,A1_calibration,7691,3,7688,extraction_scalar,3,0,0,,,,,,component counts are physical rows; classification by A1/new/overlap
commoncrawl,modernbert_professionalism,A1_holdout,1949,1,1948,extraction_scalar,1,0,0,,,,,,component counts are physical rows; classification by A1/new/overlap
commoncrawl,modernbert_professionalism,A1_all_unique,9640,4,9636,extraction_scalar,4,0,0,,,,,,component counts are physical rows; classification by A1/new/overlap
commoncrawl,modernbert_professionalism,extension_overlap_A1,0,0,0,extraction_scalar,0,0,0,,,,,,component counts are physical rows; classification by A1/new/overlap
commoncrawl,modernbert_professionalism,extension_new_records,0,0,0,extraction_scalar,0,0,0,,,,,,component counts are physical rows; classification by A1/new/overlap
commoncrawl,modernbert_professionalism,all_unique,9640,4,9636,extraction_scalar,4,0,0,,,,,,component counts are physical rows; classification by A1/new/overlap
commoncrawl,modernbert_professionalism,file_unique_first_A1,9640,4,9636,extraction_scalar,4,0,0,solution/outputs/quality/feature_summary.csv,9640,9636,4,0,component counts are physical rows; classification by A1/new/overlap
commoncrawl,modernbert_professionalism,file_unique_first_A2_arxiv,0,0,0,extraction_scalar,0,0,0,,,,,,component counts are physical rows; classification by A1/new/overlap
commoncrawl,modernbert_professionalism,file_unique_first_A3_github,0,0,0,extraction_scalar,0,0,0,,,,,,component counts are physical rows; classification by A1/new/overlap
wikipedia,modernbert_professionalism,A1_calibration,8023,0,8023,extraction_scalar,0,0,0,,,,,,component counts are physical rows; classification by A1/new/overlap
wikipedia,modernbert_professionalism,A1_holdout,1977,1,1976,extraction_scalar,1,0,0,,,,,,component counts are physical rows; classification by A1/new/overlap
wikipedia,modernbert_professionalism,A1_all_unique,10000,1,9999,extraction_scalar,1,0,0,,,,,,component counts are physical rows; classification by A1/new/overlap
wikipedia,modernbert_professionalism,extension_overlap_A1,0,0,0,extraction_scalar,0,0,0,,,,,,component counts are physical rows; classification by A1/new/overlap
wikipedia,modernbert_professionalism,extension_new_records,0,0,0,extraction_scalar,0,0,0,,,,,,component counts are physical rows; classification by A1/new/overlap
wikipedia,modernbert_professionalism,all_unique,10000,1,9999,extraction_scalar,1,0,0,,,,,,component counts are physical rows; classification by A1/new/overlap
wikipedia,modernbert_professionalism,file_unique_first_A1,10000,1,9999,extraction_scalar,1,0,0,solution/outputs/quality/feature_summary.csv,10000,9999,1,0,component counts are physical rows; classification by A1/new/overlap
wikipedia,modernbert_professionalism,file_unique_first_A2_arxiv,0,0,0,extraction_scalar,0,0,0,,,,,,component counts are physical rows; classification by A1/new/overlap
wikipedia,modernbert_professionalism,file_unique_first_A3_github,0,0,0,extraction_scalar,0,0,0,,,,,,component counts are physical rows; classification by A1/new/overlap
wikipedia,modernbert_reasoning,A1_calibration,8023,10,8013,extraction_scalar,10,0,0,,,,,,component counts are physical rows; classification by A1/new/overlap
wikipedia,modernbert_reasoning,A1_holdout,1977,3,1974,extraction_scalar,3,0,0,,,,,,component counts are physical rows; classification by A1/new/overlap
wikipedia,modernbert_reasoning,A1_all_unique,10000,13,9987,extraction_scalar,13,0,0,,,,,,component counts are physical rows; classification by A1/new/overlap
wikipedia,modernbert_reasoning,extension_overlap_A1,0,0,0,extraction_scalar,0,0,0,,,,,,component counts are physical rows; classification by A1/new/overlap
wikipedia,modernbert_reasoning,extension_new_records,0,0,0,extraction_scalar,0,0,0,,,,,,component counts are physical rows; classification by A1/new/overlap
wikipedia,modernbert_reasoning,all_unique,10000,13,9987,extraction_scalar,13,0,0,,,,,,component counts are physical rows; classification by A1/new/overlap
wikipedia,modernbert_reasoning,file_unique_first_A1,10000,13,9987,extraction_scalar,13,0,0,solution/outputs/quality/feature_summary.csv,10000,9987,13,0,component counts are physical rows; classification by A1/new/overlap
wikipedia,modernbert_reasoning,file_unique_first_A2_arxiv,0,0,0,extraction_scalar,0,0,0,,,,,,component counts are physical rows; classification by A1/new/overlap
wikipedia,modernbert_reasoning,file_unique_first_A3_github,0,0,0,extraction_scalar,0,0,0,,,,,,component counts are physical rows; classification by A1/new/overlap
github,modernbert_professionalism,A1_calibration,7963,0,7963,extraction_scalar,0,0,0,,,,,,component counts are physical rows; classification by A1/new/overlap
github,modernbert_professionalism,A1_holdout,2037,0,2037,extraction_scalar,0,0,0,,,,,,component counts are physical rows; classification by A1/new/overlap
github,modernbert_professionalism,A1_all_unique,10000,0,10000,extraction_scalar,0,0,0,,,,,,component counts are physical rows; classification by A1/new/overlap
github,modernbert_professionalism,extension_overlap_A1,10000,0,10000,extraction_scalar,0,0,0,,,,,,component counts are physical rows; classification by A1/new/overlap
github,modernbert_professionalism,extension_new_records,193752,1,193751,extraction_scalar,0,1,0,,,,,,component counts are physical rows; classification by A1/new/overlap
github,modernbert_professionalism,all_unique,203752,1,203751,extraction_scalar,0,1,0,,,,,,component counts are physical rows; classification by A1/new/overlap
github,modernbert_professionalism,file_unique_first_A1,10000,0,10000,extraction_scalar,0,0,0,solution/outputs/quality/feature_summary.csv,10000,10000,0,0,component counts are physical rows; classification by A1/new/overlap
github,modernbert_professionalism,file_unique_first_A2_arxiv,0,0,0,extraction_scalar,0,0,0,,,,,,component counts are physical rows; classification by A1/new/overlap
github,modernbert_professionalism,file_unique_first_A3_github,193752,1,193751,extraction_scalar,0,1,0,solution/outputs/quality/feature_summary.csv,193752,193751,1,0,component counts are physical rows; classification by A1/new/overlap
