file_id,domain,field,n_rows,present,absent,null,types_json,lengths_json,expected_list_length,list_rows,wrong_length_rows,non_numeric_rows_prior_semantics,non_numeric_elements,non_numeric_rows_detailed,nan_elements_prior_semantics,nan_elements,nan_rows,posinf_elements_prior_semantics,posinf_elements,posinf_rows,neginf_elements_prior_semantics,neginf_elements,neginf_rows,finite_elements_prior_semantics,finite_elements,negative_elements,zero_elements,min_finite,max_finite,valid_list_rows,list_negative_rows,list_all_in_0_1_rows,list_sum_approx_1_rows,list_sum_min,list_sum_max,argmax_counts_json,argmax_tie_rows,audit_error_rows
A1,arxiv,rps_doc_frac_no_alph_words,1419,1419,0,0,"{""float"":1419}",{},,0,0,0,0,0,0,0,0,0,0,0,0,0,0,1419,1419,0,0,18.606351859590475,69.62036505060325,0,0,0,0,,,{},0,0
A1,arxiv,rps_doc_mean_word_length,1419,1419,0,0,"{""float"":1419}",{},,0,0,0,0,0,0,0,0,0,0,0,0,0,0,1419,1419,0,0,3.98914373088685,15.28,0,0,0,0,,,{},0,0
A1,arxiv,rps_doc_frac_unique_words,1419,1419,0,0,"{""float"":1419}",{},,0,0,0,0,0,0,0,0,0,0,0,0,0,0,1419,1419,0,0,6.404994014024286,88.46153846153845,0,0,0,0,,,{},0,0
A1,arxiv,rps_doc_unigram_entropy,1419,1419,0,0,"{""float"":1419}",{},,0,0,0,0,0,0,0,0,0,0,0,0,0,0,1419,1419,0,0,2.8307134,6.97284464,0,0,0,0,,,{},0,0
A1,arxiv,rps_doc_word_count,1419,1419,0,0,"{""float"":1419}",{},,0,0,0,0,0,0,0,0,0,0,0,0,0,0,1419,1419,0,0,25.0,86636.0,0,0,0,0,,,{},0,0
A1,arxiv,rps_lines_ending_with_terminal_punctution_mark,1419,1419,0,0,"{""float"":1419}",{},,0,0,0,0,0,0,0,0,0,0,0,0,0,0,1419,1419,0,0,6.030150753768844,93.10344827586206,0,0,0,0,,,{},0,0
A1,arxiv,rps_lines_numerical_chars_fraction,1419,1419,0,0,"{""float"":1419}",{},,0,0,0,0,0,0,0,0,0,0,0,0,0,0,1419,1419,0,1,0.0,54.019311757058695,0,0,0,0,,,{},0,0
A1,arxiv,rps_lines_uppercase_letter_fraction,1419,1419,0,0,"{""float"":1419}",{},,0,0,0,0,0,0,0,0,0,0,0,0,0,0,1419,1419,0,0,1.447744643612015,74.86319607107521,0,0,0,0,,,{},0,0
A1,arxiv,rps_doc_num_sentences,1419,1419,0,0,"{""int"":1419}",{},,0,0,0,0,0,0,0,0,0,0,0,0,0,0,1419,1419,0,0,10.0,6747.0,0,0,0,0,,,{},0,0
A1,arxiv,rps_doc_frac_chars_top_2gram,1419,1419,0,0,"{""float"":1419}",{},,0,0,0,0,0,0,0,0,0,0,0,0,0,0,1419,1419,0,0,0.15293314224705917,12.060301507537687,0,0,0,0,,,{},0,0
A1,arxiv,rps_doc_frac_chars_top_3gram,1419,1419,0,0,"{""float"":1419}",{},,0,0,0,0,0,0,0,0,0,0,0,0,0,0,1419,1419,0,2,0.0,12.341625514675705,0,0,0,0,,,{},0,0
A1,arxiv,dsir_books,1419,1419,0,0,"{""float"":1419}",{},,0,0,0,0,0,0,0,0,0,0,0,0,0,0,1419,1419,1419,0,-573233.88920684,-621.01243972,0,0,0,0,,,{},0,0
A1,arxiv,dsir_wiki,1419,1419,0,0,"{""float"":1419}",{},,0,0,0,0,0,0,0,0,0,0,0,0,0,0,1419,1419,1419,0,-578904.42370064,-596.53455873,0,0,0,0,,,{},0,0
A1,arxiv,dsir_math,1419,1419,0,0,"{""float"":1419}",{},,0,0,0,0,0,0,0,0,0,0,0,0,0,0,1419,1419,1419,0,-365706.22914259,-594.65743944,0,0,0,0,,,{},0,0
A1,arxiv,fineweb_edu,1419,1419,0,0,"{""list"":1419}","{""1"":1419}",1,1419,0,0,0,0,0,0,0,0,0,0,0,0,0,1419,1419,0,0,0.04286957532167435,4.070425510406494,1419,0,23,0,0.04286957532167435,4.070425510406494,"{""0"":1419}",0,0
A1,arxiv,ad_en,1419,1419,0,0,"{""list"":1419}","{""2"":1419}",2,1419,0,0,0,0,0,0,0,0,0,0,0,0,0,2838,2838,1419,0,-3.8046875,4.41796875,1419,1419,0,0,-0.537109375,0.96484375,"{""1"":1419}",0,0
A1,arxiv,fluency_en,1419,1419,0,0,"{""list"":1419}","{""2"":1419}",2,1419,0,0,0,0,0,0,0,0,0,0,0,0,0,2838,2838,1402,0,-3.7578125,3.43359375,1419,1402,17,0,-0.6630859375,0.74560546875,"{""0"":9,""1"":1410}",0,0
A1,arxiv,qurater,1419,1419,0,0,"{""list"":1419}","{""4"":1419}",4,1419,0,0,0,0,0,0,0,0,0,0,0,0,0,5676,5676,280,0,-5.05078125,12.53125,1419,188,0,0,-14.9140625,31.1328125,"{""1"":1177,""3"":242}",1,0
A1,arxiv,modernbert_professionalism,1419,1419,0,0,"{""list"":1419}","{""6"":1419}",6,1419,0,0,0,0,0,0,0,0,0,0,0,0,0,8514,8514,5670,0,-6.37890625,13.953125,1419,1419,0,0,-3.10546875,0.837890625,"{""1"":2,""4"":4,""5"":1413}",0,0
A1,arxiv,modernbert_readability,1419,1419,0,0,"{""list"":1419}","{""6"":1419}",6,1419,0,0,0,0,0,0,0,0,0,0,0,0,0,8514,8514,5655,0,-8.640625,11.2109375,1419,1419,0,0,-5.470703125,0.397216796875,"{""1"":6,""4"":111,""5"":1302}",0,0
A1,arxiv,modernbert_reasoning,1419,1419,0,0,"{""list"":1419}","{""6"":1419}",6,1419,0,0,0,0,0,0,0,0,0,0,0,0,0,8514,8514,5674,0,-8.125,15.703125,1419,1419,0,0,-3.9130859375,1.99609375,"{""0"":3,""1"":3,""5"":1413}",0,0
A1,arxiv,modernbert_cleanliness,1419,1419,0,0,"{""list"":1419}","{""6"":1419}",6,1419,0,0,0,0,0,0,0,0,0,0,0,0,0,8514,8514,5710,0,-12.203125,16.40625,1419,1419,0,0,-12.8515625,0.96240234375,"{""1"":2,""2"":4,""4"":2,""5"":1411}",0,0
A1,book,rps_doc_frac_no_alph_words,171,171,0,0,"{""float"":171}",{},,0,0,0,0,0,0,0,0,0,0,0,0,0,0,171,171,0,0,19.365355940972194,37.7995619761614,0,0,0,0,,,{},0,0
A1,book,rps_doc_mean_word_length,171,171,0,0,"{""float"":171}",{},,0,0,0,0,0,0,0,0,0,0,0,0,0,0,171,171,0,0,3.9344038538739463,5.428571428571429,0,0,0,0,,,{},0,0
A1,book,rps_doc_frac_unique_words,171,171,0,0,"{""float"":171}",{},,0,0,0,0,0,0,0,0,0,0,0,0,0,0,171,171,0,0,5.088363331179848,84.84848484848484,0,0,0,0,,,{},0,0
A1,book,rps_doc_unigram_entropy,171,171,0,0,"{""float"":171}",{},,0,0,0,0,0,0,0,0,0,0,0,0,0,0,171,171,0,0,4.5783729,7.42451911,0,0,0,0,,,{},0,0
A1,book,rps_doc_word_count,171,171,0,0,"{""float"":171}",{},,0,0,0,0,0,0,0,0,0,0,0,0,0,0,171,171,0,0,132.0,552671.0,0,0,0,0,,,{},0,0
A1,book,rps_lines_ending_with_terminal_punctution_mark,171,171,0,0,"{""float"":171}",{},,0,0,0,0,0,0,0,0,0,0,0,0,0,0,171,171,0,0,1.3574660633484164,99.04243334585054,0,0,0,0,,,{},0,0
A1,book,rps_lines_numerical_chars_fraction,171,171,0,0,"{""float"":171}",{},,0,0,0,0,0,0,0,0,0,0,0,0,0,0,171,171,0,0,0.0019848266609139406,22.542197736385987,0,0,0,0,,,{},0,0
A1,book,rps_lines_uppercase_letter_fraction,171,171,0,0,"{""float"":171}",{},,0,0,0,0,0,0,0,0,0,0,0,0,0,0,171,171,0,0,13.589694292617608,61.03921329359463,0,0,0,0,,,{},0,0
A1,book,rps_doc_num_sentences,171,171,0,0,"{""int"":171}",{},,0,0,0,0,0,0,0,0,0,0,0,0,0,0,171,171,0,0,23.0,25078.0,0,0,0,0,,,{},0,0
A1,book,rps_doc_frac_chars_top_2gram,171,171,0,0,"{""float"":171}",{},,0,0,0,0,0,0,0,0,0,0,0,0,0,0,171,171,0,0,0.12296372570091824,2.9621113496880653,0,0,0,0,,,{},0,0
A1,book,rps_doc_frac_chars_top_3gram,171,171,0,0,"{""float"":171}",{},,0,0,0,0,0,0,0,0,0,0,0,0,0,0,171,171,0,0,0.051323377798587255,5.30035335689046,0,0,0,0,,,{},0,0
A1,book,dsir_books,171,171,0,0,"{""float"":171}",{},,0,0,0,0,0,0,0,0,0,0,0,0,0,0,171,171,171,0,-1242823.60370116,-1123.53647764,0,0,0,0,,,{},0,0
A1,book,dsir_wiki,171,171,0,0,"{""float"":171}",{},,0,0,0,0,0,0,0,0,0,0,0,0,0,0,171,171,171,0,-1561611.03426511,-1108.15575572,0,0,0,0,,,{},0,0
A1,book,dsir_math,171,171,0,0,"{""float"":171}",{},,0,0,0,0,0,0,0,0,0,0,0,0,0,0,171,171,171,0,-1668348.05111975,-1127.96455434,0,0,0,0,,,{},0,0
A1,book,fineweb_edu,171,171,0,0,"{""list"":171}","{""1"":171}",1,171,0,0,0,0,0,0,0,0,0,0,0,0,0,171,171,0,0,0.27422747015953064,2.859968900680542,171,0,35,0,0.27422747015953064,2.859968900680542,"{""0"":171}",0,0
A1,book,ad_en,171,171,0,0,"{""list"":171}","{""2"":171}",2,171,0,0,0,0,0,0,0,0,0,0,0,0,0,342,342,174,0,-3.62890625,4.14453125,171,171,0,0,-0.6494140625,0.685546875,"{""0"":2,""1"":169}",0,0
A1,book,fluency_en,171,171,0,0,"{""list"":171}","{""2"":171}",2,171,0,0,0,0,0,0,0,0,0,0,0,0,0,342,342,142,0,-3.671875,3.306640625,171,142,29,0,-0.4345703125,0.795654296875,"{""0"":47,""1"":124}",0,0
A1,book,qurater,171,171,0,0,"{""list"":171}","{""4"":171}",4,171,0,0,0,0,0,0,0,0,0,0,0,0,0,684,684,318,0,-4.94140625,9.8671875,171,131,1,0,-12.396484375,26.064453125,"{""0"":105,""2"":3,""3"":63}",0,0
A1,book,modernbert_professionalism,171,171,0,0,"{""list"":171}","{""6"":171}",6,171,0,0,0,0,0,0,0,0,0,0,0,0,0,1026,1026,541,0,-5.97265625,8.046875,171,171,0,0,-2.73046875,1.0782470703125,"{""1"":59,""2"":73,""3"":1,""4"":23,""5"":15}",0,0
A1,book,modernbert_readability,171,171,0,0,"{""list"":171}","{""6"":171}",6,171,0,0,0,0,0,0,0,0,0,0,0,0,0,1026,1026,583,0,-7.81640625,9.3828125,171,171,0,0,-5.337890625,-0.1416015625,"{""4"":71,""5"":100}",0,0
A1,book,modernbert_reasoning,171,171,0,0,"{""list"":171}","{""6"":171}",6,171,0,0,0,0,0,0,0,0,0,0,0,0,0,1026,1026,577,0,-6.53515625,10.0,171,171,0,0,-2.48095703125,0.783935546875,"{""0"":2,""1"":80,""5"":89}",0,0
A1,book,modernbert_cleanliness,171,171,0,0,"{""list"":171}","{""6"":171}",6,171,0,0,0,0,0,0,0,0,0,0,0,0,0,1026,1026,572,0,-9.5,11.6484375,171,171,0,0,-8.625732421875,-0.5107421875,"{""1"":6,""2"":19,""4"":4,""5"":142}",0,0
A1,c4,rps_doc_frac_no_alph_words,10000,10000,0,0,"{""float"":10000}",{},,0,0,0,0,0,0,0,0,0,0,0,0,0,0,10000,10000,0,0,6.72043010752688,71.92874692874693,0,0,0,0,,,{},0,0
A1,c4,rps_doc_mean_word_length,10000,10000,0,0,"{""float"":10000}",{},,0,0,0,0,0,0,0,0,0,0,0,0,0,0,10000,10000,0,0,3.1904761904761907,40.03846153846154,0,0,0,0,,,{},0,0
A1,c4,rps_doc_frac_unique_words,10000,10000,0,0,"{""float"":10000}",{},,0,0,0,0,0,0,0,0,0,0,0,0,0,0,10000,10000,0,0,9.415170816444702,100.0,0,0,0,0,,,{},0,0
A1,c4,rps_doc_unigram_entropy,10000,10000,0,0,"{""float"":10000}",{},,0,0,0,0,0,0,0,0,0,0,0,0,0,0,10000,10000,0,0,2.19092944,6.73018181,0,0,0,0,,,{},0,0
A1,c4,rps_doc_word_count,10000,10000,0,0,"{""float"":10000}",{},,0,0,0,0,0,0,0,0,0,0,0,0,0,0,10000,10000,0,0,20.0,16837.0,0,0,0,0,,,{},0,0
A1,c4,rps_lines_ending_with_terminal_punctution_mark,10000,10000,0,0,"{""float"":10000}",{},,0,0,0,0,0,0,0,0,0,0,0,0,0,0,10000,10000,0,0,100.0,100.0,0,0,0,0,,,{},0,0
A1,c4,rps_lines_numerical_chars_fraction,10000,10000,0,0,"{""float"":10000}",{},,0,0,0,0,0,0,0,0,0,0,0,0,0,0,10000,10000,0,2397,0.0,60.54682895579757,0,0,0,0,,,{},0,0
A1,c4,rps_lines_uppercase_letter_fraction,10000,10000,0,0,"{""float"":10000}",{},,0,0,0,0,0,0,0,0,0,0,0,0,0,0,10000,10000,0,26,0.0,82.02247191011236,0,0,0,0,,,{},0,0
A1,c4,rps_doc_num_sentences,10000,10000,0,0,"{""int"":10000}",{},,0,0,0,0,0,0,0,0,0,0,0,0,0,0,10000,10000,0,0,2.0,795.0,0,0,0,0,,,{},0,0
A1,c4,rps_doc_frac_chars_top_2gram,10000,10000,0,0,"{""float"":10000}",{},,0,0,0,0,0,0,0,0,0,0,0,0,0,0,10000,10000,0,780,0.0,49.48453608247423,0,0,0,0,,,{},0,0
A1,c4,rps_doc_frac_chars_top_3gram,10000,10000,0,0,"{""float"":10000}",{},,0,0,0,0,0,0,0,0,0,0,0,0,0,0,10000,10000,0,2741,0.0,55.55555555555556,0,0,0,0,,,{},0,0
A1,c4,dsir_books,10000,10000,0,0,"{""float"":10000}",{},,0,0,0,0,0,0,0,0,0,0,0,0,0,0,10000,10000,10000,0,-34292.05975429,-276.92881375,0,0,0,0,,,{},0,0
A1,c4,dsir_wiki,10000,10000,0,0,"{""float"":10000}",{},,0,0,0,0,0,0,0,0,0,0,0,0,0,0,10000,10000,10000,0,-33280.10678497,-268.66799995,0,0,0,0,,,{},0,0
A1,c4,dsir_math,10000,10000,0,0,"{""float"":10000}",{},,0,0,0,0,0,0,0,0,0,0,0,0,0,0,10000,10000,10000,0,-33241.85625457,-285.6220423,0,0,0,0,,,{},0,0
A1,c4,fineweb_edu,10000,10000,0,0,"{""list"":10000}","{""1"":10000}",1,10000,0,0,0,0,0,0,0,0,0,0,0,0,0,10000,10000,248,0,-0.4218392074108124,4.375569820404053,10000,248,4855,0,-0.4218392074108124,4.375569820404053,"{""0"":10000}",0,0
A1,c4,ad_en,10000,10000,0,0,"{""list"":10000}","{""2"":10000}",2,10000,0,0,0,0,0,0,0,0,0,0,0,0,0,20000,20000,10491,0,-3.9609375,4.6796875,10000,9975,25,0,-1.0576171875,1.07421875,"{""0"":2288,""1"":7712}",0,0
A1,c4,fluency_en,10000,10000,0,0,"{""list"":10000}","{""2"":10000}",2,10000,0,0,0,0,0,0,0,0,0,0,0,0,0,20000,20000,9419,0,-3.921875,3.703125,10000,9417,571,0,-0.615234375,1.352294921875,"{""0"":1160,""1"":8840}",0,0
A1,c4,qurater,10000,10000,0,0,"{""list"":10000}","{""4"":10000}",4,10000,0,0,0,0,0,0,0,0,0,0,0,0,0,40000,40000,18860,0,-8.375,12.703125,10000,7587,13,0,-27.875,30.26171875,"{""0"":3236,""1"":752,""2"":1728,""3"":4284}",5,0
A1,c4,modernbert_professionalism,10000,10000,0,0,"{""list"":10000}","{""6"":10000}",6,10000,0,0,0,0,0,0,0,0,0,0,0,0,0,60000,60000,34188,0,-9.921875,18.484375,10000,10000,0,1,-4.4619140625,3.703125,"{""1"":5928,""2"":2435,""3"":1014,""4"":428,""5"":195}",5,0
A1,c4,modernbert_readability,10000,10000,0,0,"{""list"":10000}","{""6"":10000}",6,10000,0,0,0,0,0,0,0,0,0,0,0,0,0,60000,60000,31928,0,-11.78125,16.234375,10000,10000,0,1,-9.056640625,6.401611328125,"{""1"":1630,""2"":80,""3"":769,""4"":4136,""5"":3385}",5,0
A1,c4,modernbert_reasoning,10000,10000,0,0,"{""list"":10000}","{""6"":10000}",6,10000,0,0,0,0,0,0,0,0,0,0,0,0,0,60000,60000,32158,0,-10.3515625,17.25,10000,10000,0,5,-3.623779296875,5.2861328125,"{""0"":578,""1"":6680,""2"":1889,""3"":270,""4"":253,""5"":330}",5,0
A1,c4,modernbert_cleanliness,10000,10000,0,0,"{""list"":10000}","{""6"":10000}",6,10000,0,0,0,0,0,0,0,0,0,0,0,0,0,60000,60000,35259,0,-21.015625,20.8125,10000,10000,0,0,-16.65966796875,8.4697265625,"{""1"":82,""2"":1674,""3"":425,""4"":3613,""5"":4206}",3,0
A1,commoncrawl,rps_doc_frac_no_alph_words,9640,9640,0,0,"{""float"":9640}",{},,0,0,0,0,0,0,0,0,0,0,0,0,0,0,9640,9640,0,0,15.434343434343432,77.92006671034606,0,0,0,0,,,{},0,0
A1,commoncrawl,rps_doc_mean_word_length,9640,9640,0,0,"{""float"":9640}",{},,0,0,0,0,0,0,0,0,0,0,0,0,0,0,9640,9640,0,0,2.2161172161172162,12.894573643410853,0,0,0,0,,,{},0,0
A1,commoncrawl,rps_doc_frac_unique_words,9640,9640,0,0,"{""float"":9640}",{},,0,0,0,0,0,0,0,0,0,0,0,0,0,0,9640,9640,0,0,6.880882830249919,94.61077844311377,0,0,0,0,,,{},0,0
A1,commoncrawl,rps_doc_unigram_entropy,9640,9640,0,0,"{""float"":9640}",{},,0,0,0,0,0,0,0,0,0,0,0,0,0,0,9640,9640,0,0,1.65966622,7.23947556,0,0,0,0,,,{},0,0
A1,commoncrawl,rps_doc_word_count,9640,9640,0,0,"{""float"":9640}",{},,0,0,0,0,0,0,0,0,0,0,0,0,0,0,9640,9640,0,0,43.0,58405.0,0,0,0,0,,,{},0,0
A1,commoncrawl,rps_lines_ending_with_terminal_punctution_mark,9640,9640,0,0,"{""float"":9640}",{},,0,0,0,0,0,0,0,0,0,0,0,0,0,0,9640,9640,0,161,0.0,100.0,0,0,0,0,,,{},0,0
A1,commoncrawl,rps_lines_numerical_chars_fraction,9640,9640,0,0,"{""float"":9640}",{},,0,0,0,0,0,0,0,0,0,0,0,0,0,0,9640,9640,0,171,0.0,52.52495582341324,0,0,0,0,,,{},0,0
A1,commoncrawl,rps_lines_uppercase_letter_fraction,9640,9640,0,0,"{""float"":9640}",{},,0,0,0,0,0,0,0,0,0,0,0,0,0,0,9640,9640,0,1,0.0,73.03062798886127,0,0,0,0,,,{},0,0
A1,commoncrawl,rps_doc_num_sentences,9640,9640,0,0,"{""int"":9640}",{},,0,0,0,0,0,0,0,0,0,0,0,0,0,0,9640,9640,0,0,1.0,3914.0,0,0,0,0,,,{},0,0
A1,commoncrawl,rps_doc_frac_chars_top_2gram,9640,9640,0,0,"{""float"":9640}",{},,0,0,0,0,0,0,0,0,0,0,0,0,0,0,9640,9640,0,1,0.0,51.51033386327504,0,0,0,0,,,{},0,0
A1,commoncrawl,rps_doc_frac_chars_top_3gram,9640,9640,0,0,"{""float"":9640}",{},,0,0,0,0,0,0,0,0,0,0,0,0,0,0,9640,9640,0,175,0.0,68.68044515103338,0,0,0,0,,,{},0,0
A1,commoncrawl,dsir_books,9640,9640,0,0,"{""float"":9640}",{},,0,0,0,0,0,0,0,0,0,0,0,0,0,0,9640,9640,9640,0,-424893.42768863,-484.96158447,0,0,0,0,,,{},0,0
A1,commoncrawl,dsir_wiki,9640,9640,0,0,"{""float"":9640}",{},,0,0,0,0,0,0,0,0,0,0,0,0,0,0,9640,9640,9640,0,-409756.20523244,-483.70172013,0,0,0,0,,,{},0,0
A1,commoncrawl,dsir_math,9640,9640,0,0,"{""float"":9640}",{},,0,0,0,0,0,0,0,0,0,0,0,0,0,0,9640,9640,9640,0,-418761.07096246,-512.01956497,0,0,0,0,,,{},0,0
A1,commoncrawl,fineweb_edu,9640,9640,0,0,"{""list"":9640}","{""1"":9640}",1,9640,0,0,0,0,0,0,0,0,0,0,0,0,0,9640,9640,3,0,-0.13438355922698975,4.346915245056152,9640,3,2969,0,-0.13438355922698975,4.346915245056152,"{""0"":9640}",0,0
A1,commoncrawl,ad_en,9640,9640,0,0,"{""list"":9640}","{""2"":9640}",2,9640,0,0,0,0,0,0,0,0,0,0,0,0,0,19280,19280,9866,0,-3.9375,4.64453125,9640,9630,10,0,-0.703125,1.025390625,"{""0"":580,""1"":9060}",0,0
A1,commoncrawl,fluency_en,9640,9640,0,0,"{""list"":9640}","{""2"":9640}",2,9640,0,0,0,0,0,0,0,0,0,0,0,0,0,19280,19280,8681,0,-3.896484375,3.716796875,9640,8681,951,0,-0.56640625,1.3996734619140625,"{""0"":1225,""1"":8415}",0,0
A1,commoncrawl,qurater,9640,9640,0,0,"{""list"":9640}","{""4"":9640}",4,9640,0,0,0,0,0,0,0,0,0,0,0,0,0,38560,38560,15430,0,-7.765625,12.8203125,9640,6685,21,0,-26.2421875,28.83203125,"{""0"":2141,""1"":846,""2"":2599,""3"":4054}",4,0
A1,commoncrawl,modernbert_professionalism,9640,9640,0,0,"{""list"":9640}","{""6"":9640}",6,9640,0,0,0,0,24,24,24,0,0,0,0,0,0,57816,57816,30509,0,-9.5390625,16.96875,9636,9636,0,0,-4.5155029296875,1.7470703125,"{""1"":3037,""2"":3862,""3"":1515,""4"":705,""5"":517}",4,0
A1,commoncrawl,modernbert_readability,9640,9640,0,0,"{""list"":9640}","{""6"":9640}",6,9640,0,0,0,0,0,0,0,0,0,0,0,0,0,57840,57840,34690,0,-13.296875,15.3046875,9640,9640,0,0,-8.0810546875,4.2392578125,"{""1"":189,""2"":40,""3"":114,""4"":3450,""5"":5847}",5,0
A1,commoncrawl,modernbert_reasoning,9640,9640,0,0,"{""list"":9640}","{""6"":9640}",6,9640,0,0,0,0,0,0,0,0,0,0,0,0,0,57840,57840,30763,0,-9.484375,13.4765625,9640,9640,0,3,-3.128662109375,4.674072265625,"{""0"":59,""1"":5362,""2"":2358,""3"":391,""4"":378,""5"":1092}",3,0
A1,commoncrawl,modernbert_cleanliness,9640,9640,0,0,"{""list"":9640}","{""6"":9640}",6,9640,0,0,0,0,0,0,0,0,0,0,0,0,0,57840,57840,33612,0,-19.65625,18.53125,9640,9640,0,0,-15.12890625,6.10546875,"{""1"":98,""2"":1455,""3"":492,""4"":3898,""5"":3697}",3,0
A1,github,rps_doc_frac_no_alph_words,10000,10000,0,0,"{""float"":10000}",{},,0,0,0,0,0,0,0,0,0,0,0,0,0,0,10000,10000,0,0,4.347826086956516,78.69144099624432,0,0,0,0,,,{},0,0
A1,github,rps_doc_mean_word_length,10000,10000,0,0,"{""float"":10000}",{},,0,0,0,0,0,0,0,0,0,0,0,0,0,0,10000,10000,0,0,3.4,83.0,0,0,0,0,,,{},0,0
A1,github,rps_doc_frac_unique_words,10000,10000,0,0,"{""float"":10000}",{},,0,0,0,0,0,0,0,0,0,0,0,0,0,0,10000,10000,0,0,5.127408328154133,100.0,0,0,0,0,,,{},0,0
A1,github,rps_doc_unigram_entropy,10000,10000,0,0,"{""float"":10000}",{},,0,0,0,0,0,0,0,0,0,0,0,0,0,0,10000,10000,0,14,0.0,7.06357323,0,0,0,0,,,{},0,0
A1,github,rps_doc_word_count,10000,10000,0,0,"{""float"":10000}",{},,0,0,0,0,0,0,0,0,0,0,0,0,0,0,10000,10000,0,0,1.0,68646.0,0,0,0,0,,,{},0,0
A1,github,rps_lines_ending_with_terminal_punctution_mark,10000,10000,0,0,"{""float"":10000}",{},,0,0,0,0,0,0,0,0,0,0,0,0,0,0,10000,10000,0,183,0.0,100.0,0,0,0,0,,,{},0,0
A1,github,rps_lines_numerical_chars_fraction,10000,10000,0,0,"{""float"":10000}",{},,0,0,0,0,0,0,0,0,0,0,0,0,0,0,10000,10000,0,2558,0.0,40.0,0,0,0,0,,,{},0,0
A1,github,rps_lines_uppercase_letter_fraction,10000,10000,0,0,"{""float"":10000}",{},,0,0,0,0,0,0,0,0,0,0,0,0,0,0,10000,10000,0,32,0.0,86.95652173913044,0,0,0,0,,,{},0,0
A1,github,rps_doc_num_sentences,10000,10000,0,0,"{""int"":10000}",{},,0,0,0,0,0,0,0,0,0,0,0,0,0,0,10000,10000,0,0,1.0,10225.0,0,0,0,0,,,{},0,0
A1,github,rps_doc_frac_chars_top_2gram,10000,10000,0,0,"{""int"":10000}",{},,0,0,0,0,0,0,0,0,0,0,0,0,0,0,10000,10000,0,2650,0.0,65.0,0,0,0,0,,,{},0,0
A1,github,rps_doc_frac_chars_top_3gram,10000,10000,0,0,"{""int"":10000}",{},,0,0,0,0,0,0,0,0,0,0,0,0,0,0,10000,10000,0,4057,0.0,70.0,0,0,0,0,,,{},0,0
A1,github,dsir_books,10000,10000,0,0,"{""float"":10000}",{},,0,0,0,0,0,0,0,0,0,0,0,0,0,0,10000,10000,10000,0,-482405.34738957,-24.02237722,0,0,0,0,,,{},0,0
A1,github,dsir_wiki,10000,10000,0,0,"{""float"":10000}",{},,0,0,0,0,0,0,0,0,0,0,0,0,0,0,10000,10000,10000,0,-483450.47580024,-25.0120389,0,0,0,0,,,{},0,0
A1,github,dsir_math,10000,10000,0,0,"{""float"":10000}",{},,0,0,0,0,0,0,0,0,0,0,0,0,0,0,10000,10000,10000,0,-434443.58379098,-22.86740911,0,0,0,0,,,{},0,0
A1,github,fineweb_edu,10000,10000,0,0,"{""list"":10000}","{""1"":10000}",1,10000,0,0,0,0,0,0,0,0,0,0,0,0,0,10000,10000,86,0,-0.652137815952301,4.078919410705566,10000,86,3458,0,-0.652137815952301,4.078919410705566,"{""0"":10000}",0,0
A1,github,ad_en,10000,10000,0,0,"{""list"":10000}","{""2"":10000}",2,10000,0,0,0,0,0,0,0,0,0,0,0,0,0,20000,20000,10018,0,-3.896484375,4.61328125,10000,9998,2,1,-0.607421875,1.361328125,"{""0"":29,""1"":9971}",0,0
A1,github,fluency_en,10000,10000,0,0,"{""list"":10000}","{""2"":10000}",2,10000,0,0,0,0,0,0,0,0,0,0,0,0,0,20000,20000,7689,0,-3.24609375,3.12109375,10000,7683,2317,0,-0.568359375,1.090576171875,"{""0"":4410,""1"":5590}",0,0
A1,github,qurater,10000,10000,0,0,"{""list"":10000}","{""4"":10000}",4,10000,0,0,0,0,0,0,0,0,0,0,0,0,0,40000,40000,25364,0,-7.1640625,8.8828125,10000,9912,0,0,-20.5234375,19.072265625,"{""0"":140,""1"":8129,""2"":114,""3"":1617}",1,0
A1,github,modernbert_professionalism,10000,10000,0,0,"{""list"":10000}","{""6"":10000}",6,10000,0,0,0,0,0,0,0,0,0,0,0,0,0,60000,60000,34799,0,-7.8671875,14.0,10000,10000,0,0,-3.3330078125,2.9267578125,"{""1"":238,""2"":575,""3"":187,""4"":4132,""5"":4868}",6,0
A1,github,modernbert_readability,10000,10000,0,0,"{""list"":10000}","{""6"":10000}",6,10000,0,0,0,0,0,0,0,0,0,0,0,0,0,60000,60000,23391,0,-10.515625,12.9921875,10000,10000,0,1,-5.69964599609375,5.97802734375,"{""0"":52,""1"":2524,""2"":1960,""3"":186,""4"":4589,""5"":689}",5,0
A1,github,modernbert_reasoning,10000,10000,0,0,"{""list"":10000}","{""6"":10000}",6,10000,0,0,0,0,0,0,0,0,0,0,0,0,0,60000,60000,31387,0,-9.0234375,17.953125,10000,10000,0,8,-3.1513671875,6.484375,"{""0"":3197,""1"":3750,""2"":2516,""3"":34,""4"":30,""5"":473}",4,0
A1,github,modernbert_cleanliness,10000,10000,0,0,"{""list"":10000}","{""6"":10000}",6,10000,0,0,0,0,0,0,0,0,0,0,0,0,0,60000,60000,34230,0,-19.53125,20.515625,10000,10000,0,2,-11.8515625,8.294921875,"{""1"":2520,""2"":6391,""3"":18,""4"":386,""5"":685}",1,0
A1,stackexchange,rps_doc_frac_no_alph_words,10000,10000,0,0,"{""float"":10000}",{},,0,0,0,0,0,0,0,0,0,0,0,0,0,0,10000,10000,0,0,14.819944598337955,99.60159362549801,0,0,0,0,,,{},0,0
A1,stackexchange,rps_doc_mean_word_length,10000,10000,0,0,"{""float"":10000}",{},,0,0,0,0,0,0,0,0,0,0,0,0,0,0,10000,10000,0,0,1.9272030651340997,30.29375,0,0,0,0,,,{},0,0
A1,stackexchange,rps_doc_frac_unique_words,10000,10000,0,0,"{""float"":10000}",{},,0,0,0,0,0,0,0,0,0,0,0,0,0,0,10000,10000,0,0,14.687100893997446,98.40848806366049,0,0,0,0,,,{},0,0
A1,stackexchange,rps_doc_unigram_entropy,10000,10000,0,0,"{""float"":10000}",{},,0,0,0,0,0,0,0,0,0,0,0,0,0,0,10000,10000,0,0,2.09642748,6.89773931,0,0,0,0,,,{},0,0
A1,stackexchange,rps_doc_word_count,10000,10000,0,0,"{""float"":10000}",{},,0,0,0,0,0,0,0,0,0,0,0,0,0,0,10000,10000,0,0,23.0,12263.0,0,0,0,0,,,{},0,0
A1,stackexchange,rps_lines_ending_with_terminal_punctution_mark,10000,10000,0,0,"{""float"":10000}",{},,0,0,0,0,0,0,0,0,0,0,0,0,0,0,10000,10000,0,1,0.0,100.0,0,0,0,0,,,{},0,0
A1,stackexchange,rps_lines_numerical_chars_fraction,10000,10000,0,0,"{""float"":10000}",{},,0,0,0,0,0,0,0,0,0,0,0,0,0,0,10000,10000,0,1380,0.0,72.34424037417816,0,0,0,0,,,{},0,0
A1,stackexchange,rps_lines_uppercase_letter_fraction,10000,10000,0,0,"{""float"":10000}",{},,0,0,0,0,0,0,0,0,0,0,0,0,0,0,10000,10000,0,0,1.387879457792736,72.16990444602386,0,0,0,0,,,{},0,0
A1,stackexchange,rps_doc_num_sentences,10000,10000,0,0,"{""int"":10000}",{},,0,0,0,0,0,0,0,0,0,0,0,0,0,0,10000,10000,0,0,1.0,1378.0,0,0,0,0,,,{},0,0
A1,stackexchange,rps_doc_frac_chars_top_2gram,10000,10000,0,0,"{""float"":10000}",{},,0,0,0,0,0,0,0,0,0,0,0,0,0,0,10000,10000,0,99,0.0,135.13338722716247,0,0,0,0,,,{},0,0
A1,stackexchange,rps_doc_frac_chars_top_3gram,10000,10000,0,0,"{""float"":10000}",{},,0,0,0,0,0,0,0,0,0,0,0,0,0,0,10000,10000,0,1002,0.0,201.6814874696847,0,0,0,0,,,{},0,0
A1,stackexchange,dsir_books,10000,10000,0,0,"{""float"":10000}",{},,0,0,0,0,0,0,0,0,0,0,0,0,0,0,10000,10000,10000,0,-53015.44839342,-341.92495402,0,0,0,0,,,{},0,0
A1,stackexchange,dsir_wiki,10000,10000,0,0,"{""float"":10000}",{},,0,0,0,0,0,0,0,0,0,0,0,0,0,0,10000,10000,10000,0,-51784.30174493,-360.00337718,0,0,0,0,,,{},0,0
A1,stackexchange,dsir_math,10000,10000,0,0,"{""float"":10000}",{},,0,0,0,0,0,0,0,0,0,0,0,0,0,0,10000,10000,10000,0,-45149.43701278,-347.56261892,0,0,0,0,,,{},0,0
A1,stackexchange,fineweb_edu,10000,10000,0,0,"{""list"":10000}","{""1"":10000}",1,10000,0,0,0,0,0,0,0,0,0,0,0,0,0,10000,10000,2,0,-0.07114646583795547,4.2159318923950195,10000,2,1289,0,-0.07114646583795547,4.2159318923950195,"{""0"":10000}",0,0
A1,stackexchange,ad_en,10000,10000,0,0,"{""list"":10000}","{""2"":10000}",2,10000,0,0,0,0,0,0,0,0,0,0,0,0,0,20000,20000,10002,0,-3.890625,4.66796875,10000,10000,0,5,-0.5531005859375,1.12109375,"{""0"":5,""1"":9995}",0,0
A1,stackexchange,fluency_en,10000,10000,0,0,"{""list"":10000}","{""2"":10000}",2,10000,0,0,0,0,0,0,0,0,0,0,0,0,0,20000,20000,9154,0,-3.58203125,3.29296875,10000,9142,858,0,-0.4921875,0.923828125,"{""0"":1564,""1"":8436}",1,0
A1,stackexchange,qurater,10000,10000,0,0,"{""list"":10000}","{""4"":10000}",4,10000,0,0,0,0,0,0,0,0,0,0,0,0,0,40000,40000,21014,0,-7.21875,11.3828125,10000,9588,0,1,-17.5390625,23.75390625,"{""1"":1890,""2"":12,""3"":8098}",1,0
A1,stackexchange,modernbert_professionalism,10000,10000,0,0,"{""list"":10000}","{""6"":10000}",6,10000,0,0,0,0,0,0,0,0,0,0,0,0,0,60000,60000,31845,0,-7.27734375,11.8515625,10000,10000,0,0,-4.579833984375,2.2822265625,"{""1"":27,""2"":396,""3"":2183,""4"":5488,""5"":1906}",6,0
A1,stackexchange,modernbert_readability,10000,10000,0,0,"{""list"":10000}","{""6"":10000}",6,10000,0,0,0,0,0,0,0,0,0,0,0,0,0,60000,60000,29824,0,-10.3671875,13.265625,10000,10000,0,0,-7.9117431640625,3.499267578125,"{""1"":1411,""2"":17,""3"":92,""4"":7620,""5"":860}",7,0
A1,stackexchange,modernbert_reasoning,10000,10000,0,0,"{""list"":10000}","{""6"":10000}",6,10000,0,0,0,0,0,0,0,0,0,0,0,0,0,60000,60000,28161,0,-9.28125,12.4140625,10000,10000,0,0,-3.5810546875,7.3642578125,"{""1"":653,""2"":5692,""3"":1018,""4"":1772,""5"":865}",6,0
A1,stackexchange,modernbert_cleanliness,10000,10000,0,0,"{""list"":10000}","{""6"":10000}",6,10000,0,0,0,0,0,0,0,0,0,0,0,0,0,60000,60000,36513,0,-19.515625,18.609375,10000,10000,0,0,-18.36328125,4.6796875,"{""1"":35,""2"":232,""3"":176,""4"":7347,""5"":2210}",2,0
A1,wikipedia,rps_doc_frac_no_alph_words,10000,10000,0,0,"{""float"":10000}",{},,0,0,0,0,0,0,0,0,0,0,0,0,0,0,10000,10000,0,0,9.070958302852958,100.0,0,0,0,0,,,{},0,0
A1,wikipedia,rps_doc_mean_word_length,10000,10000,0,0,"{""float"":10000}",{},,0,0,0,0,0,0,0,0,0,0,0,0,0,0,10000,10000,0,0,2.84,11.666666666666666,0,0,0,0,,,{},0,0
A1,wikipedia,rps_doc_frac_unique_words,10000,10000,0,0,"{""float"":10000}",{},,0,0,0,0,0,0,0,0,0,0,0,0,0,0,10000,10000,0,0,14.480712166172108,100.0,0,0,0,0,,,{},0,0
A1,wikipedia,rps_doc_unigram_entropy,10000,10000,0,0,"{""float"":10000}",{},,0,0,0,0,0,0,0,0,0,0,0,0,0,0,10000,10000,0,0,1.03972077,7.84673154,0,0,0,0,,,{},0,0
A1,wikipedia,rps_doc_word_count,10000,10000,0,0,"{""float"":10000}",{},,0,0,0,0,0,0,0,0,0,0,0,0,0,0,10000,10000,0,0,3.0,16756.0,0,0,0,0,,,{},0,0
A1,wikipedia,rps_lines_ending_with_terminal_punctution_mark,10000,10000,0,0,"{""float"":10000}",{},,0,0,0,0,0,0,0,0,0,0,0,0,0,0,10000,10000,0,134,0.0,100.0,0,0,0,0,,,{},0,0
A1,wikipedia,rps_lines_numerical_chars_fraction,10000,10000,0,0,"{""float"":10000}",{},,0,0,0,0,0,0,0,0,0,0,0,0,0,0,10000,10000,0,979,0.0,70.81128062875635,0,0,0,0,,,{},0,0
A1,wikipedia,rps_lines_uppercase_letter_fraction,10000,10000,0,0,"{""float"":10000}",{},,0,0,0,0,0,0,0,0,0,0,0,0,0,0,10000,10000,0,0,0.3205128205128205,69.03193612774452,0,0,0,0,,,{},0,0
A1,wikipedia,rps_doc_num_sentences,10000,10000,0,0,"{""int"":10000}",{},,0,0,0,0,0,0,0,0,0,0,0,0,0,0,10000,10000,0,0,1.0,1658.0,0,0,0,0,,,{},0,0
A1,wikipedia,rps_doc_frac_chars_top_2gram,10000,10000,0,0,"{""float"":10000}",{},,0,0,0,0,0,0,0,0,0,0,0,0,0,0,10000,10000,0,723,0.0,63.934426229508205,0,0,0,0,,,{},0,0
A1,wikipedia,rps_doc_frac_chars_top_3gram,10000,10000,0,0,"{""int"":10000}",{},,0,0,0,0,0,0,0,0,0,0,0,0,0,0,10000,10000,0,3589,0.0,73.0,0,0,0,0,,,{},0,0
A1,wikipedia,dsir_books,10000,10000,0,0,"{""float"":10000}",{},,0,0,0,0,0,0,0,0,0,0,0,0,0,0,10000,10000,10000,0,-278133.87781086,-66.28254116,0,0,0,0,,,{},0,0
A1,wikipedia,dsir_wiki,10000,10000,0,0,"{""float"":10000}",{},,0,0,0,0,0,0,0,0,0,0,0,0,0,0,10000,10000,10000,0,-278648.58493419,-64.28265072,0,0,0,0,,,{},0,0
A1,wikipedia,dsir_math,10000,10000,0,0,"{""float"":10000}",{},,0,0,0,0,0,0,0,0,0,0,0,0,0,0,10000,10000,10000,0,-265369.91395253,-66.03107048,0,0,0,0,,,{},0,0
A1,wikipedia,fineweb_edu,10000,10000,0,0,"{""list"":10000}","{""1"":10000}",1,10000,0,0,0,0,0,0,0,0,0,0,0,0,0,10000,10000,67,0,-0.41379526257514954,4.235689640045166,10000,67,4238,0,-0.41379526257514954,4.235689640045166,"{""0"":10000}",0,0
A1,wikipedia,ad_en,10000,10000,0,0,"{""list"":10000}","{""2"":10000}",2,10000,0,0,0,0,0,0,0,0,0,0,0,0,0,20000,20000,10011,0,-3.97265625,4.640625,10000,9995,5,0,-0.6881332397460938,1.224609375,"{""0"":26,""1"":9974}",0,0
A1,wikipedia,fluency_en,10000,10000,0,0,"{""list"":10000}","{""2"":10000}",2,10000,0,0,0,0,0,0,0,0,0,0,0,0,0,20000,20000,9763,0,-3.828125,3.490234375,10000,9591,408,0,-0.8154296875,1.24072265625,"{""0"":2704,""1"":7296}",0,0
A1,wikipedia,qurater,10000,10000,0,0,"{""list"":10000}","{""4"":10000}",4,10000,0,0,0,0,0,0,0,0,0,0,0,0,0,40000,40000,23979,0,-7.74609375,12.3359375,10000,8607,19,1,-23.84765625,28.46484375,"{""0"":935,""1"":2502,""2"":5729,""3"":834}",5,0
A1,wikipedia,modernbert_professionalism,10000,10000,0,0,"{""list"":10000}","{""6"":10000}",6,10000,0,0,0,0,6,6,6,0,0,0,0,0,0,59994,59994,29785,0,-11.0,16.21875,9999,9999,0,0,-4.41015625,2.57080078125,"{""1"":4211,""2"":3410,""3"":1617,""4"":583,""5"":178}",9,0
A1,wikipedia,modernbert_readability,10000,10000,0,0,"{""list"":10000}","{""6"":10000}",6,10000,0,0,0,0,0,0,0,0,0,0,0,0,0,60000,60000,30868,0,-12.03125,14.2890625,10000,10000,0,0,-7.830078125,2.47900390625,"{""1"":868,""2"":2,""3"":214,""4"":5860,""5"":3056}",3,0
A1,wikipedia,modernbert_reasoning,10000,10000,0,0,"{""list"":10000}","{""6"":10000}",6,10000,0,0,0,0,78,78,78,0,0,0,0,0,0,59922,59922,31963,0,-8.859375,14.3125,9987,9987,0,2,-3.20263671875,6.31121826171875,"{""0"":229,""1"":8556,""2"":722,""3"":90,""4"":37,""5"":353}",4,0
A1,wikipedia,modernbert_cleanliness,10000,10000,0,0,"{""list"":10000}","{""6"":10000}",6,10000,0,0,0,0,0,0,0,0,0,0,0,0,0,60000,60000,32212,0,-19.140625,17.28125,10000,10000,0,0,-14.03125,3.26953125,"{""1"":12,""2"":2199,""3"":224,""4"":4937,""5"":2628}",5,0
A1,ALL,rps_doc_frac_no_alph_words,51230,51230,0,0,"{""float"":51230}",{},,0,0,0,0,0,0,0,0,0,0,0,0,0,0,51230,51230,0,0,4.347826086956516,100.0,0,0,0,0,,,{},0,0
A1,ALL,rps_doc_mean_word_length,51230,51230,0,0,"{""float"":51230}",{},,0,0,0,0,0,0,0,0,0,0,0,0,0,0,51230,51230,0,0,1.9272030651340997,83.0,0,0,0,0,,,{},0,0
A1,ALL,rps_doc_frac_unique_words,51230,51230,0,0,"{""float"":51230}",{},,0,0,0,0,0,0,0,0,0,0,0,0,0,0,51230,51230,0,0,5.088363331179848,100.0,0,0,0,0,,,{},0,0
A1,ALL,rps_doc_unigram_entropy,51230,51230,0,0,"{""float"":51230}",{},,0,0,0,0,0,0,0,0,0,0,0,0,0,0,51230,51230,0,14,0.0,7.84673154,0,0,0,0,,,{},0,0
A1,ALL,rps_doc_word_count,51230,51230,0,0,"{""float"":51230}",{},,0,0,0,0,0,0,0,0,0,0,0,0,0,0,51230,51230,0,0,1.0,552671.0,0,0,0,0,,,{},0,0
A1,ALL,rps_lines_ending_with_terminal_punctution_mark,51230,51230,0,0,"{""float"":51230}",{},,0,0,0,0,0,0,0,0,0,0,0,0,0,0,51230,51230,0,479,0.0,100.0,0,0,0,0,,,{},0,0
A1,ALL,rps_lines_numerical_chars_fraction,51230,51230,0,0,"{""float"":51230}",{},,0,0,0,0,0,0,0,0,0,0,0,0,0,0,51230,51230,0,7486,0.0,72.34424037417816,0,0,0,0,,,{},0,0
A1,ALL,rps_lines_uppercase_letter_fraction,51230,51230,0,0,"{""float"":51230}",{},,0,0,0,0,0,0,0,0,0,0,0,0,0,0,51230,51230,0,59,0.0,86.95652173913044,0,0,0,0,,,{},0,0
A1,ALL,rps_doc_num_sentences,51230,51230,0,0,"{""int"":51230}",{},,0,0,0,0,0,0,0,0,0,0,0,0,0,0,51230,51230,0,0,1.0,25078.0,0,0,0,0,,,{},0,0
A1,ALL,rps_doc_frac_chars_top_2gram,51230,51230,0,0,"{""float"":41230,""int"":10000}",{},,0,0,0,0,0,0,0,0,0,0,0,0,0,0,51230,51230,0,4253,0.0,135.13338722716247,0,0,0,0,,,{},0,0
A1,ALL,rps_doc_frac_chars_top_3gram,51230,51230,0,0,"{""float"":31230,""int"":20000}",{},,0,0,0,0,0,0,0,0,0,0,0,0,0,0,51230,51230,0,11566,0.0,201.6814874696847,0,0,0,0,,,{},0,0
A1,ALL,dsir_books,51230,51230,0,0,"{""float"":51230}",{},,0,0,0,0,0,0,0,0,0,0,0,0,0,0,51230,51230,51230,0,-1242823.60370116,-24.02237722,0,0,0,0,,,{},0,0
A1,ALL,dsir_wiki,51230,51230,0,0,"{""float"":51230}",{},,0,0,0,0,0,0,0,0,0,0,0,0,0,0,51230,51230,51230,0,-1561611.03426511,-25.0120389,0,0,0,0,,,{},0,0
A1,ALL,dsir_math,51230,51230,0,0,"{""float"":51230}",{},,0,0,0,0,0,0,0,0,0,0,0,0,0,0,51230,51230,51230,0,-1668348.05111975,-22.86740911,0,0,0,0,,,{},0,0
A1,ALL,fineweb_edu,51230,51230,0,0,"{""list"":51230}","{""1"":51230}",1,51230,0,0,0,0,0,0,0,0,0,0,0,0,0,51230,51230,406,0,-0.652137815952301,4.375569820404053,51230,406,16867,0,-0.652137815952301,4.375569820404053,"{""0"":51230}",0,0
A1,ALL,ad_en,51230,51230,0,0,"{""list"":51230}","{""2"":51230}",2,51230,0,0,0,0,0,0,0,0,0,0,0,0,0,102460,102460,51981,0,-3.97265625,4.6796875,51230,51188,42,6,-1.0576171875,1.361328125,"{""0"":2930,""1"":48300}",0,0
A1,ALL,fluency_en,51230,51230,0,0,"{""list"":51230}","{""2"":51230}",2,51230,0,0,0,0,0,0,0,0,0,0,0,0,0,102460,102460,46250,0,-3.921875,3.716796875,51230,46058,5151,0,-0.8154296875,1.3996734619140625,"{""0"":11119,""1"":40111}",1,0
A1,ALL,qurater,51230,51230,0,0,"{""list"":51230}","{""4"":51230}",4,51230,0,0,0,0,0,0,0,0,0,0,0,0,0,204920,204920,105245,0,-8.375,12.8203125,51230,42698,54,2,-27.875,31.1328125,"{""0"":6557,""1"":15296,""2"":10185,""3"":19192}",17,0
A1,ALL,modernbert_professionalism,51230,51230,0,0,"{""list"":51230}","{""6"":51230}",6,51230,0,0,0,0,30,30,30,0,0,0,0,0,0,307350,307350,167337,0,-11.0,18.484375,51225,51225,0,1,-4.579833984375,3.703125,"{""1"":13502,""2"":10751,""3"":6517,""4"":11363,""5"":9092}",30,0
A1,ALL,modernbert_readability,51230,51230,0,0,"{""list"":51230}","{""6"":51230}",6,51230,0,0,0,0,0,0,0,0,0,0,0,0,0,307380,307380,156939,0,-13.296875,16.234375,51230,51230,0,2,-9.056640625,6.401611328125,"{""0"":52,""1"":6628,""2"":2099,""3"":1375,""4"":25837,""5"":15239}",25,0
A1,ALL,modernbert_reasoning,51230,51230,0,0,"{""list"":51230}","{""6"":51230}",6,51230,0,0,0,0,78,78,78,0,0,0,0,0,0,307302,307302,160683,0,-10.3515625,17.953125,51217,51217,0,18,-3.9130859375,7.3642578125,"{""0"":4068,""1"":25084,""2"":13177,""3"":1803,""4"":2470,""5"":4615}",22,0
A1,ALL,modernbert_cleanliness,51230,51230,0,0,"{""list"":51230}","{""6"":51230}",6,51230,0,0,0,0,0,0,0,0,0,0,0,0,0,307380,307380,178108,0,-21.015625,20.8125,51230,51230,0,2,-18.36328125,8.4697265625,"{""1"":2755,""2"":11974,""3"":1335,""4"":20187,""5"":14979}",14,0
A2_arxiv,arxiv,rps_doc_frac_no_alph_words,17523,17523,0,0,"{""float"":17523}",{},,0,0,0,0,0,0,0,0,0,0,0,0,0,0,17523,17523,0,0,15.985130111524157,91.47592509058103,0,0,0,0,,,{},0,0
A2_arxiv,arxiv,rps_doc_mean_word_length,17523,17523,0,0,"{""float"":17523}",{},,0,0,0,0,0,0,0,0,0,0,0,0,0,0,17523,17523,0,0,2.986633821449751,39.0,0,0,0,0,,,{},0,0
A2_arxiv,arxiv,rps_doc_frac_unique_words,17523,17523,0,0,"{""float"":17523}",{},,0,0,0,0,0,0,0,0,0,0,0,0,0,0,17523,17523,0,0,2.720757022773438,100.0,0,0,0,0,,,{},0,0
A2_arxiv,arxiv,rps_doc_unigram_entropy,17523,17523,0,0,"{""float"":17523}",{},,0,0,0,0,0,0,0,0,0,0,0,0,0,0,17523,17523,0,0,2.30258509,7.80240899,0,0,0,0,,,{},0,0
A2_arxiv,arxiv,rps_doc_word_count,17523,17523,0,0,"{""float"":17523}",{},,0,0,0,0,0,0,0,0,0,0,0,0,0,0,17523,17523,0,0,10.0,217176.0,0,0,0,0,,,{},0,0
A2_arxiv,arxiv,rps_lines_ending_with_terminal_punctution_mark,17523,17523,0,0,"{""float"":17523}",{},,0,0,0,0,0,0,0,0,0,0,0,0,0,0,17523,17523,0,0,0.20883054892601433,100.0,0,0,0,0,,,{},0,0
A2_arxiv,arxiv,rps_lines_numerical_chars_fraction,17523,17523,0,0,"{""float"":17523}",{},,0,0,0,0,0,0,0,0,0,0,0,0,0,0,17523,17523,0,25,0.0,85.67810452791292,0,0,0,0,,,{},0,0
A2_arxiv,arxiv,rps_lines_uppercase_letter_fraction,17523,17523,0,0,"{""float"":17523}",{},,0,0,0,0,0,0,0,0,0,0,0,0,0,0,17523,17523,0,0,0.5336562412395783,87.8054690204223,0,0,0,0,,,{},0,0
A2_arxiv,arxiv,rps_doc_num_sentences,17523,17523,0,0,"{""int"":17523}",{},,0,0,0,0,0,0,0,0,0,0,0,0,0,0,17523,17523,0,0,1.0,30449.0,0,0,0,0,,,{},0,0
A2_arxiv,arxiv,rps_doc_frac_chars_top_2gram,17523,17523,0,0,"{""float"":17523}",{},,0,0,0,0,0,0,0,0,0,0,0,0,0,0,17523,17523,0,28,0.0,21.883763659220577,0,0,0,0,,,{},0,0
A2_arxiv,arxiv,rps_doc_frac_chars_top_3gram,17523,17523,0,0,"{""float"":17523}",{},,0,0,0,0,0,0,0,0,0,0,0,0,0,0,17523,17523,0,62,0.0,35.37375495600038,0,0,0,0,,,{},0,0
A2_arxiv,arxiv,dsir_books,17523,17523,0,0,"{""float"":17523}",{},,0,0,0,0,0,0,0,0,0,0,0,0,0,0,17523,17523,17523,0,-2026325.80102772,-316.68028944,0,0,0,0,,,{},0,0
A2_arxiv,arxiv,dsir_wiki,17523,17523,0,0,"{""float"":17523}",{},,0,0,0,0,0,0,0,0,0,0,0,0,0,0,17523,17523,17523,0,-1966147.71309439,-313.93355077,0,0,0,0,,,{},0,0
A2_arxiv,arxiv,dsir_math,17523,17523,0,0,"{""float"":17523}",{},,0,0,0,0,0,0,0,0,0,0,0,0,0,0,17523,17523,17523,0,-1508740.10117446,-306.94026452,0,0,0,0,,,{},0,0
A2_arxiv,arxiv,fineweb_edu,17523,17523,0,0,"{""list"":17523}","{""1"":17523}",1,17523,0,0,0,0,0,0,0,0,0,0,0,0,0,17523,17523,1,0,-0.13706642389297485,4.345012187957764,17523,1,420,0,-0.13706642389297485,4.345012187957764,"{""0"":17523}",0,0
A2_arxiv,arxiv,ad_en,17523,17523,0,0,"{""list"":17523}","{""2"":17523}",2,17523,0,0,0,0,0,0,0,0,0,0,0,0,0,35046,35046,17545,0,-3.9296875,4.53515625,17523,17523,0,0,-0.65576171875,1.037109375,"{""0"":16,""1"":17507}",0,0
A2_arxiv,arxiv,fluency_en,17523,17523,0,0,"{""list"":17523}","{""2"":17523}",2,17523,0,0,0,0,0,0,0,0,0,0,0,0,0,35046,35046,17404,0,-3.783203125,3.44921875,17523,17403,120,0,-0.818359375,0.84747314453125,"{""0"":141,""1"":17382}",0,0
A2_arxiv,arxiv,qurater,17523,17523,0,0,"{""list"":17523}","{""4"":17523}",4,17523,0,0,0,0,0,0,0,0,0,0,0,0,0,70092,70092,3075,0,-5.296875,12.53125,17523,2186,0,0,-14.9140625,31.1328125,"{""0"":17,""1"":14246,""3"":3260}",19,0
A2_arxiv,arxiv,modernbert_professionalism,17523,17523,0,0,"{""list"":17523}","{""6"":17523}",6,17523,0,0,0,0,0,0,0,0,0,0,0,0,0,105138,105138,69968,0,-6.75390625,13.953125,17523,17523,0,0,-4.0458984375,1.0126953125,"{""1"":33,""2"":13,""3"":5,""4"":32,""5"":17440}",1,0
A2_arxiv,arxiv,modernbert_readability,17523,17523,0,0,"{""list"":17523}","{""6"":17523}",6,17523,0,0,0,0,0,0,0,0,0,0,0,0,0,105138,105138,69884,0,-10.109375,12.5390625,17523,17523,0,0,-7.953125,1.25628662109375,"{""1"":43,""2"":1,""4"":1466,""5"":16013}",13,0
A2_arxiv,arxiv,modernbert_reasoning,17523,17523,0,0,"{""list"":17523}","{""6"":17523}",6,17523,0,0,0,0,0,0,0,0,0,0,0,0,0,105138,105138,69997,0,-8.375,15.703125,17523,17523,0,0,-4.13623046875,2.3955078125,"{""0"":51,""1"":67,""2"":6,""4"":3,""5"":17396}",0,0
A2_arxiv,arxiv,modernbert_cleanliness,17523,17523,0,0,"{""list"":17523}","{""6"":17523}",6,17523,0,0,0,0,0,0,0,0,0,0,0,0,0,105138,105138,70402,0,-16.8125,16.71875,17523,17523,0,0,-14.3271484375,1.82421875,"{""1"":57,""2"":34,""4"":61,""5"":17371}",0,0
A2_arxiv,ALL,rps_doc_frac_no_alph_words,17523,17523,0,0,"{""float"":17523}",{},,0,0,0,0,0,0,0,0,0,0,0,0,0,0,17523,17523,0,0,15.985130111524157,91.47592509058103,0,0,0,0,,,{},0,0
A2_arxiv,ALL,rps_doc_mean_word_length,17523,17523,0,0,"{""float"":17523}",{},,0,0,0,0,0,0,0,0,0,0,0,0,0,0,17523,17523,0,0,2.986633821449751,39.0,0,0,0,0,,,{},0,0
A2_arxiv,ALL,rps_doc_frac_unique_words,17523,17523,0,0,"{""float"":17523}",{},,0,0,0,0,0,0,0,0,0,0,0,0,0,0,17523,17523,0,0,2.720757022773438,100.0,0,0,0,0,,,{},0,0
A2_arxiv,ALL,rps_doc_unigram_entropy,17523,17523,0,0,"{""float"":17523}",{},,0,0,0,0,0,0,0,0,0,0,0,0,0,0,17523,17523,0,0,2.30258509,7.80240899,0,0,0,0,,,{},0,0
A2_arxiv,ALL,rps_doc_word_count,17523,17523,0,0,"{""float"":17523}",{},,0,0,0,0,0,0,0,0,0,0,0,0,0,0,17523,17523,0,0,10.0,217176.0,0,0,0,0,,,{},0,0
A2_arxiv,ALL,rps_lines_ending_with_terminal_punctution_mark,17523,17523,0,0,"{""float"":17523}",{},,0,0,0,0,0,0,0,0,0,0,0,0,0,0,17523,17523,0,0,0.20883054892601433,100.0,0,0,0,0,,,{},0,0
A2_arxiv,ALL,rps_lines_numerical_chars_fraction,17523,17523,0,0,"{""float"":17523}",{},,0,0,0,0,0,0,0,0,0,0,0,0,0,0,17523,17523,0,25,0.0,85.67810452791292,0,0,0,0,,,{},0,0
A2_arxiv,ALL,rps_lines_uppercase_letter_fraction,17523,17523,0,0,"{""float"":17523}",{},,0,0,0,0,0,0,0,0,0,0,0,0,0,0,17523,17523,0,0,0.5336562412395783,87.8054690204223,0,0,0,0,,,{},0,0
A2_arxiv,ALL,rps_doc_num_sentences,17523,17523,0,0,"{""int"":17523}",{},,0,0,0,0,0,0,0,0,0,0,0,0,0,0,17523,17523,0,0,1.0,30449.0,0,0,0,0,,,{},0,0
A2_arxiv,ALL,rps_doc_frac_chars_top_2gram,17523,17523,0,0,"{""float"":17523}",{},,0,0,0,0,0,0,0,0,0,0,0,0,0,0,17523,17523,0,28,0.0,21.883763659220577,0,0,0,0,,,{},0,0
A2_arxiv,ALL,rps_doc_frac_chars_top_3gram,17523,17523,0,0,"{""float"":17523}",{},,0,0,0,0,0,0,0,0,0,0,0,0,0,0,17523,17523,0,62,0.0,35.37375495600038,0,0,0,0,,,{},0,0
A2_arxiv,ALL,dsir_books,17523,17523,0,0,"{""float"":17523}",{},,0,0,0,0,0,0,0,0,0,0,0,0,0,0,17523,17523,17523,0,-2026325.80102772,-316.68028944,0,0,0,0,,,{},0,0
A2_arxiv,ALL,dsir_wiki,17523,17523,0,0,"{""float"":17523}",{},,0,0,0,0,0,0,0,0,0,0,0,0,0,0,17523,17523,17523,0,-1966147.71309439,-313.93355077,0,0,0,0,,,{},0,0
A2_arxiv,ALL,dsir_math,17523,17523,0,0,"{""float"":17523}",{},,0,0,0,0,0,0,0,0,0,0,0,0,0,0,17523,17523,17523,0,-1508740.10117446,-306.94026452,0,0,0,0,,,{},0,0
A2_arxiv,ALL,fineweb_edu,17523,17523,0,0,"{""list"":17523}","{""1"":17523}",1,17523,0,0,0,0,0,0,0,0,0,0,0,0,0,17523,17523,1,0,-0.13706642389297485,4.345012187957764,17523,1,420,0,-0.13706642389297485,4.345012187957764,"{""0"":17523}",0,0
A2_arxiv,ALL,ad_en,17523,17523,0,0,"{""list"":17523}","{""2"":17523}",2,17523,0,0,0,0,0,0,0,0,0,0,0,0,0,35046,35046,17545,0,-3.9296875,4.53515625,17523,17523,0,0,-0.65576171875,1.037109375,"{""0"":16,""1"":17507}",0,0
A2_arxiv,ALL,fluency_en,17523,17523,0,0,"{""list"":17523}","{""2"":17523}",2,17523,0,0,0,0,0,0,0,0,0,0,0,0,0,35046,35046,17404,0,-3.783203125,3.44921875,17523,17403,120,0,-0.818359375,0.84747314453125,"{""0"":141,""1"":17382}",0,0
A2_arxiv,ALL,qurater,17523,17523,0,0,"{""list"":17523}","{""4"":17523}",4,17523,0,0,0,0,0,0,0,0,0,0,0,0,0,70092,70092,3075,0,-5.296875,12.53125,17523,2186,0,0,-14.9140625,31.1328125,"{""0"":17,""1"":14246,""3"":3260}",19,0
A2_arxiv,ALL,modernbert_professionalism,17523,17523,0,0,"{""list"":17523}","{""6"":17523}",6,17523,0,0,0,0,0,0,0,0,0,0,0,0,0,105138,105138,69968,0,-6.75390625,13.953125,17523,17523,0,0,-4.0458984375,1.0126953125,"{""1"":33,""2"":13,""3"":5,""4"":32,""5"":17440}",1,0
A2_arxiv,ALL,modernbert_readability,17523,17523,0,0,"{""list"":17523}","{""6"":17523}",6,17523,0,0,0,0,0,0,0,0,0,0,0,0,0,105138,105138,69884,0,-10.109375,12.5390625,17523,17523,0,0,-7.953125,1.25628662109375,"{""1"":43,""2"":1,""4"":1466,""5"":16013}",13,0
A2_arxiv,ALL,modernbert_reasoning,17523,17523,0,0,"{""list"":17523}","{""6"":17523}",6,17523,0,0,0,0,0,0,0,0,0,0,0,0,0,105138,105138,69997,0,-8.375,15.703125,17523,17523,0,0,-4.13623046875,2.3955078125,"{""0"":51,""1"":67,""2"":6,""4"":3,""5"":17396}",0,0
A2_arxiv,ALL,modernbert_cleanliness,17523,17523,0,0,"{""list"":17523}","{""6"":17523}",6,17523,0,0,0,0,0,0,0,0,0,0,0,0,0,105138,105138,70402,0,-16.8125,16.71875,17523,17523,0,0,-14.3271484375,1.82421875,"{""1"":57,""2"":34,""4"":61,""5"":17371}",0,0
A3_github,github,rps_doc_frac_no_alph_words,203752,203752,0,0,"{""float"":203752}",{},,0,0,0,0,0,0,0,0,0,0,0,0,0,0,203752,203752,0,0,4.347826086956516,99.58013873676525,0,0,0,0,,,{},0,0
A3_github,github,rps_doc_mean_word_length,203752,203752,0,0,"{""float"":203752}",{},,0,0,0,0,0,0,0,0,0,0,0,0,0,0,203752,203752,0,0,2.5,87.0,0,0,0,0,,,{},0,0
A3_github,github,rps_doc_frac_unique_words,203752,203752,0,0,"{""float"":203752}",{},,0,0,0,0,0,0,0,0,0,0,0,0,0,0,203752,203752,0,0,1.2174256383258752,100.0,0,0,0,0,,,{},0,0
A3_github,github,rps_doc_unigram_entropy,203752,203752,0,0,"{""float"":203752}",{},,0,0,0,0,0,0,0,0,0,0,0,0,0,0,203752,203752,0,187,0.0,7.40034161,0,0,0,0,,,{},0,0
A3_github,github,rps_doc_word_count,203752,203752,0,0,"{""float"":203752}",{},,0,0,0,0,0,0,0,0,0,0,0,0,0,0,203752,203752,0,0,1.0,93541.0,0,0,0,0,,,{},0,0
A3_github,github,rps_lines_ending_with_terminal_punctution_mark,203752,203752,0,0,"{""float"":203752}",{},,0,0,0,0,0,0,0,0,0,0,0,0,0,0,203752,203752,0,3780,0.0,100.0,0,0,0,0,,,{},0,0
A3_github,github,rps_lines_numerical_chars_fraction,203752,203752,0,0,"{""float"":203752}",{},,0,0,0,0,0,0,0,0,0,0,0,0,0,0,203752,203752,0,53156,0.0,63.01441377528455,0,0,0,0,,,{},0,0
A3_github,github,rps_lines_uppercase_letter_fraction,203752,203752,0,0,"{""float"":203752}",{},,0,0,0,0,0,0,0,0,0,0,0,0,0,0,203752,203752,0,587,0.0,96.49122807017544,0,0,0,0,,,{},0,0
A3_github,github,rps_doc_num_sentences,203752,203752,0,0,"{""int"":203752}",{},,0,0,0,0,0,0,0,0,0,0,0,0,0,0,203752,203752,0,0,1.0,26727.0,0,0,0,0,,,{},0,0
A3_github,github,rps_doc_frac_chars_top_2gram,203752,203752,0,0,"{""int"":203752}",{},,0,0,0,0,0,0,0,0,0,0,0,0,0,0,203752,203752,0,53802,0.0,194.0,0,0,0,0,,,{},0,0
A3_github,github,rps_doc_frac_chars_top_3gram,203752,203752,0,0,"{""int"":203752}",{},,0,0,0,0,0,0,0,0,0,0,0,0,0,0,203752,203752,0,82287,0.0,284.0,0,0,0,0,,,{},0,0
A3_github,github,dsir_books,203752,203752,0,0,"{""float"":203752}",{},,0,0,0,0,0,0,0,0,0,0,0,0,0,0,203752,203752,203752,0,-1875504.79852465,-16.82294988,0,0,0,0,,,{},0,0
A3_github,github,dsir_wiki,203752,203752,0,0,"{""float"":203752}",{},,0,0,0,0,0,0,0,0,0,0,0,0,0,0,203752,203752,203752,0,-1906833.36424408,-17.66218046,0,0,0,0,,,{},0,0
A3_github,github,dsir_math,203752,203752,0,0,"{""float"":203752}",{},,0,0,0,0,0,0,0,0,0,0,0,0,0,0,203752,203752,203752,0,-1754034.28491041,-15.05893869,0,0,0,0,,,{},0,0
A3_github,github,fineweb_edu,203752,203752,0,0,"{""list"":203752}","{""1"":203752}",1,203752,0,0,0,0,0,0,0,0,0,0,0,0,0,203752,203752,1844,0,-0.652137815952301,4.694155216217041,203752,1844,69851,0,-0.652137815952301,4.694155216217041,"{""0"":203752}",0,0
A3_github,github,ad_en,203752,203752,0,0,"{""list"":203752}","{""2"":203752}",2,203752,0,0,0,0,0,0,0,0,0,0,0,0,0,407504,407504,204124,0,-3.91015625,4.61328125,203752,203736,16,44,-0.6995849609375,1.361328125,"{""0"":635,""1"":203117}",0,0
A3_github,github,fluency_en,203752,203752,0,0,"{""list"":203752}","{""2"":203752}",2,203752,0,0,0,0,0,0,0,0,0,0,0,0,0,407504,407504,155540,0,-3.650390625,3.392578125,203752,155475,48275,1,-0.8564453125,1.203369140625,"{""0"":90021,""1"":113731}",6,0
A3_github,github,qurater,203752,203752,0,0,"{""list"":203752}","{""4"":203752}",4,203752,0,0,0,0,0,0,0,0,0,0,0,0,0,815008,815008,517819,0,-7.66796875,11.1796875,203752,201838,2,9,-24.2265625,25.712890625,"{""0"":2549,""1"":165357,""2"":2282,""3"":33564}",32,0
A3_github,github,modernbert_professionalism,203752,203752,0,0,"{""list"":203752}","{""6"":203752}",6,203752,0,0,0,0,6,6,6,0,0,0,0,0,0,1222506,1222506,706860,0,-8.7890625,16.09375,203751,203751,0,5,-4.108154296875,3.435546875,"{""1"":4935,""2"":11589,""3"":3665,""4"":85725,""5"":97837}",69,0
A3_github,github,modernbert_readability,203752,203752,0,0,"{""list"":203752}","{""6"":203752}",6,203752,0,0,0,0,0,0,0,0,0,0,0,0,0,1222512,1222512,477600,0,-12.1015625,14.546875,203752,203752,0,33,-7.0947265625,6.7874755859375,"{""0"":1107,""1"":51772,""2"":39693,""3"":3705,""4"":92613,""5"":14862}",121,0
A3_github,github,modernbert_reasoning,203752,203752,0,0,"{""list"":203752}","{""6"":203752}",6,203752,0,0,0,0,0,0,0,0,0,0,0,0,0,1222512,1222512,639868,0,-9.4296875,18.421875,203752,203752,0,87,-4.8359375,7.18359375,"{""0"":65994,""1"":76270,""2"":49853,""3"":700,""4"":569,""5"":10366}",149,0
A3_github,github,modernbert_cleanliness,203752,203752,0,0,"{""list"":203752}","{""6"":203752}",6,203752,0,0,0,0,0,0,0,0,0,0,0,0,0,1222512,1222512,697176,0,-19.8125,21.65625,203752,203752,0,14,-13.211181640625,9.765625,"{""1"":52195,""2"":129646,""3"":320,""4"":7725,""5"":13866}",49,0
A3_github,ALL,rps_doc_frac_no_alph_words,203752,203752,0,0,"{""float"":203752}",{},,0,0,0,0,0,0,0,0,0,0,0,0,0,0,203752,203752,0,0,4.347826086956516,99.58013873676525,0,0,0,0,,,{},0,0
A3_github,ALL,rps_doc_mean_word_length,203752,203752,0,0,"{""float"":203752}",{},,0,0,0,0,0,0,0,0,0,0,0,0,0,0,203752,203752,0,0,2.5,87.0,0,0,0,0,,,{},0,0
A3_github,ALL,rps_doc_frac_unique_words,203752,203752,0,0,"{""float"":203752}",{},,0,0,0,0,0,0,0,0,0,0,0,0,0,0,203752,203752,0,0,1.2174256383258752,100.0,0,0,0,0,,,{},0,0
A3_github,ALL,rps_doc_unigram_entropy,203752,203752,0,0,"{""float"":203752}",{},,0,0,0,0,0,0,0,0,0,0,0,0,0,0,203752,203752,0,187,0.0,7.40034161,0,0,0,0,,,{},0,0
A3_github,ALL,rps_doc_word_count,203752,203752,0,0,"{""float"":203752}",{},,0,0,0,0,0,0,0,0,0,0,0,0,0,0,203752,203752,0,0,1.0,93541.0,0,0,0,0,,,{},0,0
A3_github,ALL,rps_lines_ending_with_terminal_punctution_mark,203752,203752,0,0,"{""float"":203752}",{},,0,0,0,0,0,0,0,0,0,0,0,0,0,0,203752,203752,0,3780,0.0,100.0,0,0,0,0,,,{},0,0
A3_github,ALL,rps_lines_numerical_chars_fraction,203752,203752,0,0,"{""float"":203752}",{},,0,0,0,0,0,0,0,0,0,0,0,0,0,0,203752,203752,0,53156,0.0,63.01441377528455,0,0,0,0,,,{},0,0
A3_github,ALL,rps_lines_uppercase_letter_fraction,203752,203752,0,0,"{""float"":203752}",{},,0,0,0,0,0,0,0,0,0,0,0,0,0,0,203752,203752,0,587,0.0,96.49122807017544,0,0,0,0,,,{},0,0
A3_github,ALL,rps_doc_num_sentences,203752,203752,0,0,"{""int"":203752}",{},,0,0,0,0,0,0,0,0,0,0,0,0,0,0,203752,203752,0,0,1.0,26727.0,0,0,0,0,,,{},0,0
A3_github,ALL,rps_doc_frac_chars_top_2gram,203752,203752,0,0,"{""int"":203752}",{},,0,0,0,0,0,0,0,0,0,0,0,0,0,0,203752,203752,0,53802,0.0,194.0,0,0,0,0,,,{},0,0
A3_github,ALL,rps_doc_frac_chars_top_3gram,203752,203752,0,0,"{""int"":203752}",{},,0,0,0,0,0,0,0,0,0,0,0,0,0,0,203752,203752,0,82287,0.0,284.0,0,0,0,0,,,{},0,0
A3_github,ALL,dsir_books,203752,203752,0,0,"{""float"":203752}",{},,0,0,0,0,0,0,0,0,0,0,0,0,0,0,203752,203752,203752,0,-1875504.79852465,-16.82294988,0,0,0,0,,,{},0,0
A3_github,ALL,dsir_wiki,203752,203752,0,0,"{""float"":203752}",{},,0,0,0,0,0,0,0,0,0,0,0,0,0,0,203752,203752,203752,0,-1906833.36424408,-17.66218046,0,0,0,0,,,{},0,0
A3_github,ALL,dsir_math,203752,203752,0,0,"{""float"":203752}",{},,0,0,0,0,0,0,0,0,0,0,0,0,0,0,203752,203752,203752,0,-1754034.28491041,-15.05893869,0,0,0,0,,,{},0,0
A3_github,ALL,fineweb_edu,203752,203752,0,0,"{""list"":203752}","{""1"":203752}",1,203752,0,0,0,0,0,0,0,0,0,0,0,0,0,203752,203752,1844,0,-0.652137815952301,4.694155216217041,203752,1844,69851,0,-0.652137815952301,4.694155216217041,"{""0"":203752}",0,0
A3_github,ALL,ad_en,203752,203752,0,0,"{""list"":203752}","{""2"":203752}",2,203752,0,0,0,0,0,0,0,0,0,0,0,0,0,407504,407504,204124,0,-3.91015625,4.61328125,203752,203736,16,44,-0.6995849609375,1.361328125,"{""0"":635,""1"":203117}",0,0
A3_github,ALL,fluency_en,203752,203752,0,0,"{""list"":203752}","{""2"":203752}",2,203752,0,0,0,0,0,0,0,0,0,0,0,0,0,407504,407504,155540,0,-3.650390625,3.392578125,203752,155475,48275,1,-0.8564453125,1.203369140625,"{""0"":90021,""1"":113731}",6,0
A3_github,ALL,qurater,203752,203752,0,0,"{""list"":203752}","{""4"":203752}",4,203752,0,0,0,0,0,0,0,0,0,0,0,0,0,815008,815008,517819,0,-7.66796875,11.1796875,203752,201838,2,9,-24.2265625,25.712890625,"{""0"":2549,""1"":165357,""2"":2282,""3"":33564}",32,0
A3_github,ALL,modernbert_professionalism,203752,203752,0,0,"{""list"":203752}","{""6"":203752}",6,203752,0,0,0,0,6,6,6,0,0,0,0,0,0,1222506,1222506,706860,0,-8.7890625,16.09375,203751,203751,0,5,-4.108154296875,3.435546875,"{""1"":4935,""2"":11589,""3"":3665,""4"":85725,""5"":97837}",69,0
A3_github,ALL,modernbert_readability,203752,203752,0,0,"{""list"":203752}","{""6"":203752}",6,203752,0,0,0,0,0,0,0,0,0,0,0,0,0,1222512,1222512,477600,0,-12.1015625,14.546875,203752,203752,0,33,-7.0947265625,6.7874755859375,"{""0"":1107,""1"":51772,""2"":39693,""3"":3705,""4"":92613,""5"":14862}",121,0
A3_github,ALL,modernbert_reasoning,203752,203752,0,0,"{""list"":203752}","{""6"":203752}",6,203752,0,0,0,0,0,0,0,0,0,0,0,0,0,1222512,1222512,639868,0,-9.4296875,18.421875,203752,203752,0,87,-4.8359375,7.18359375,"{""0"":65994,""1"":76270,""2"":49853,""3"":700,""4"":569,""5"":10366}",149,0
A3_github,ALL,modernbert_cleanliness,203752,203752,0,0,"{""list"":203752}","{""6"":203752}",6,203752,0,0,0,0,0,0,0,0,0,0,0,0,0,1222512,1222512,697176,0,-19.8125,21.65625,203752,203752,0,14,-13.211181640625,9.765625,"{""1"":52195,""2"":129646,""3"":320,""4"":7725,""5"":13866}",49,0
