result_id,module,item,config_or_model,dataset,data_nature,split_role,n,metric,value,unit,artifact,source_table,verification,verification_method,claim_level,caveat,interface
MIX-01,mixture,线性模型 1M 独立检验（等权Loss RMSE）,linear,test_1m,observed,independent_1m_test,256,rmse_equal_domain_mean,0.2269777772847171,val cross-entropy,solution/outputs/mixture/metrics.csv,A6/A7,V1_本轮复算,本轮由 linear_test_1m_predictions.csv 复算，diff<=2.3e-16,A_可用_附边界,1M 配方与训练零重叠、未用于调参，是真正独立检验；但仍属同一 Pythia 语料/口径,广义模型标定层可用此集作为唯一独立混合检验点
MIX-02,mixture,线性模型 1M 独立检验（R2/秩相关）,linear,test_1m,observed,independent_1m_test,256,r2_equal_domain_mean|spearman_equal_domain_mean,0.3319216143105982|0.6250743877317463,1 | 1,solution/outputs/mixture/metrics.csv,A6/A7,V1_本轮复算,本轮复算，diff<=2.3e-16,A_可用_附边界,为 13 域 Loss 先平均再算 R2/相关；与 pooled 口径不同（见 P06）,排序指标须与绝对误差分开报告
MIX-03,mixture,线性模型 60M 跨规模迁移（未重标定）,linear,test_60m,observed,zero_shot_cross_scale,256,rmse_equal_domain_mean|r2_equal_domain_mean|spearman_equal_domain_mean,1.5173310791562076|-47.05621298413138|0.5591496910048065,val cross-entropy | 1 | 1,solution/outputs/mixture/metrics.csv,A8/A9,V1_本轮复算,本轮复算，diff<=1.5e-14,B_探索性,RMSE 约 1.52（1M 为 0.227）约 6.7 倍；R2 为 -47；且该 256 条配方与 1M 检验配方字节完全相同，不是独立配方样本,迁移层必须在跨规模上重标定；禁止把 B1 尺度的结论直接外推
MIX-04,mixture,线性模型 1B 跨规模迁移（未重标定）,linear,test_1B,observed,zero_shot_cross_scale,64,rmse_equal_domain_mean|r2_equal_domain_mean|spearman_equal_domain_mean,3.188945347793164|-3768.516980443795|0.37229853479853475,val cross-entropy | 1 | 1,solution/outputs/mixture/metrics.csv,A10/A11,V1_本轮复算,本轮复算，diff<=4.5e-16,C_仅内部参考,1B 的 RMSE 比同口径常数基线（3.1195）更差，说明绝对损失迁移失败；不得表述为“模型在 1B 有效”,进入广义模型前必须有可验证的跨规模标定层
MIX-05,mixture,10B 估算材料对照,linear,est_10b,estimated_loss_training_recipe_subset,external_estimate_comparison,63,rmse_equal_domain_mean|spearman_equal_domain_mean,3.58045739701531|-0.4536290322580645,val cross-entropy | 1,solution/outputs/mixture/metrics.csv,A12/A13,V1_本轮复算,本轮复算，diff<=4.6e-13,D_禁止用于论文结论,Loss 为估算值，且 63 条配方全部来自训练集（重叠 63/63）；既非独立样本也非真值,仅可与估算材料做一致性对照，不得作为验证证据
MIX-06,mixture,70B 估算材料对照,linear,est_70b,estimated_loss_training_recipe_subset,external_estimate_comparison,63,rmse_equal_domain_mean|spearman_equal_domain_mean,3.9633176996590183|-0.5164650537634409,val cross-entropy | 1,solution/outputs/mixture/metrics.csv,A14/A15,V1_本轮复算,本轮复算，diff<=2.3e-13,D_禁止用于论文结论,同 est_10b；秩相关为负（约 -0.52），与训练集重叠，不能证明大尺度配方排序能力,仅作量级对照，禁止进入论文结论
MIX-07,mixture,常数参照基线 training_domain_means（test_1m）,training_domain_means,test_1m,observed,reference_baseline,256,rmse_equal_domain_mean,0.2846149798599803,val cross-entropy,solution/outputs/mixture/metrics.csv,A5,V1_本轮复算,常数由 train_1m 域均值给出，数值读取自 metrics.csv（未重拟合模型）,A_可用_附边界,常数基线只由训练响应拟合；1M 上线性优于该基线,任何新模型必须同时报告该平凡基线
MIX-08,mixture,常数参照基线 training_domain_means（test_60m）,training_domain_means,test_60m,observed,reference_baseline,256,rmse_equal_domain_mean,1.5374062609300423,val cross-entropy,solution/outputs/mixture/metrics.csv,A5,V1_本轮复算,常数由 train_1m 域均值给出，数值读取自 metrics.csv（未重拟合模型）,B_探索性,60M 上线性仅比常数基线好 0.02，R2 均约 -47，绝对迁移实质失败,任何新模型必须同时报告该平凡基线
MIX-09,mixture,常数参照基线 training_domain_means（test_1B）,training_domain_means,test_1B,observed,reference_baseline,64,rmse_equal_domain_mean,3.119518929406862,val cross-entropy,solution/outputs/mixture/metrics.csv,A5,V1_本轮复算,常数由 train_1m 域均值给出，数值读取自 metrics.csv（未重拟合模型）,C_仅内部参考,1B 上线性（3.1889）比常数基线（3.1195）更差,任何新模型必须同时报告该平凡基线
MIX-10,mixture,常数参照基线 training_domain_means（est_10b）,training_domain_means,est_10b,estimated_loss_training_recipe_subset,reference_baseline,63,rmse_equal_domain_mean,3.548499724940691,val cross-entropy,solution/outputs/mixture/metrics.csv,A5,V1_本轮复算,常数由 train_1m 域均值给出，数值读取自 metrics.csv（未重拟合模型）,C_仅内部参考,估算材料上线性亦不如常数基线,任何新模型必须同时报告该平凡基线
MIX-11,mixture,常数参照基线 training_domain_means（est_70b）,training_domain_means,est_70b,estimated_loss_training_recipe_subset,reference_baseline,63,rmse_equal_domain_mean,3.931490813763567,val cross-entropy,solution/outputs/mixture/metrics.csv,A5,V1_本轮复算,常数由 train_1m 域均值给出，数值读取自 metrics.csv（未重拟合模型）,C_仅内部参考,估算材料上线性亦不如常数基线,任何新模型必须同时报告该平凡基线
MIX-12,mixture,训练内嵌套5折 OOF（族选择依据）,linear,train_nested_oof,observed,nested_oof_training_only,512,rmse_equal_domain_mean|r2_equal_domain_mean|spearman_equal_domain_mean,0.2821840536571579|0.24368687320664795|0.4997154165379201,val cross-entropy | 1 | 1,solution/outputs/mixture/metrics.csv,A4/A5,V4_不可复算_需重拟合,无逐行 OOF 预测落盘，复算需重新拟合（本轮禁止）,B_探索性,族内选择后 OOF 可能乐观；该数字不可独立复现,后续须落盘 OOF 逐行预测，才能作为可复用选择证据
MIX-13,mixture,族选择结果与惩罚参数,linear,train_1m,observed,selection_record,512,selected_family|ridge_alpha,linear|1.0,- | -,solution/outputs/mixture/model.json,A4/A5,V3_仅落盘记录,model.json 记录 selected_by_training_only=linear；OOF 预测未落盘，选择过程无法复算,B_探索性,族选择只用了训练数据；不得因二次族在测试集更好而改称训练选了二次,选择规则与目标函数须随广义模型一并冻结并可复现
MIX-14,mixture,二次族最终惩罚参数,quadratic,train_1m,observed,model_parameter,512,ridge_alpha,0.1,-,solution/outputs/mixture/model.json,A4/A5,V3_仅落盘记录,model.json/all_fits 记录；未重拟合,C_仅内部参考,二次族未被选为主族，其测试表现属事后观察,保留为对照族，不得事后替换主族
MIX-15,mixture,二次族 1M 独立检验（事后观察）,quadratic,test_1m,observed,independent_1m_test,256,rmse_equal_domain_mean|spearman_equal_domain_mean,0.18642146662909823|0.7798859864957656,val cross-entropy | 1,solution/outputs/mixture/metrics.csv,A6/A7,V1_本轮复算,本轮由 quadratic_test_1m_predictions.csv 复算,B_探索性,该族在训练 OOF 上并不优于线性（pooled MSE 更大）；此表是事后观察，不能作为选型依据,若论文改用二次族，必须重新走训练内选择并说明事后性
MIX-16,mixture,导出系数可复现保存预测,linear+quadratic,6 sets,mixed,reproducibility_check,1214,max_abs_error_X_beta_vs_saved_prediction,1.7763568394002505e-14,val cross-entropy,evidence/verification_record.json,A4-A15,V1_本轮复算,本轮用 normalized_mixtures x 导出系数 逐套复算 12 组预测；结果落盘于 evidence/verification_record.json,A_可用_附边界,只证明“系数×配比=保存预测”的算术一致，不证明模型正确,系数矩阵是广义模型可调用的最小接口
MIX-17,mixture,1M 检验条件自助区间（仅行抽样）,linear,test_1m,observed,uncertainty_scenario,256,rmse_equal_domain_mean_ci95|r2_ci95|spearman_ci95,0.2048576253923051..0.24658442580131038|0.21547489284641708..0.432901080015589|0.5442723794846784..0.693467735022112,val cross-entropy | 1 | 1,solution/outputs/mixture/test_1m_conditional_intervals.json,A6/A7,V3_仅落盘记录,500 次行重采样的保存区间；本轮仅确认 mode/resamples/字段结构,C_仅内部参考,固定模型下的测试行抽样不确定性，不含族选择、质量映射、跨规模偏差；不是全流程置信区间,不确定性口径须与模型选择不确定性分开声明
MIX-18,mixture,结构性事实：1M 与 60M 检验配方完全相同,-,test_1m vs test_60m,observed,design_fact,256,sha256_p_mixture_equal,True (197267b7d6f15367e2f46c881e564c35b0d34e51b1754bb09d07e650cf8e1ce8),-,solution/outputs/mixture/audit.json,A6/A8,V1_本轮复算,本轮对原始 CSV 直接计算 SHA256，与 audit.json 记录一致,A_可用_附边界,60M 与 1M 不是两次独立配方抽样，只是同一配方在另一规模下的损失；不能当两个独立证据计数,跨规模验证应设计为配方×规模的配对结构并据此做不确定性
MIX-19,mixture,结构性事实：估算集配方全部来自训练集,-,est_10b vs est_70b vs train_1m,training_subset,design_fact,63,recipes_identical_to_training,63/63（两套估算集配方字节相同）,-,solution/outputs/mixture/audit.json,A12/A14/A4,V1_本轮复算,本轮归一化后逐行比对，并校验两套估算配比文件 SHA256 相同（880c7ca1...）,A_可用_附边界,估算集在“配方”维度是训练内样本，其对照不构成样本外证据,估算材料只能作为情景对照，须在广义模型中标明 in-sample 维度
MIX-20,mixture,训练集观测最优行（描述性）,-,train_1m index=170,observed,descriptive_reference,1,mean_loss,4.753428780115568,val cross-entropy,solution/outputs/mixture/observed_training_reference.json,A4-A7,V3_仅落盘记录,保存文件自带 role=descriptive_observed_training_best_not_global_optimum,D_禁止用于论文结论,只是训练数据中观测均值最小的一行，不是全局最优，也不是独立检验结果,若用于问三优化，须与优化解、约束可行性并列比较
MIX-21,mixture,测试集与训练集配方重叠计数,-,test_1m/test_60m/test_1B,observed,design_fact,576,overlap_with_training,0/256|0/256|0/64,-,solution/outputs/mixture/audit.json,A4/A6/A8/A10,V1_本轮复算,本轮归一化后逐行比对配方集合,A_可用_附边界,重叠为 0 只说明配方不同，不排除同域同分布或语料重复,独立检验的前提条件之一，须在论文中显式声明
SCL-22-E,scaling,B1 主拟合参数 E,point__linear,B1 (1176 checkpoints),observed(标注真实轨迹),main_fit_all_data,1176,E,1.6897975629820348,cross-entropy,solution/outputs/scaling/scaling_params.json,B1,V2_恢复轮核验,恢复轮按保存公式复算 1176 条，max_error=8.9e-16；本轮核对 all_fits 与 scaling_params 一致（diff=0）,B_探索性,参数建立在近乎确定性拟合上；来源与变换待核验，不能当独立发现的新规律,广义模型的 N/D 主项参数即来源于此
SCL-23-A,scaling,B1 主拟合参数 A,point__linear,B1 (1176 checkpoints),observed(标注真实轨迹),main_fit_all_data,1176,A,0.35398032060655715,cross-entropy,solution/outputs/scaling/scaling_params.json,B1,V2_恢复轮核验,恢复轮按保存公式复算 1176 条，max_error=8.9e-16；本轮核对 all_fits 与 scaling_params 一致（diff=0）,B_探索性,参数建立在近乎确定性拟合上；来源与变换待核验，不能当独立发现的新规律,广义模型的 N/D 主项参数即来源于此
SCL-24-B,scaling,B1 主拟合参数 B,point__linear,B1 (1176 checkpoints),observed(标注真实轨迹),main_fit_all_data,1176,B,1.2403055835426349,cross-entropy,solution/outputs/scaling/scaling_params.json,B1,V2_恢复轮核验,恢复轮按保存公式复算 1176 条，max_error=8.9e-16；本轮核对 all_fits 与 scaling_params 一致（diff=0）,B_探索性,参数建立在近乎确定性拟合上；来源与变换待核验，不能当独立发现的新规律,广义模型的 N/D 主项参数即来源于此
SCL-25-alpha,scaling,B1 主拟合参数 alpha,point__linear,B1 (1176 checkpoints),observed(标注真实轨迹),main_fit_all_data,1176,alpha,0.33997658194108205,dimensionless,solution/outputs/scaling/scaling_params.json,B1,V2_恢复轮核验,恢复轮按保存公式复算 1176 条，max_error=8.9e-16；本轮核对 all_fits 与 scaling_params 一致（diff=0）,B_探索性,参数建立在近乎确定性拟合上；来源与变换待核验，不能当独立发现的新规律,广义模型的 N/D 主项参数即来源于此
SCL-26-beta,scaling,B1 主拟合参数 beta,point__linear,B1 (1176 checkpoints),observed(标注真实轨迹),main_fit_all_data,1176,beta,0.27987812854684485,dimensionless,solution/outputs/scaling/scaling_params.json,B1,V2_恢复轮核验,恢复轮按保存公式复算 1176 条，max_error=8.9e-16；本轮核对 all_fits 与 scaling_params 一致（diff=0）,B_探索性,参数建立在近乎确定性拟合上；来源与变换待核验，不能当独立发现的新规律,广义模型的 N/D 主项参数即来源于此
SCL-27,scaling,B1 拟合/留模型/时间外 RMSE,point__linear,B1,observed(标注真实轨迹),fit|leave_one_model_out|last_20pct_tokens,1176,fit_RMSE|LOMO_RMSE|stage_RMSE,0.00014649608992588822|0.00015117977861670508|0.00010909749164734156,cross-entropy,solution/outputs/scaling/model_comparison.csv,B1,V1_本轮复算,本轮由 B1_all_predictions.csv 复算，LOMO/时间外 pooled RMSE 完全一致（diff<=8.8e-16）,B_探索性,RMSE 约等于该表损失四位小数的 2.93 个半舍入单位；近乎严格幂律需追查来源，不等于泛化精度,"作为 L(N,D) 项拟合质量的上界提示，不可当作外推精度承诺"
SCL-28,scaling,B1 拟合异常贴合的数值尺度,point__linear,B1,observed,precision_audit,1176,rmse_in_loss_half_units|frac_abs_resid_le_half_unit,2.929921798517764|0.3333333333333333,半舍入单位 | 比例,solution/outputs/scaling/B1_precision_residual_audit.json,B1,V3_仅落盘记录,读取保存审计；本轮未重算分位,A_可用_附边界,val_loss 仅 4 位小数（半单位 5e-5），D 仅 3 位小数（半单位 5e-3 B tokens），残差与数据精度同阶,任何“拟合极好”的表述都必须附此精度说明
SCL-29,scaling,参数自助分位（仅 8 个规模簇）,point__linear,B1,observed,bootstrap_cluster_descriptive,80,alpha_p2.5|alpha_median|alpha_p97.5,0.3398737267320493|0.33997507030965973|0.34010544124817793,dimensionless,solution/outputs/scaling/scaling_params.json,B1,V1_本轮复算,本轮由 cluster_bootstrap_parameters.csv 的 80 条保存重采样复算分位，与 scaling_params.json 完全一致（diff=0.0）,C_仅内部参考,只有 8 个轨迹簇，区间是条件稳定性描述，不能当总体置信区间,不确定性须与来源标定、结构选择分别表述
SCL-30,scaling,B2 外部材料对照,point__linear,B2,semisynthetic,external_comparison_no_recalibration,1029,RMSE|bias_pred_minus_actual,1.2430848665753893|-1.1784418124884763,cross-entropy,solution/outputs/scaling/external_validation.csv,B2,V1_本轮复算,本轮由对应 *_predictions.csv 复算 all 组指标，与保存表一致,C_仅内部参考,半合成、族外情景；偏离呈近似恒定水平差，说明绝对损失口径不可直接比较,外部迁移必须分层标定；B4/B5 只能用于形态对照
SCL-31,scaling,B3 外部材料对照,point__linear,B3,interpolated,external_comparison_no_recalibration,4000,RMSE|bias_pred_minus_actual,0.0038212820821869877|-0.0019683175214123727,cross-entropy,solution/outputs/scaling/external_validation.csv,B3,V1_本轮复算,本轮由对应 *_predictions.csv 复算 all 组指标，与保存表一致,D_禁止用于论文结论,由 B1 检查点插值而来，非独立证据，不得计入验证,外部迁移必须分层标定；B4/B5 只能用于形态对照
SCL-32,scaling,B4 外部材料对照,point__linear,B4,published_observed,external_comparison_no_recalibration,57,RMSE|bias_pred_minus_actual,0.29266667754284764|-0.22100853265389828,cross-entropy,solution/outputs/scaling/external_validation.csv,B4,V1_本轮复算,本轮由对应 *_predictions.csv 复算 all 组指标，与保存表一致,C_仅内部参考,真实公开跨族收敛点，但分词器/验证语料/绝对损失口径不一致,外部迁移必须分层标定；B4/B5 只能用于形态对照
SCL-33,scaling,B5 外部材料对照,point__linear,B5,published_observed,external_comparison_no_recalibration,44,RMSE|bias_pred_minus_actual,0.19759507404427076|-0.02056986313485332,cross-entropy,solution/outputs/scaling/external_validation.csv,B5,V1_本轮复算,本轮由对应 *_predictions.csv 复算 all 组指标，与保存表一致,C_仅内部参考,文献整理数据，绝对损失口径未统一,外部迁移必须分层标定；B4/B5 只能用于形态对照
SCL-34,scaling,B10 外部材料对照,point__linear,B10,estimated,external_comparison_no_recalibration,128,RMSE|bias_pred_minus_actual,0.001093827836695409|0.0006140488694654396,cross-entropy,solution/outputs/scaling/external_validation.csv,B10,V1_本轮复算,本轮由对应 *_predictions.csv 复算 all 组指标，与保存表一致,D_禁止用于论文结论,Loss 为模型估算值，不能用于证明外推准确,外部迁移必须分层标定；B4/B5 只能用于形态对照
SCL-35,scaling,B6 质量方向与拟合,quality_scenario_fit,B6,semisynthetic,separate_table_analysis_no_pooling,360,groups_neg|groups_pos|k|RMSE,45|0|3.1917719226071957|0.0623398356761999,组 | 组 | 无量纲 | cross-entropy,solution/outputs/scaling/quality_audit.json,B6,V1_本轮复算,本轮由 quality_within_ND_slopes.csv 复核 45/45/150 组方向，与保存审计一致,B_探索性,45/45 组斜率为负；k 未触界，作为当前情景 k 的来源,Q 方向与大小在进入广义模型前必须解决该冲突并保留敏感性
SCL-36,scaling,B7 质量方向与拟合,quality_scenario_fit,B7,semisynthetic,separate_table_analysis_no_pooling,450,groups_neg|groups_pos|k|RMSE,45|0|3.158233020909156|0.05987182573892898,组 | 组 | 无量纲 | cross-entropy,solution/outputs/scaling/quality_audit.json,B7,V1_本轮复算,本轮由 quality_within_ND_slopes.csv 复核 45/45/150 组方向，与保存审计一致,B_探索性,与 B6 完全重复 360 点，仅新增 90 个 Q 网格点；不得当独立重复实验,Q 方向与大小在进入广义模型前必须解决该冲突并保留敏感性
SCL-37,scaling,B8 质量方向与拟合,quality_scenario_fit,B8,semisynthetic,separate_table_analysis_no_pooling,1704,groups_neg|groups_pos|k|RMSE,0|150|-19.999999999999996|0.15420798373952652,组 | 组 | 无量纲 | cross-entropy,solution/outputs/scaling/quality_audit.json,B8,V1_本轮复算,本轮由 quality_within_ND_slopes.csv 复核 45/45/150 组方向，与保存审计一致,D_禁止用于论文结论,150/150 组斜率为正，方向与 B6/B7 相反；E 与 k 触界、条件数约 1.08e7，不适合提供问三参数,Q 方向与大小在进入广义模型前必须解决该冲突并保留敏感性
SCL-38,scaling,B6 与 B8 在共同网格上的冲突,overlap_audit,B6 vs B8,semisynthetic,conflict_evidence,160,matching_keys|max_abs_difference,160|2.5769,键 | cross-entropy,solution/outputs/scaling/quality_audit.json,B6/B8,V2_恢复轮核验,恢复轮复核 360/160/224 交集与最大差；本轮读取一致,C_仅内部参考,160 个 NDQ 键上两表 Loss 不同（最大差 2.5769），来源差异未知，不能合并或取平均,广义模型需对来源分层或引入来源偏移项
SCL-39,scaling,B7 新增 Q 网格点插值检验（B6 参数）,quality_scenario_fit,B7 novel 90 points,semisynthetic,same_source_interpolation,90,RMSE,0.0490941558589512,cross-entropy,solution/outputs/scaling/quality_audit.json,B7/B6,V1_本轮复算,本轮用 B6 保存参数复算该 90 点 RMSE，与保存值一致,C_仅内部参考,与训练同源半合成，不能升级为经验验证,仅作情景稳健性检查
SCL-40,scaling,B6 质量外推（训练 Q<=0.6 预测 Q>0.6）,quality_scenario_fit,B6,semisynthetic,within_table_extrapolation,135,RMSE|bias_pred_minus_actual,0.09555375563731155|0.03944967583802462,cross-entropy,solution/outputs/scaling/quality_B6_validation.csv,B6,V3_仅落盘记录,读取保存结果；本轮未重拟合 B6,C_仅内部参考,高 Q 段误差与正偏差都明显放大（RMSE 0.0956），Q 外推不可靠,Q 可行域边界与不确定性须在问三显式约束
SCL-41,scaling,质量迁移情景状态,quality_scenario,B1 + B6 k,semisynthetic,unvalidated_scenario,1176,status|k|Q_ref,UNVALIDATED_SCENARIO_ONLY|3.1917719226071957|0.5,- | 无量纲 | 无量纲,solution/outputs/scaling/scaling_params.json,B1/B6,V3_仅落盘记录,保存文件自带状态标记；本轮核对与 quality_audit 一致,D_禁止用于论文结论,A 评分与 B 的 Q_score 无实证标定、Q_ref=0.5 为情景锚点、p 未接入；不得称已完成 Q 标定,必须保留 k=0 与映射敏感性分析，作为广义模型的情景分支
SCL-42,scaling,B9 大模型元数据计算量口径差异,-,B9,reported_metadata,metadata_coverage_check,132,ratio_reported_to_6ND_median|n_ratio_lt_0.5|n_ratio_gt_2|n_no_D,0.9999787238569392|44|10|4,比值 | 行 | 行 | 行,solution/outputs/scaling/B9_compute_audit.csv,B9,V3_仅落盘记录,读取保存审计（含 15 个缺失单元格、11 行无报告 FLOPs）,C_仅内部参考,中位数约 1 但分布两极分化：44/121 低于 0.5、12/121 高于 2，个别行口径明显异常，不能强行改写为 6ND,成本约束建模须显式声明采用哪套 FLOPs 口径
SCL-43,scaling,"广义律 L(N,D,Q,p) 尚未形成",-,-,gap,gap,0,missing_components,p 未接入缩放模型；Q 为未标定情景；无跨来源标定；无独立最终测试集,-,solution/outputs/scaling/scaling_params.json,-,V3_仅落盘记录,由 not_included/limitations 字段与本轮核对确认,D_禁止用于论文结论,"当前只有 L(N,D) 主拟合 + 未验证 Q 情景，不能表述为已建立 L(N,D,Q,p)",进入问三前必须补齐 p 映射、Q 标定与来源分层
GAP-01,cross,A 质量与 B 的 Q_score 无配对实证标定,-,-,gap,gap,0,status,identity mapping uncalibrated,-,02_DECISIONS.md;04_TASK_QUEUE.md,-,V2_恢复轮核验,由既有决定文档与本轮核对确认,D_禁止用于论文结论,D07/D12：域映射与共线性问题未解决,广义模型/问三的前置条件
GAP-02,cross,配比 p 尚未进入缩放律,-,-,gap,gap,0,status,p not in scaling model,-,02_DECISIONS.md;04_TASK_QUEUE.md,-,V2_恢复轮核验,由既有决定文档与本轮核对确认,D_禁止用于论文结论,配比模块与缩放模块目前是两条独立证据链,广义模型/问三的前置条件
GAP-03,cross,问三联合优化未实现,-,-,gap,gap,0,status,no solver / no budget scenarios,-,02_DECISIONS.md;04_TASK_QUEUE.md,-,V2_恢复轮核验,由既有决定文档与本轮核对确认,D_禁止用于论文结论,现有参数只能作为候选接口,广义模型/问三的前置条件
