scenario_id,horizon_months,forecast_origin,forecast_date,benchmark_task,target_role,constant_baseline_points,conditional_interval_low_points,conditional_interval_high_points,benchmark_increment_points,record_status,forecast_eligibility,progress_status,time_extrapolation_status,loss_to_benchmark_conversion_count,eligibility,generated_at_utc
SCALE_GROWTH_Q25_CONSERVATIVE,12,2025-03-13,2026-03-13,IFEval_pct,PRIMARY_TASK_VECTOR,22.165077549790112,18.533524118122976,26.17220852312077,,SCENARIO_FORECAST,CONDITIONAL_BASELINE_ONLY,NOT_IDENTIFIABLE_PROGRESS,UNVALIDATED,0,CONDITIONAL_ASSOCIATION_ONLY,2026-09-25T06:22:09.020125+00:00
SCALE_GROWTH_Q50_BASE,12,2025-03-13,2026-03-13,IFEval_pct,PRIMARY_TASK_VECTOR,22.165077549790112,18.533524118122976,26.17220852312077,,SCENARIO_FORECAST,CONDITIONAL_BASELINE_ONLY,NOT_IDENTIFIABLE_PROGRESS,UNVALIDATED,0,CONDITIONAL_ASSOCIATION_ONLY,2026-09-25T06:22:09.020125+00:00
SCALE_GROWTH_Q75_OPTIMISTIC,12,2025-03-13,2026-03-13,IFEval_pct,PRIMARY_TASK_VECTOR,22.165077549790112,18.533524118122976,26.17220852312077,,SCENARIO_FORECAST,CONDITIONAL_BASELINE_ONLY,NOT_IDENTIFIABLE_PROGRESS,UNVALIDATED,0,CONDITIONAL_ASSOCIATION_ONLY,2026-09-25T06:22:09.020125+00:00
SCALE_GROWTH_Q25_CONSERVATIVE,24,2025-03-13,2027-03-13,IFEval_pct,PRIMARY_TASK_VECTOR,22.165077549790112,18.533524118122976,26.17220852312077,,SCENARIO_FORECAST,CONDITIONAL_BASELINE_ONLY,NOT_IDENTIFIABLE_PROGRESS,UNVALIDATED,0,CONDITIONAL_ASSOCIATION_ONLY,2026-09-25T06:22:09.020125+00:00
SCALE_GROWTH_Q50_BASE,24,2025-03-13,2027-03-13,IFEval_pct,PRIMARY_TASK_VECTOR,22.165077549790112,18.533524118122976,26.17220852312077,,SCENARIO_FORECAST,CONDITIONAL_BASELINE_ONLY,NOT_IDENTIFIABLE_PROGRESS,UNVALIDATED,0,CONDITIONAL_ASSOCIATION_ONLY,2026-09-25T06:22:09.020125+00:00
SCALE_GROWTH_Q75_OPTIMISTIC,24,2025-03-13,2027-03-13,IFEval_pct,PRIMARY_TASK_VECTOR,22.165077549790112,18.533524118122976,26.17220852312077,,SCENARIO_FORECAST,CONDITIONAL_BASELINE_ONLY,NOT_IDENTIFIABLE_PROGRESS,UNVALIDATED,0,CONDITIONAL_ASSOCIATION_ONLY,2026-09-25T06:22:09.020125+00:00
SCALE_GROWTH_Q25_CONSERVATIVE,12,2025-03-13,2026-03-13,BBH_pct,PRIMARY_TASK_VECTOR,30.840379894363576,29.197146659392793,32.27200965440854,,SCENARIO_FORECAST,CONDITIONAL_BASELINE_ONLY,NOT_IDENTIFIABLE_PROGRESS,UNVALIDATED,0,CONDITIONAL_ASSOCIATION_ONLY,2026-09-25T06:22:09.020125+00:00
SCALE_GROWTH_Q50_BASE,12,2025-03-13,2026-03-13,BBH_pct,PRIMARY_TASK_VECTOR,30.840379894363576,29.197146659392793,32.27200965440854,,SCENARIO_FORECAST,CONDITIONAL_BASELINE_ONLY,NOT_IDENTIFIABLE_PROGRESS,UNVALIDATED,0,CONDITIONAL_ASSOCIATION_ONLY,2026-09-25T06:22:09.020125+00:00
SCALE_GROWTH_Q75_OPTIMISTIC,12,2025-03-13,2026-03-13,BBH_pct,PRIMARY_TASK_VECTOR,30.840379894363576,29.197146659392793,32.27200965440854,,SCENARIO_FORECAST,CONDITIONAL_BASELINE_ONLY,NOT_IDENTIFIABLE_PROGRESS,UNVALIDATED,0,CONDITIONAL_ASSOCIATION_ONLY,2026-09-25T06:22:09.020125+00:00
SCALE_GROWTH_Q25_CONSERVATIVE,24,2025-03-13,2027-03-13,BBH_pct,PRIMARY_TASK_VECTOR,30.840379894363576,29.197146659392793,32.27200965440854,,SCENARIO_FORECAST,CONDITIONAL_BASELINE_ONLY,NOT_IDENTIFIABLE_PROGRESS,UNVALIDATED,0,CONDITIONAL_ASSOCIATION_ONLY,2026-09-25T06:22:09.020125+00:00
SCALE_GROWTH_Q50_BASE,24,2025-03-13,2027-03-13,BBH_pct,PRIMARY_TASK_VECTOR,30.840379894363576,29.197146659392793,32.27200965440854,,SCENARIO_FORECAST,CONDITIONAL_BASELINE_ONLY,NOT_IDENTIFIABLE_PROGRESS,UNVALIDATED,0,CONDITIONAL_ASSOCIATION_ONLY,2026-09-25T06:22:09.020125+00:00
SCALE_GROWTH_Q75_OPTIMISTIC,24,2025-03-13,2027-03-13,BBH_pct,PRIMARY_TASK_VECTOR,30.840379894363576,29.197146659392793,32.27200965440854,,SCENARIO_FORECAST,CONDITIONAL_BASELINE_ONLY,NOT_IDENTIFIABLE_PROGRESS,UNVALIDATED,0,CONDITIONAL_ASSOCIATION_ONLY,2026-09-25T06:22:09.020125+00:00
SCALE_GROWTH_Q25_CONSERVATIVE,12,2025-03-13,2026-03-13,MATH Lvl 5_pct,PRIMARY_TASK_VECTOR,1.068191627104007,0.34527406128613863,1.7479499352611074,,SCENARIO_FORECAST,CONDITIONAL_BASELINE_ONLY,NOT_IDENTIFIABLE_PROGRESS,UNVALIDATED,0,CONDITIONAL_ASSOCIATION_ONLY,2026-09-25T06:22:09.020125+00:00
SCALE_GROWTH_Q50_BASE,12,2025-03-13,2026-03-13,MATH Lvl 5_pct,PRIMARY_TASK_VECTOR,1.068191627104007,0.34527406128613863,1.7479499352611074,,SCENARIO_FORECAST,CONDITIONAL_BASELINE_ONLY,NOT_IDENTIFIABLE_PROGRESS,UNVALIDATED,0,CONDITIONAL_ASSOCIATION_ONLY,2026-09-25T06:22:09.020125+00:00
SCALE_GROWTH_Q75_OPTIMISTIC,12,2025-03-13,2026-03-13,MATH Lvl 5_pct,PRIMARY_TASK_VECTOR,1.068191627104007,0.34527406128613863,1.7479499352611074,,SCENARIO_FORECAST,CONDITIONAL_BASELINE_ONLY,NOT_IDENTIFIABLE_PROGRESS,UNVALIDATED,0,CONDITIONAL_ASSOCIATION_ONLY,2026-09-25T06:22:09.020125+00:00
SCALE_GROWTH_Q25_CONSERVATIVE,24,2025-03-13,2027-03-13,MATH Lvl 5_pct,PRIMARY_TASK_VECTOR,1.068191627104007,0.34527406128613863,1.7479499352611074,,SCENARIO_FORECAST,CONDITIONAL_BASELINE_ONLY,NOT_IDENTIFIABLE_PROGRESS,UNVALIDATED,0,CONDITIONAL_ASSOCIATION_ONLY,2026-09-25T06:22:09.020125+00:00
SCALE_GROWTH_Q50_BASE,24,2025-03-13,2027-03-13,MATH Lvl 5_pct,PRIMARY_TASK_VECTOR,1.068191627104007,0.34527406128613863,1.7479499352611074,,SCENARIO_FORECAST,CONDITIONAL_BASELINE_ONLY,NOT_IDENTIFIABLE_PROGRESS,UNVALIDATED,0,CONDITIONAL_ASSOCIATION_ONLY,2026-09-25T06:22:09.020125+00:00
SCALE_GROWTH_Q75_OPTIMISTIC,24,2025-03-13,2027-03-13,MATH Lvl 5_pct,PRIMARY_TASK_VECTOR,1.068191627104007,0.34527406128613863,1.7479499352611074,,SCENARIO_FORECAST,CONDITIONAL_BASELINE_ONLY,NOT_IDENTIFIABLE_PROGRESS,UNVALIDATED,0,CONDITIONAL_ASSOCIATION_ONLY,2026-09-25T06:22:09.020125+00:00
SCALE_GROWTH_Q25_CONSERVATIVE,12,2025-03-13,2026-03-13,GPQA_pct,PRIMARY_TASK_VECTOR,25.491371045062316,24.646452540747838,26.300335570469795,,SCENARIO_FORECAST,CONDITIONAL_BASELINE_ONLY,NOT_IDENTIFIABLE_PROGRESS,UNVALIDATED,0,CONDITIONAL_ASSOCIATION_ONLY,2026-09-25T06:22:09.020125+00:00
SCALE_GROWTH_Q50_BASE,12,2025-03-13,2026-03-13,GPQA_pct,PRIMARY_TASK_VECTOR,25.491371045062316,24.646452540747838,26.300335570469795,,SCENARIO_FORECAST,CONDITIONAL_BASELINE_ONLY,NOT_IDENTIFIABLE_PROGRESS,UNVALIDATED,0,CONDITIONAL_ASSOCIATION_ONLY,2026-09-25T06:22:09.020125+00:00
SCALE_GROWTH_Q75_OPTIMISTIC,12,2025-03-13,2026-03-13,GPQA_pct,PRIMARY_TASK_VECTOR,25.491371045062316,24.646452540747838,26.300335570469795,,SCENARIO_FORECAST,CONDITIONAL_BASELINE_ONLY,NOT_IDENTIFIABLE_PROGRESS,UNVALIDATED,0,CONDITIONAL_ASSOCIATION_ONLY,2026-09-25T06:22:09.020125+00:00
SCALE_GROWTH_Q25_CONSERVATIVE,24,2025-03-13,2027-03-13,GPQA_pct,PRIMARY_TASK_VECTOR,25.491371045062316,24.646452540747838,26.300335570469795,,SCENARIO_FORECAST,CONDITIONAL_BASELINE_ONLY,NOT_IDENTIFIABLE_PROGRESS,UNVALIDATED,0,CONDITIONAL_ASSOCIATION_ONLY,2026-09-25T06:22:09.020125+00:00
SCALE_GROWTH_Q50_BASE,24,2025-03-13,2027-03-13,GPQA_pct,PRIMARY_TASK_VECTOR,25.491371045062316,24.646452540747838,26.300335570469795,,SCENARIO_FORECAST,CONDITIONAL_BASELINE_ONLY,NOT_IDENTIFIABLE_PROGRESS,UNVALIDATED,0,CONDITIONAL_ASSOCIATION_ONLY,2026-09-25T06:22:09.020125+00:00
SCALE_GROWTH_Q75_OPTIMISTIC,24,2025-03-13,2027-03-13,GPQA_pct,PRIMARY_TASK_VECTOR,25.491371045062316,24.646452540747838,26.300335570469795,,SCENARIO_FORECAST,CONDITIONAL_BASELINE_ONLY,NOT_IDENTIFIABLE_PROGRESS,UNVALIDATED,0,CONDITIONAL_ASSOCIATION_ONLY,2026-09-25T06:22:09.020125+00:00
SCALE_GROWTH_Q25_CONSERVATIVE,12,2025-03-13,2026-03-13,MUSR_pct,PRIMARY_TASK_VECTOR,36.451247165532884,32.97430083144369,39.62585034013606,,SCENARIO_FORECAST,CONDITIONAL_BASELINE_ONLY,NOT_IDENTIFIABLE_PROGRESS,UNVALIDATED,0,CONDITIONAL_ASSOCIATION_ONLY,2026-09-25T06:22:09.020125+00:00
SCALE_GROWTH_Q50_BASE,12,2025-03-13,2026-03-13,MUSR_pct,PRIMARY_TASK_VECTOR,36.451247165532884,32.97430083144369,39.62585034013606,,SCENARIO_FORECAST,CONDITIONAL_BASELINE_ONLY,NOT_IDENTIFIABLE_PROGRESS,UNVALIDATED,0,CONDITIONAL_ASSOCIATION_ONLY,2026-09-25T06:22:09.020125+00:00
SCALE_GROWTH_Q75_OPTIMISTIC,12,2025-03-13,2026-03-13,MUSR_pct,PRIMARY_TASK_VECTOR,36.451247165532884,32.97430083144369,39.62585034013606,,SCENARIO_FORECAST,CONDITIONAL_BASELINE_ONLY,NOT_IDENTIFIABLE_PROGRESS,UNVALIDATED,0,CONDITIONAL_ASSOCIATION_ONLY,2026-09-25T06:22:09.020125+00:00
SCALE_GROWTH_Q25_CONSERVATIVE,24,2025-03-13,2027-03-13,MUSR_pct,PRIMARY_TASK_VECTOR,36.451247165532884,32.97430083144369,39.62585034013606,,SCENARIO_FORECAST,CONDITIONAL_BASELINE_ONLY,NOT_IDENTIFIABLE_PROGRESS,UNVALIDATED,0,CONDITIONAL_ASSOCIATION_ONLY,2026-09-25T06:22:09.020125+00:00
SCALE_GROWTH_Q50_BASE,24,2025-03-13,2027-03-13,MUSR_pct,PRIMARY_TASK_VECTOR,36.451247165532884,32.97430083144369,39.62585034013606,,SCENARIO_FORECAST,CONDITIONAL_BASELINE_ONLY,NOT_IDENTIFIABLE_PROGRESS,UNVALIDATED,0,CONDITIONAL_ASSOCIATION_ONLY,2026-09-25T06:22:09.020125+00:00
SCALE_GROWTH_Q75_OPTIMISTIC,24,2025-03-13,2027-03-13,MUSR_pct,PRIMARY_TASK_VECTOR,36.451247165532884,32.97430083144369,39.62585034013606,,SCENARIO_FORECAST,CONDITIONAL_BASELINE_ONLY,NOT_IDENTIFIABLE_PROGRESS,UNVALIDATED,0,CONDITIONAL_ASSOCIATION_ONLY,2026-09-25T06:22:09.020125+00:00
SCALE_GROWTH_Q25_CONSERVATIVE,12,2025-03-13,2026-03-13,MMLU-PRO_pct,PRIMARY_TASK_VECTOR,11.284194528875373,11.045743097771012,11.501670149442754,,SCENARIO_FORECAST,CONDITIONAL_BASELINE_ONLY,NOT_IDENTIFIABLE_PROGRESS,UNVALIDATED,0,CONDITIONAL_ASSOCIATION_ONLY,2026-09-25T06:22:09.020125+00:00
SCALE_GROWTH_Q50_BASE,12,2025-03-13,2026-03-13,MMLU-PRO_pct,PRIMARY_TASK_VECTOR,11.284194528875373,11.045743097771012,11.501670149442754,,SCENARIO_FORECAST,CONDITIONAL_BASELINE_ONLY,NOT_IDENTIFIABLE_PROGRESS,UNVALIDATED,0,CONDITIONAL_ASSOCIATION_ONLY,2026-09-25T06:22:09.020125+00:00
SCALE_GROWTH_Q75_OPTIMISTIC,12,2025-03-13,2026-03-13,MMLU-PRO_pct,PRIMARY_TASK_VECTOR,11.284194528875373,11.045743097771012,11.501670149442754,,SCENARIO_FORECAST,CONDITIONAL_BASELINE_ONLY,NOT_IDENTIFIABLE_PROGRESS,UNVALIDATED,0,CONDITIONAL_ASSOCIATION_ONLY,2026-09-25T06:22:09.020125+00:00
SCALE_GROWTH_Q25_CONSERVATIVE,24,2025-03-13,2027-03-13,MMLU-PRO_pct,PRIMARY_TASK_VECTOR,11.284194528875373,11.045743097771012,11.501670149442754,,SCENARIO_FORECAST,CONDITIONAL_BASELINE_ONLY,NOT_IDENTIFIABLE_PROGRESS,UNVALIDATED,0,CONDITIONAL_ASSOCIATION_ONLY,2026-09-25T06:22:09.020125+00:00
SCALE_GROWTH_Q50_BASE,24,2025-03-13,2027-03-13,MMLU-PRO_pct,PRIMARY_TASK_VECTOR,11.284194528875373,11.045743097771012,11.501670149442754,,SCENARIO_FORECAST,CONDITIONAL_BASELINE_ONLY,NOT_IDENTIFIABLE_PROGRESS,UNVALIDATED,0,CONDITIONAL_ASSOCIATION_ONLY,2026-09-25T06:22:09.020125+00:00
SCALE_GROWTH_Q75_OPTIMISTIC,24,2025-03-13,2027-03-13,MMLU-PRO_pct,PRIMARY_TASK_VECTOR,11.284194528875373,11.045743097771012,11.501670149442754,,SCENARIO_FORECAST,CONDITIONAL_BASELINE_ONLY,NOT_IDENTIFIABLE_PROGRESS,UNVALIDATED,0,CONDITIONAL_ASSOCIATION_ONLY,2026-09-25T06:22:09.020125+00:00
SCALE_GROWTH_Q25_CONSERVATIVE,12,2025-03-13,2026-03-13,benchmark_mean_aux,AUXILIARY_ONLY,21.21674363512138,20.737286746543106,21.656457500390804,,SCENARIO_FORECAST,CONDITIONAL_BASELINE_ONLY,NOT_IDENTIFIABLE_PROGRESS,UNVALIDATED,0,CONDITIONAL_ASSOCIATION_ONLY,2026-09-25T06:22:09.020125+00:00
SCALE_GROWTH_Q50_BASE,12,2025-03-13,2026-03-13,benchmark_mean_aux,AUXILIARY_ONLY,21.21674363512138,20.737286746543106,21.656457500390804,,SCENARIO_FORECAST,CONDITIONAL_BASELINE_ONLY,NOT_IDENTIFIABLE_PROGRESS,UNVALIDATED,0,CONDITIONAL_ASSOCIATION_ONLY,2026-09-25T06:22:09.020125+00:00
SCALE_GROWTH_Q75_OPTIMISTIC,12,2025-03-13,2026-03-13,benchmark_mean_aux,AUXILIARY_ONLY,21.21674363512138,20.737286746543106,21.656457500390804,,SCENARIO_FORECAST,CONDITIONAL_BASELINE_ONLY,NOT_IDENTIFIABLE_PROGRESS,UNVALIDATED,0,CONDITIONAL_ASSOCIATION_ONLY,2026-09-25T06:22:09.020125+00:00
SCALE_GROWTH_Q25_CONSERVATIVE,24,2025-03-13,2027-03-13,benchmark_mean_aux,AUXILIARY_ONLY,21.21674363512138,20.737286746543106,21.656457500390804,,SCENARIO_FORECAST,CONDITIONAL_BASELINE_ONLY,NOT_IDENTIFIABLE_PROGRESS,UNVALIDATED,0,CONDITIONAL_ASSOCIATION_ONLY,2026-09-25T06:22:09.020125+00:00
SCALE_GROWTH_Q50_BASE,24,2025-03-13,2027-03-13,benchmark_mean_aux,AUXILIARY_ONLY,21.21674363512138,20.737286746543106,21.656457500390804,,SCENARIO_FORECAST,CONDITIONAL_BASELINE_ONLY,NOT_IDENTIFIABLE_PROGRESS,UNVALIDATED,0,CONDITIONAL_ASSOCIATION_ONLY,2026-09-25T06:22:09.020125+00:00
SCALE_GROWTH_Q75_OPTIMISTIC,24,2025-03-13,2027-03-13,benchmark_mean_aux,AUXILIARY_ONLY,21.21674363512138,20.737286746543106,21.656457500390804,,SCENARIO_FORECAST,CONDITIONAL_BASELINE_ONLY,NOT_IDENTIFIABLE_PROGRESS,UNVALIDATED,0,CONDITIONAL_ASSOCIATION_ONLY,2026-09-25T06:22:09.020125+00:00
