scenario_id,budget_flops,H,cost_function,requested_draws,successful_draws,failure_fraction,N_B_p2_5,N_B_median,N_B_p97_5,D_B_p2_5,D_B_median,D_B_p97_5,Q_A_p2_5,Q_A_median,Q_A_p97_5,Loss_p2_5,Loss_median,Loss_p97_5,N_lower_boundary_probability,N_upper_boundary_probability,D_lower_boundary_probability,D_upper_boundary_probability,uncertainty_label,structural_uq_combined
S00_NULL_M0_B1,1e+18,2048,G_EXP,80,80,0.0,0.07821871682323818,0.0782470448758951,0.0782977698627434,1.992597954152077,1.9938896899311347,1.99461180937785,,,,3.5539380436370913,3.553993970247947,3.5541008810326757,0.0,0.0,0.0,0.0,B1_ROW_DRAW,False
S00_NULL_M0_B1,1e+20,2048,G_EXP,80,80,0.0,0.6258385797577316,0.6259322935344058,0.6260231091999979,24.921759874868055,24.925375739201822,24.929108109187524,,,,2.6091048960220844,2.6091415701525427,2.6091607112693347,0.0,0.0,0.0,0.0,B1_ROW_DRAW,False
S00_NULL_M0_B1,1e+22,2048,G_EXP,80,80,0.0,5.202388262950698,5.202388262950698,5.202388262950698,299.89298789371156,299.89298789371156,299.89298789371156,,,,2.1431932387139443,2.1432118929962574,2.143228098055348,0.0,0.0,0.0,0.0,B1_ROW_DRAW,False
S01_QREF_QA_H2_B1_R06_ADD,1e+18,2048,G_EXP,200,200,0.0,0.07822514668451686,0.07824586601542355,0.07830109777390275,1.992513265732849,1.9939197299598266,1.9944478553680929,0.5695341857475174,0.5695341857475174,0.5695341857475174,3.5539419045732896,3.5539963344312318,3.5541008810326757,0.0,0.0,0.0,0.0,PAIRED_B1_B6_CONDITIONAL_ROW_DRAW_NOT_JOINT_POSTERIOR,False
S01_QREF_QA_H2_B1_R06_ADD,1e+18,2048,G_LOG,200,200,0.0,0.07822514668451686,0.07824586601542355,0.07830109777390275,1.992513265732849,1.9939197299598266,1.9944478553680929,0.5695341857475174,0.5695341857475174,0.5695341857475174,3.5539419045732896,3.5539963344312318,3.5541008810326757,0.0,0.0,0.0,0.0,PAIRED_B1_B6_CONDITIONAL_ROW_DRAW_NOT_JOINT_POSTERIOR,False
S01_QREF_QA_H2_B1_R06_ADD,1e+18,2048,G_POWER,200,200,0.0,0.07822514668451686,0.07824586601542355,0.07830109777390275,1.992513265732849,1.9939197299598266,1.9944478553680929,0.5695341857475174,0.5695341857475174,0.5695341857475174,3.5539419045732896,3.5539963344312318,3.5541008810326757,0.0,0.0,0.0,0.0,PAIRED_B1_B6_CONDITIONAL_ROW_DRAW_NOT_JOINT_POSTERIOR,False
S01_QREF_QA_H2_B1_R06_ADD,1e+20,2048,G_EXP,200,200,0.0,0.6258632028972283,0.625935251611925,0.6260255418943118,24.921663030529405,24.925257945477526,24.92812731499812,0.5695341857475174,0.5695341857475174,0.5695341857475174,2.6091020851555777,2.60913985437221,2.6091575132526215,0.0,0.0,0.0,0.0,PAIRED_B1_B6_CONDITIONAL_ROW_DRAW_NOT_JOINT_POSTERIOR,False
S01_QREF_QA_H2_B1_R06_ADD,1e+20,2048,G_LOG,200,200,0.0,0.6258632028972283,0.625935251611925,0.6260255418943118,24.921663030529405,24.925257945477526,24.92812731499812,0.5695341857475174,0.5695341857475174,0.5695341857475174,2.6091020851555777,2.60913985437221,2.6091575132526215,0.0,0.0,0.0,0.0,PAIRED_B1_B6_CONDITIONAL_ROW_DRAW_NOT_JOINT_POSTERIOR,False
S01_QREF_QA_H2_B1_R06_ADD,1e+20,2048,G_POWER,200,200,0.0,0.6258632028972283,0.625935251611925,0.6260255418943118,24.921663030529405,24.925257945477526,24.92812731499812,0.5695341857475174,0.5695341857475174,0.5695341857475174,2.6091020851555777,2.60913985437221,2.6091575132526215,0.0,0.0,0.0,0.0,PAIRED_B1_B6_CONDITIONAL_ROW_DRAW_NOT_JOINT_POSTERIOR,False
S01_QREF_QA_H2_B1_R06_ADD,1e+22,2048,G_EXP,200,200,0.0,5.202388262950698,5.202388262950698,5.202388262950698,299.89298789371156,299.89298789371156,299.89298789371156,0.5695341857475174,0.5695341857475174,0.5695341857475174,2.143194936269391,2.143212465380448,2.143230738395342,0.0,0.0,0.0,0.0,PAIRED_B1_B6_CONDITIONAL_ROW_DRAW_NOT_JOINT_POSTERIOR,False
S01_QREF_QA_H2_B1_R06_ADD,1e+22,2048,G_LOG,200,200,0.0,5.202388262950698,5.202388262950698,5.202388262950698,299.89298789371156,299.89298789371156,299.89298789371156,0.5695341857475174,0.5695341857475174,0.5695341857475174,2.143194936269391,2.143212465380448,2.143230738395342,0.0,0.0,0.0,0.0,PAIRED_B1_B6_CONDITIONAL_ROW_DRAW_NOT_JOINT_POSTERIOR,False
S01_QREF_QA_H2_B1_R06_ADD,1e+22,2048,G_POWER,200,200,0.0,5.202388262950698,5.202388262950698,5.202388262950698,299.89298789371156,299.89298789371156,299.89298789371156,0.5695341857475174,0.5695341857475174,0.5695341857475174,2.143194936269391,2.143212465380448,2.143230738395342,0.0,0.0,0.0,0.0,PAIRED_B1_B6_CONDITIONAL_ROW_DRAW_NOT_JOINT_POSTERIOR,False
S02_QC,1e+18,2048,G_EXP,200,200,0.0,0.07819900716905437,0.07824538537013498,0.07830109777390275,1.992513265732849,1.9939319781981022,1.9951145376905266,0.5695341857475174,0.5695341857475174,0.5695341857475174,3.553846789101062,3.5539936632386135,3.5541005014022105,0.0,0.0,0.0,0.0,PAIRED_B1_B6_CONDITIONAL_ROW_DRAW_NOT_JOINT_POSTERIOR,False
S02_QC,1e+20,2048,G_EXP,200,200,0.0,0.6257392128842161,0.6259265801213038,0.6260255418943118,24.921663030529405,24.925603256169502,24.933066814979128,0.5695341857475174,0.5695341857475174,0.5695341857475174,2.6091049680955845,2.609140094814429,2.6091595694925607,0.0,0.0,0.0,0.0,PAIRED_B1_B6_CONDITIONAL_ROW_DRAW_NOT_JOINT_POSTERIOR,False
S02_QC,1e+22,2048,G_EXP,200,200,0.0,5.202388262950698,5.202388262950698,5.202388262950698,299.89298789371156,299.89298789371156,299.89298789371156,0.5695341857475174,0.5695341857475174,0.5695341857475174,2.1431872331948645,2.1432128892576285,2.143230738395342,0.0,0.0,0.0,0.0,PAIRED_B1_B6_CONDITIONAL_ROW_DRAW_NOT_JOINT_POSTERIOR,False
S03_H1_IDENTITY,1e+18,2048,G_EXP,200,200,0.0,0.07821922219898648,0.07824769868465949,0.0782977698627434,1.992597954152077,1.9938730296042957,1.9945989189082942,0.5695341857475174,0.5695341857475174,0.5695341857475174,3.559770694037473,3.5604771330503127,3.5614352112041114,0.0,0.0,0.0,0.0,PAIRED_B1_B6_CONDITIONAL_ROW_DRAW_NOT_JOINT_POSTERIOR,False
S03_H1_IDENTITY,1e+18,2048,G_LOG,200,200,0.0,0.07821922219898648,0.07824769868465949,0.0782977698627434,1.992597954152077,1.9938730296042957,1.9945989189082942,0.5695341857475174,0.5695341857475174,0.5695341857475174,3.559770694037473,3.5604771330503127,3.5614352112041114,0.0,0.0,0.0,0.0,PAIRED_B1_B6_CONDITIONAL_ROW_DRAW_NOT_JOINT_POSTERIOR,False
S03_H1_IDENTITY,1e+18,2048,G_POWER,200,200,0.0,0.07821922219898648,0.07824769868465949,0.0782977698627434,1.992597954152077,1.9938730296042957,1.9945989189082942,0.5695341857475174,0.5695341857475174,0.5695341857475174,3.559770694037473,3.5604771330503127,3.5614352112041114,0.0,0.0,0.0,0.0,PAIRED_B1_B6_CONDITIONAL_ROW_DRAW_NOT_JOINT_POSTERIOR,False
S03_H1_IDENTITY,1e+20,2048,G_EXP,200,200,0.0,0.6367438959617187,0.63684030620189,0.6369279029934337,24.133635846492748,24.136906416794922,24.140507076572163,0.6,0.6,0.6,2.6112317439239976,2.61126928447692,2.6112867325608566,0.0,0.0,0.0,0.0,PAIRED_B1_B6_CONDITIONAL_ROW_DRAW_NOT_JOINT_POSTERIOR,False
S03_H1_IDENTITY,1e+20,2048,G_LOG,200,200,0.0,0.6415992640043188,0.6416963615301435,0.6417842209369462,23.794927537933333,23.79811647660182,23.801641715800205,0.6,0.6,0.6,2.612184462207593,2.612221904727237,2.6122393550476914,0.0,0.0,0.0,0.0,PAIRED_B1_B6_CONDITIONAL_ROW_DRAW_NOT_JOINT_POSTERIOR,False
S03_H1_IDENTITY,1e+20,2048,G_POWER,200,200,0.0,0.6472540458391093,0.6473521762569945,0.64744012387905,23.409580244004033,23.412669825081952,23.416118088346984,0.6,0.6,0.6,2.6132983663234697,2.6133356948099538,2.6133531483878105,0.0,0.0,0.0,0.0,PAIRED_B1_B6_CONDITIONAL_ROW_DRAW_NOT_JOINT_POSTERIOR,False
S03_H1_IDENTITY,1e+22,2048,G_EXP,200,200,0.0,5.1928492307099114,5.1928492307099114,5.1928492307099114,299.8929878892838,299.8929878892838,299.8929878892838,0.6,0.6,0.6,2.143319521026413,2.143337483645692,2.143354143572815,0.0,0.0,0.0,0.0,PAIRED_B1_B6_CONDITIONAL_ROW_DRAW_NOT_JOINT_POSTERIOR,False
S03_H1_IDENTITY,1e+22,2048,G_LOG,200,200,0.0,5.188503431058247,5.188503431058247,5.188503431058247,299.89298788728274,299.89298788728274,299.89298788728274,0.6,0.6,0.6,2.1433770856489502,2.1433950419877004,2.1434117013032594,0.0,0.0,0.0,0.0,PAIRED_B1_B6_CONDITIONAL_ROW_DRAW_NOT_JOINT_POSTERIOR,False
S03_H1_IDENTITY,1e+22,2048,G_POWER,200,200,0.0,5.183366304322963,5.183366304322963,5.183366304322963,299.89298788493045,299.89298788493045,299.89298788493045,0.6,0.6,0.6,2.14344521559882,2.143463164506605,2.1434798230980032,0.0,0.0,0.0,0.0,PAIRED_B1_B6_CONDITIONAL_ROW_DRAW_NOT_JOINT_POSTERIOR,False
S04_H2_B05,1e+18,2048,G_EXP,200,200,0.0,0.07819900716905437,0.07824538537013498,0.07830109777390275,1.992513265732849,1.9939319781981022,1.9951145376905266,0.5695341857475174,0.5695341857475174,0.5695341857475174,3.553846789101062,3.553993970247947,3.5541005014022105,0.0,0.0,0.0,0.0,PAIRED_B1_B6_CONDITIONAL_ROW_DRAW_NOT_JOINT_POSTERIOR,False
S04_H2_B05,1e+20,2048,G_EXP,200,200,0.0,0.6257392128842161,0.6259243822899241,0.6260255418943118,24.921663030529405,24.925690778374808,24.933066814979128,0.5695341857475174,0.5695341857475174,0.5695341857475174,2.6091020851555777,2.6091417588561496,2.6091607112693347,0.0,0.0,0.0,0.0,PAIRED_B1_B6_CONDITIONAL_ROW_DRAW_NOT_JOINT_POSTERIOR,False
S04_H2_B05,1e+22,2048,G_EXP,200,200,0.0,5.202388262950698,5.202388262950698,5.202388262950698,299.89298789371156,299.89298789371156,299.89298789371156,0.5695341857475174,0.5695341857475174,0.5695341857475174,2.143193392701613,2.143212681520302,2.143227080141804,0.0,0.0,0.0,0.0,PAIRED_B1_B6_CONDITIONAL_ROW_DRAW_NOT_JOINT_POSTERIOR,False
S05_H2_B20,1e+18,2048,G_EXP,200,200,0.0,0.07821871682323818,0.07824788394055274,0.07830109777390275,1.992513265732849,1.9938683090184344,1.99461180937785,0.5695341857475174,0.5695341857475174,0.5695341857475174,3.5539380436370913,3.5539939810215535,3.5541156866208268,0.0,0.0,0.0,0.0,PAIRED_B1_B6_CONDITIONAL_ROW_DRAW_NOT_JOINT_POSTERIOR,False
S05_H2_B20,1e+20,2048,G_EXP,200,200,0.0,0.6258385797577316,0.625935700284391,0.6260230468232206,24.921762358056224,24.925240078995508,24.929108109187524,0.5695341857475174,0.5695341857475174,0.5695341857475174,2.6091020851555777,2.6091428888930213,2.6091640861870107,0.0,0.0,0.0,0.0,PAIRED_B1_B6_CONDITIONAL_ROW_DRAW_NOT_JOINT_POSTERIOR,False
S05_H2_B20,1e+22,2048,G_EXP,200,200,0.0,5.202388262950698,5.202388262950698,5.202388262950698,299.89298789371156,299.89298789371156,299.89298789371156,0.5695341857475174,0.5695341857475174,0.5695341857475174,2.1431872331948645,2.1432108747026515,2.143227012440778,0.0,0.0,0.0,0.0,PAIRED_B1_B6_CONDITIONAL_ROW_DRAW_NOT_JOINT_POSTERIOR,False
S06_H3_EQQUANTILE,1e+18,2048,G_EXP,200,200,0.0,0.07821871682323818,0.07824586601542355,0.07830109777390275,1.992513265732849,1.9939197299598266,1.99461180937785,0.5695341857475174,0.5695341857475174,0.5695341857475174,3.5539380436370913,3.55399395947434,3.554099760715352,0.0,0.0,0.0,0.0,PAIRED_B1_B6_CONDITIONAL_ROW_DRAW_NOT_JOINT_POSTERIOR,False
S06_H3_EQQUANTILE,1e+20,2048,G_EXP,200,200,0.0,0.625860103146903,0.625935251611925,0.6260155324274898,24.922061507250785,24.925257945477526,24.928250802497647,0.5695341857475174,0.5695341857475174,0.5695341857475174,2.6091020851555777,2.6091428888930213,2.609172419245472,0.0,0.0,0.0,0.0,PAIRED_B1_B6_CONDITIONAL_ROW_DRAW_NOT_JOINT_POSTERIOR,False
S06_H3_EQQUANTILE,1e+22,2048,G_EXP,200,200,0.0,5.202388262950698,5.202388262950698,5.202388262950698,299.89298789371156,299.89298789371156,299.89298789371156,0.5695341857475174,0.5695341857475174,0.5695341857475174,2.1431950902570596,2.1432125813056646,2.1432280303543223,0.0,0.0,0.0,0.0,PAIRED_B1_B6_CONDITIONAL_ROW_DRAW_NOT_JOINT_POSTERIOR,False
S08_RB1_02,1e+18,2048,G_EXP,200,200,0.0,0.07821871682323818,0.07824769868465949,0.07829768453168802,1.992600125650006,1.9938730296042957,1.99461180937785,0.5695341857475174,0.5695341857475174,0.5695341857475174,3.5539380436370913,3.5539939810215535,3.5541156866208268,0.0,0.0,0.0,0.0,PAIRED_B1_B6_CONDITIONAL_ROW_DRAW_NOT_JOINT_POSTERIOR,False
S08_RB1_02,1e+20,2048,G_EXP,200,200,0.0,0.6258385797577316,0.6259295254876485,0.6260231091999979,24.921759874868055,24.925485966554675,24.929108109187524,0.5695341857475174,0.5695341857475174,0.5695341857475174,2.6091020851555777,2.609140094814429,2.6091607112693347,0.0,0.0,0.0,0.0,PAIRED_B1_B6_CONDITIONAL_ROW_DRAW_NOT_JOINT_POSTERIOR,False
S08_RB1_02,1e+22,2048,G_EXP,200,200,0.0,5.202388262950698,5.202388262950698,5.202388262950698,299.89298789371156,299.89298789371156,299.89298789371156,0.5695341857475174,0.5695341857475174,0.5695341857475174,2.1431872331948645,2.1432101726871364,2.1432280303543223,0.0,0.0,0.0,0.0,PAIRED_B1_B6_CONDITIONAL_ROW_DRAW_NOT_JOINT_POSTERIOR,False
S09_RB1_09,1e+18,2048,G_EXP,200,200,0.0,0.0782223448862572,0.07824779303414986,0.07829768453168802,1.992600125650006,1.9938706254354763,1.9945192932937998,0.5695341857475174,0.5695341857475174,0.5695341857475174,3.553941943575246,3.5539939810215535,3.5541008810326757,0.0,0.0,0.0,0.0,PAIRED_B1_B6_CONDITIONAL_ROW_DRAW_NOT_JOINT_POSTERIOR,False
S09_RB1_09,1e+20,2048,G_EXP,200,200,0.0,0.6258411276262833,0.625931163787722,0.6260231091999979,24.921759874868055,24.92542072707172,24.929006603910818,0.5695341857475174,0.5695341857475174,0.5695341857475174,2.6091049680955845,2.609143266300235,2.6091640861870107,0.0,0.0,0.0,0.0,PAIRED_B1_B6_CONDITIONAL_ROW_DRAW_NOT_JOINT_POSTERIOR,False
S09_RB1_09,1e+22,2048,G_EXP,200,200,0.0,5.202388262950698,5.202388262950698,5.202388262950698,299.89298789371156,299.89298789371156,299.89298789371156,0.5695341857475174,0.5695341857475174,0.5695341857475174,2.1431872331948645,2.143211471306649,2.1432493530678633,0.0,0.0,0.0,0.0,PAIRED_B1_B6_CONDITIONAL_ROW_DRAW_NOT_JOINT_POSTERIOR,False
S10_RHOQ_00,1e+18,2048,G_EXP,80,80,0.0,0.07821871682323818,0.0782470448758951,0.0782977698627434,1.992597954152077,1.9938896899311347,1.99461180937785,,,,3.5539380436370913,3.553993970247947,3.5541008810326757,0.0,0.0,0.0,0.0,B1_ROW_DRAW,False
S10_RHOQ_00,1e+20,2048,G_EXP,80,80,0.0,0.6258385797577316,0.6259322935344058,0.6260231091999979,24.921759874868055,24.925375739201822,24.929108109187524,,,,2.6091048960220844,2.6091415701525427,2.6091607112693347,0.0,0.0,0.0,0.0,B1_ROW_DRAW,False
S10_RHOQ_00,1e+22,2048,G_EXP,80,80,0.0,5.202388262950698,5.202388262950698,5.202388262950698,299.89298789371156,299.89298789371156,299.89298789371156,,,,2.1431932387139443,2.1432118929962574,2.143228098055348,0.0,0.0,0.0,0.0,B1_ROW_DRAW,False
S11_RHOQ_05,1e+18,2048,G_EXP,200,200,0.0,0.0782223448862572,0.07824614727595525,0.07829768453168802,1.992600125650006,1.9939125627199423,1.9945192932937998,0.5695341857475174,0.5695341857475174,0.5695341857475174,3.5539403834969896,3.5540037162847797,3.5540997417233813,0.0,0.0,0.0,0.0,PAIRED_B1_B6_CONDITIONAL_ROW_DRAW_NOT_JOINT_POSTERIOR,False
S11_RHOQ_05,1e+20,2048,G_EXP,200,200,0.0,0.6258411276262833,0.6259361489568571,0.6260263412956845,24.92163120851455,24.92522221251349,24.929006603910818,0.5695341857475174,0.5695341857475174,0.5695341857475174,2.6091048960220844,2.609144215064198,2.6091607112693347,0.0,0.0,0.0,0.0,PAIRED_B1_B6_CONDITIONAL_ROW_DRAW_NOT_JOINT_POSTERIOR,False
S11_RHOQ_05,1e+22,2048,G_EXP,200,200,0.0,5.202388262950698,5.202388262950698,5.202388262950698,299.89298789371156,299.89298789371156,299.89298789371156,0.5695341857475174,0.5695341857475174,0.5695341857475174,2.143186886154409,2.143211635849475,2.143230738395342,0.0,0.0,0.0,0.0,PAIRED_B1_B6_CONDITIONAL_ROW_DRAW_NOT_JOINT_POSTERIOR,False
S12_EFF_KEEP_ETA,1e+18,2048,G_EXP,200,200,0.0,0.07821871682323818,0.07824538537013498,0.07829768453168802,1.992600125650006,1.9939319781981022,1.99461180937785,0.5695341857475174,0.5695341857475174,0.5695341857475174,3.5539380436370913,3.5539936632386135,3.5541001403458172,0.0,0.0,0.0,0.0,PAIRED_B1_B6_CONDITIONAL_ROW_DRAW_NOT_JOINT_POSTERIOR,False
S12_EFF_KEEP_ETA,1e+20,2048,G_EXP,200,200,0.0,0.6258385797577316,0.6259334232810898,0.6260263412956845,24.92163120851455,24.925330751331924,24.929108109187524,0.5695341857475174,0.5695341857475174,0.5695341857475174,2.6091020851555777,2.6091400618733904,2.609172419245472,0.0,0.0,0.0,0.0,PAIRED_B1_B6_CONDITIONAL_ROW_DRAW_NOT_JOINT_POSTERIOR,False
S12_EFF_KEEP_ETA,1e+22,2048,G_EXP,200,200,0.0,5.202388262950698,5.202388262950698,5.202388262950698,299.89298789371156,299.89298789371156,299.89298789371156,0.5695341857475174,0.5695341857475174,0.5695341857475174,2.143186886154409,2.143212681520302,2.143230738395342,0.0,0.0,0.0,0.0,PAIRED_B1_B6_CONDITIONAL_ROW_DRAW_NOT_JOINT_POSTERIOR,False
S13_EFF_KEEP_K,1e+18,2048,G_EXP,200,200,0.0,0.07819900716905437,0.07824614727595525,0.07830109777390275,1.992513265732849,1.9939125627199423,1.9951145376905266,0.5695341857475174,0.5695341857475174,0.5695341857475174,3.553846789101062,3.5539963344312318,3.554099760715352,0.0,0.0,0.0,0.0,PAIRED_B1_B6_CONDITIONAL_ROW_DRAW_NOT_JOINT_POSTERIOR,False
S13_EFF_KEEP_K,1e+20,2048,G_EXP,200,200,0.0,0.6257392128842161,0.625935251611925,0.6260231091999979,24.921759874868055,24.925257945477526,24.933066814979128,0.5695341857475174,0.5695341857475174,0.5695341857475174,2.6091020851555777,2.609143266300235,2.6091607112693347,0.0,0.0,0.0,0.0,PAIRED_B1_B6_CONDITIONAL_ROW_DRAW_NOT_JOINT_POSTERIOR,False
S13_EFF_KEEP_K,1e+22,2048,G_EXP,200,200,0.0,5.202388262950698,5.202388262950698,5.202388262950698,299.89298789371156,299.89298789371156,299.89298789371156,0.5695341857475174,0.5695341857475174,0.5695341857475174,2.1431932387139443,2.1432115535780616,2.1432280303543223,0.0,0.0,0.0,0.0,PAIRED_B1_B6_CONDITIONAL_ROW_DRAW_NOT_JOINT_POSTERIOR,False
X01_Q_HIGH,1e+18,2048,G_EXP,200,200,0.0,0.07819900716905437,0.07824779303414986,0.0782977698627434,1.992597954152077,1.9938706254354763,1.9951145376905266,0.5695341857475174,0.5695341857475174,0.5695341857475174,3.553846789101062,3.5539963344312318,3.5541156866208268,0.0,0.0,0.0,0.0,PAIRED_B1_B6_CONDITIONAL_ROW_DRAW_NOT_JOINT_POSTERIOR,False
X01_Q_HIGH,1e+20,2048,G_EXP,200,200,0.0,0.6257392128842161,0.6259307767120517,0.6260230468232206,24.921762358056224,24.925436140964536,24.933066814979128,0.5695341857475174,0.5695341857475174,0.5695341857475174,2.6091020851555777,2.6091428888930213,2.6091640861870107,0.0,0.0,0.0,0.0,PAIRED_B1_B6_CONDITIONAL_ROW_DRAW_NOT_JOINT_POSTERIOR,False
X01_Q_HIGH,1e+22,2048,G_EXP,200,200,0.0,5.202388262950698,5.202388262950698,5.202388262950698,299.89298789371156,299.89298789371156,299.89298789371156,0.5695341857475174,0.5695341857475174,0.5695341857475174,2.1431872331948645,2.1432108747026515,2.143228098055348,0.0,0.0,0.0,0.0,PAIRED_B1_B6_CONDITIONAL_ROW_DRAW_NOT_JOINT_POSTERIOR,False
X02_Q_CONSERVATIVE,1e+18,2048,G_EXP,200,200,0.0,0.07819900716905437,0.07824779303414986,0.07829768453168802,1.992600125650006,1.9938706254354763,1.9951145376905266,0.5695341857475174,0.5695341857475174,0.5695341857475174,3.553846789101062,3.553992118686636,3.5541156866208268,0.0,0.0,0.0,0.0,PAIRED_B1_B6_CONDITIONAL_ROW_DRAW_NOT_JOINT_POSTERIOR,False
X02_Q_CONSERVATIVE,1e+20,2048,G_EXP,200,200,0.0,0.6257392128842161,0.625925722850194,0.626015594804267,24.922059024062612,24.92563739445149,24.933066814979128,0.5695341857475174,0.5695341857475174,0.5695341857475174,2.6091049680955845,2.609140251412064,2.6091640861870107,0.0,0.0,0.0,0.0,PAIRED_B1_B6_CONDITIONAL_ROW_DRAW_NOT_JOINT_POSTERIOR,False
X02_Q_CONSERVATIVE,1e+22,2048,G_EXP,200,200,0.0,5.202388262950698,5.202388262950698,5.202388262950698,299.89298789371156,299.89298789371156,299.89298789371156,0.5695341857475174,0.5695341857475174,0.5695341857475174,2.143195693557473,2.1432128892576285,2.143230738395342,0.0,0.0,0.0,0.0,PAIRED_B1_B6_CONDITIONAL_ROW_DRAW_NOT_JOINT_POSTERIOR,False
X03_H3_EFF,1e+18,2048,G_EXP,200,200,0.0,0.07821922219898648,0.07824766121530324,0.07829768453168802,1.992600125650006,1.993873984382211,1.9945989189082942,0.5695341857475174,0.5695341857475174,0.5695341857475174,3.5539403834969896,3.553988467688348,3.5541156866208268,0.0,0.0,0.0,0.0,PAIRED_B1_B6_CONDITIONAL_ROW_DRAW_NOT_JOINT_POSTERIOR,False
X03_H3_EFF,1e+20,2048,G_EXP,200,200,0.0,0.6258411276262833,0.6259365631981413,0.6260230468232206,24.921762358056224,24.925205717153045,24.929006603910818,0.5695341857475174,0.5695341857475174,0.5695341857475174,2.6090831244896338,2.6091401277554684,2.6091640861870107,0.0,0.0,0.0,0.0,PAIRED_B1_B6_CONDITIONAL_ROW_DRAW_NOT_JOINT_POSTERIOR,False
X03_H3_EFF,1e+22,2048,G_EXP,200,200,0.0,5.202388262950698,5.202388262950698,5.202388262950698,299.89298789371156,299.89298789371156,299.89298789371156,0.5695341857475174,0.5695341857475174,0.5695341857475174,2.143196353712524,2.143211635849475,2.143228098055348,0.0,0.0,0.0,0.0,PAIRED_B1_B6_CONDITIONAL_ROW_DRAW_NOT_JOINT_POSTERIOR,False
