source,model,stage,task_id,fold_id,replicate,seed,Lstar,sy,n_train,n_params,n_starts,n_successful_starts,objective,rank,full_rank,condition_number,near_boundary_parameters,source_label,E,A,B,alpha,beta,k_add,eta
B1,M0_B1,full,B1_full,0,0,20260926,2.37425,0.39254999999999995,1176,5,33,33,6.96357259472058e-08,5,True,30.06665552987875,,EXISTING_8_CLUSTER_CONDITIONAL,1.6897975629820348,0.35398032060655715,1.2403055835426349,0.33997658194108205,0.27987812854684485,,
B1,M0_B1,leave_N,B1_leave_N_0.070542,0,0,20270926,2.3295,0.2936000000000001,1029,5,33,33,1.0704098580923113e-07,5,True,32.26160741997242,,EXISTING_8_CLUSTER_CONDITIONAL,1.6898361849317627,0.3538917276159634,1.2403612578424377,0.3400666768425668,0.2798608372890984,,
B1,M0_B1,leave_N,B1_leave_N_0.162405,1,0,20270927,2.3295,0.2936000000000001,1029,5,33,33,1.1540401850876362e-07,5,True,27.95866693237243,,EXISTING_8_CLUSTER_CONDITIONAL,1.6898368162961261,0.3539505978288023,1.2402700374207618,0.3399935234613019,0.2798813673144974,,
B1,M0_B1,leave_N,B1_leave_N_0.409009,2,0,20270928,2.3295,0.4310999999999998,1029,5,33,33,5.8986382700661385e-08,5,True,31.637716131299538,,EXISTING_8_CLUSTER_CONDITIONAL,1.689812640105275,0.3539824878578741,1.2402844187230662,0.3399750180351079,0.2798853764422904,,
B1,M0_B1,leave_N,B1_leave_N_1.04087,3,0,20270929,2.4053,0.43989999999999974,1029,5,33,33,5.484631914481036e-08,5,True,30.600835800177084,,EXISTING_8_CLUSTER_CONDITIONAL,1.689810381787983,0.3540033212960232,1.2402922361612139,0.3399583797877137,0.27989618347965534,,
B1,M0_B1,leave_N,B1_leave_N_1.41618,4,0,20270930,2.4216,0.4413,1029,5,33,33,5.674920337504139e-08,5,True,30.020330663859234,,EXISTING_8_CLUSTER_CONDITIONAL,1.6897654265227564,0.35398725934490793,1.2403217722952047,0.3399707805782395,0.279862363584459,,
B1,M0_B1,leave_N,B1_leave_N_2.78283,5,0,20270931,2.4254,0.39749999999999996,1029,5,33,33,7.175567877450432e-08,5,True,29.535060194726235,,EXISTING_8_CLUSTER_CONDITIONAL,1.6898082430216361,0.3539802941809433,1.240298702293426,0.3399778752359927,0.27988559204839786,,
B1,M0_B1,leave_N,B1_leave_N_6.86104,6,0,20270932,2.4276,0.38680000000000003,1029,5,33,33,7.329094023955075e-08,5,True,32.10401125720917,,EXISTING_8_CLUSTER_CONDITIONAL,1.689789268391895,0.353972788718863,1.2403297825015576,0.33998127948865325,0.27987196868463127,,
B1,M0_B1,leave_N,B1_leave_N_11.9658,7,0,20270933,2.4281,0.3836000000000004,1029,5,33,33,7.838546614299981e-08,5,True,37.99337605212453,,EXISTING_8_CLUSTER_CONDITIONAL,1.689779629802357,0.35400898840233413,1.2402864671474836,0.33995758235332424,0.27988133988079184,,
B1,M0_B1,full,B1_late_token_0.070542,100,0,20261026,2.8904,0.11339999999999995,117,5,33,33,1.6535315246278055e-06,4,False,,A,EXISTING_8_CLUSTER_CONDITIONAL,2.5619392354689303,0.00010032107525548228,1.2398671843030533,0.016217340846025337,0.28001267348333037,,
B1,M0_B1,full,B1_late_token_0.162405,101,0,20261027,2.6749,0.11289999999999978,117,5,33,33,1.2946658703596965e-06,3,False,,A,EXISTING_8_CLUSTER_CONDITIONAL,2.34630967619402,3.9917457305200095e-06,1.2406595770111593,0.0036064154630731453,0.2798264641381363,,
B1,M0_B1,full,B1_late_token_0.409009,102,0,20261028,2.498,0.11330000000000018,117,5,33,33,7.676806677579588e-07,3,False,,E,EXISTING_8_CLUSTER_CONDITIONAL,0.00010498052690180057,2.0685930559157546,1.2404648749565554,0.05315917794354699,0.2798243747828976,,
B1,M0_B1,full,B1_late_token_1.04087,103,0,20261029,2.3674,0.11330000000000018,117,5,33,33,7.611930133733486e-07,4,False,,A,EXISTING_8_CLUSTER_CONDITIONAL,2.0379292190650578,0.0007385002966100848,1.240517750048006,0.0008764134906617599,0.27971899453047244,,
B1,M0_B1,full,B1_late_token_1.41618,104,0,20261030,2.3326,0.11330000000000018,117,5,33,33,5.719908501275073e-07,3,False,,,EXISTING_8_CLUSTER_CONDITIONAL,1.9750873113135174,0.030707103286978964,1.240207460873619,0.12803230490252604,0.2799839783799854,,
B1,M0_B1,full,B1_late_token_2.78283,105,0,20261031,2.2682,0.11340000000000039,117,5,33,33,5.420935153718559e-07,3,False,,E,EXISTING_8_CLUSTER_CONDITIONAL,6.964383530234527e-06,1.9501433621579756,1.2404300302698372,0.005293340101891495,0.27980496596539045,,
B1,M0_B1,full,B1_late_token_6.86104,106,0,20261032,2.2021,0.11339999999999995,117,5,33,33,8.193943698597734e-07,3,False,,,EXISTING_8_CLUSTER_CONDITIONAL,1.6899240721193616,0.3540033017659526,1.2400970802346938,0.3399727416965503,0.27993219969394906,,
B1,M0_B1,full,B1_late_token_11.9658,107,0,20261033,2.1704,0.11339999999999995,117,5,33,33,4.249912880245796e-07,3,False,,E,EXISTING_8_CLUSTER_CONDITIONAL,3.816066567567415e-05,1.8518260695433688,1.2404678036666614,0.00216478305875331,0.27984778955091466,,
B6,M0_6,full,B6_full_M0_6,0,0,20260926,2.6482,0.5274999999999999,225,5,33,33,0.011503001782398853,5,True,49.471865363843946,,B6_SOURCE_CONDITIONAL,1.6759521671081978,0.6003432829160912,1.355580386009447,0.27213414901572897,0.2912041974946752,,
B6,MQ-add,full,B6_full_MQ-add,0,0,20360926,2.6482,0.5274999999999999,225,6,33,33,0.004822269238303348,6,True,53.94407500357512,,B6_SOURCE_CONDITIONAL,1.576717897667643,0.6003432829036089,1.3555803863625686,0.27213414902046823,0.29120419809126585,0.3544081081063713,
B6,MQ-eff,full,B6_full_MQ-eff,0,0,20460926,2.6482,0.5274999999999999,225,6,33,33,0.011503006163521087,6,True,53.58616857436549,eta,B6_SOURCE_CONDITIONAL,1.6759521854788657,0.6003432829076794,1.3555804422811233,0.2721341490190135,0.2912041994922439,,1.0000000000000023e-06
B6,M0_6,leave_N,B6_leave_N_0.07_M0_6,0,0,20270926,2.59725,0.4099999999999997,200,5,33,33,0.01736572859898652,5,True,58.01205751508949,,B6_SOURCE_CONDITIONAL,1.6405173152494696,0.6238141221028026,1.3506246257006143,0.26105718968460073,0.2818341388636261,,
B6,MQ-add,leave_N,B6_leave_N_0.07_MQ-add,0,0,20370926,2.59725,0.4099999999999997,200,6,33,33,0.007352713890841415,6,True,63.561866645898064,,B6_SOURCE_CONDITIONAL,1.546090908607851,0.6238141220711293,1.350624625308045,0.26105718969757336,0.2818341380007129,0.3372371621650614,
B6,MQ-eff,leave_N,B6_leave_N_0.07_MQ-eff,0,0,20470926,2.59725,0.4099999999999997,200,6,33,33,0.017365735571496885,6,True,63.16697859306233,eta,B6_SOURCE_CONDITIONAL,1.6405173173715129,0.6238141214056524,1.3506246747910866,0.26105718997354593,0.28183412925999335,,1.0000000000000023e-06
B6,M0_6,leave_N,B6_leave_N_0.16_M0_6,1,0,20270927,2.59725,0.4286249999999998,200,5,33,33,0.016412073654086208,5,True,51.351913348307654,,B6_SOURCE_CONDITIONAL,1.6476569323183328,0.6058098673129234,1.3417815635846588,0.2707734528922303,0.273741410637487,,
B6,MQ-add,leave_N,B6_leave_N_0.16_MQ-add,1,0,20370927,2.59725,0.4286249999999998,200,6,33,33,0.00726692831471859,6,True,56.14831040145117,,B6_SOURCE_CONDITIONAL,1.5533160382877647,0.605809867317981,1.3417815631323955,0.2707734528903349,0.27374140926041485,0.3369317567566926,
B6,MQ-eff,leave_N,B6_leave_N_0.16_MQ-eff,1,0,20470927,2.59725,0.4286249999999998,200,6,33,33,0.016412079945153035,6,True,55.7998154812068,eta,B6_SOURCE_CONDITIONAL,1.6476569525653586,0.6058098673238729,1.3417816148784871,0.2707734528880263,0.2737414134666218,,1.0000000000000023e-06
B6,M0_6,leave_N,B6_leave_N_0.41_M0_6,2,0,20270928,2.6003,0.5241249999999997,200,5,33,33,0.010913464609202247,5,True,48.749239692041655,,B6_SOURCE_CONDITIONAL,1.6906140359860617,0.5956697749431402,1.349438420029144,0.27384827822101615,0.29710677300031296,,
B6,MQ-add,leave_N,B6_leave_N_0.41_MQ-add,2,0,20370928,2.6003,0.5241249999999997,200,6,33,33,0.004732279637915884,6,True,53.20327797714966,,B6_SOURCE_CONDITIONAL,1.5957726570398296,0.5956697747003765,1.349438426574177,0.2738482783143962,0.29710678275127467,0.33871925676069264,
B6,MQ-eff,leave_N,B6_leave_N_0.41_MQ-eff,2,0,20470928,2.6003,0.5241249999999997,200,6,33,33,0.010913468862822236,6,True,52.8463205180345,eta,B6_SOURCE_CONDITIONAL,1.6906140465225015,0.5956697749165616,1.3494384764198788,0.2738482782311734,0.29710676973514555,,1.000000000000036e-06
B6,M0_6,leave_N,B6_leave_N_0.7_M0_6,3,0,20270929,2.6499,0.5548499999999996,200,5,33,33,0.010560881816603931,5,True,52.37286274022819,,B6_SOURCE_CONDITIONAL,1.6661014842865116,0.5883377654127337,1.3366500250086575,0.2768044828934888,0.27508728888729866,,
B6,MQ-add,leave_N,B6_leave_N_0.7_MQ-add,3,0,20370929,2.6499,0.5548499999999996,200,6,33,33,0.004623841520495926,6,True,57.09536927559691,,B6_SOURCE_CONDITIONAL,1.567703152367817,0.5883377653784458,1.3366500263433767,0.2768044829070625,0.2750872927396987,0.35142263513448413,
B6,MQ-eff,leave_N,B6_leave_N_0.7_MQ-eff,3,0,20470929,2.6499,0.5548499999999996,200,6,33,33,0.010560885688321902,6,True,56.741549999004555,eta,B6_SOURCE_CONDITIONAL,1.666101515737155,0.588337765416071,1.3366500770137157,0.27680448289204096,0.27508729876583243,,1.0000000000000023e-06
B6,M0_6,leave_N,B6_leave_N_1_M0_6,4,0,20270930,2.6541,0.5667249999999999,200,5,33,33,0.010007986547814558,5,True,47.30910452957139,,B6_SOURCE_CONDITIONAL,1.6906259495308145,0.6118899444264921,1.3910123528436416,0.2676411906157227,0.31410756565590797,,
B6,MQ-add,leave_N,B6_leave_N_1_MQ-add,4,0,20370930,2.6541,0.5667249999999999,200,6,33,33,0.0041519145348343535,6,True,51.572783413490335,,B6_SOURCE_CONDITIONAL,1.5908093551525744,0.6118899444263546,1.391012353011048,0.26764119061569724,0.3141075658386717,0.3564878378398888,
B6,MQ-eff,leave_N,B6_leave_N_1_MQ-eff,4,0,20470930,2.6541,0.5667249999999999,200,6,33,33,0.01000799041268028,6,True,51.20804168957085,eta,B6_SOURCE_CONDITIONAL,1.690625966315582,0.6118899444370114,1.3910124205114254,0.2676411906117783,0.3141075675799487,,1.0000000000000023e-06
B6,M0_6,leave_N,B6_leave_N_2.8_M0_6,5,0,20270931,2.67145,0.5291750000000004,200,5,33,33,0.011927501822748389,5,True,52.69091280351018,,B6_SOURCE_CONDITIONAL,1.6491886724048737,0.6001604146214173,1.3465714956271615,0.2722663461847373,0.2728035259144435,,
B6,MQ-add,leave_N,B6_leave_N_2.8_MQ-add,5,0,20370931,2.67145,0.5291750000000004,200,6,33,33,0.0047303553245206945,6,True,57.361535519066486,,B6_SOURCE_CONDITIONAL,1.5458633637903745,0.6001604146103273,1.3465714933656785,0.27226634618888035,0.2728035186862271,0.3690189189174222,
B6,MQ-eff,leave_N,B6_leave_N_2.8_MQ-eff,5,0,20470931,2.67145,0.5291750000000004,200,6,33,33,0.011927506330119528,6,True,57.00682895311768,eta,B6_SOURCE_CONDITIONAL,1.6491886945683876,0.6001604146243815,1.3465715423644526,0.2722663461836356,0.2728035289994196,,1.0000000000003095e-06
B6,M0_6,leave_N,B6_leave_N_4_M0_6,6,0,20270932,2.6753,0.5257000000000005,200,5,33,33,0.012026259051752723,5,True,47.36152765420175,,B6_SOURCE_CONDITIONAL,1.6866881021917337,0.604601330932947,1.3700995191183694,0.2712794311849789,0.3046817844017634,,
B6,MQ-add,leave_N,B6_leave_N_4_MQ-add,6,0,20370932,2.6753,0.5257000000000005,200,6,33,33,0.004715584256101745,6,True,51.56299414483742,,B6_SOURCE_CONDITIONAL,1.5832349135669317,0.6046013309580156,1.370099519490092,0.2712794311754743,0.3046817848722137,0.36947567567800965,
B6,MQ-eff,leave_N,B6_leave_N_4_MQ-eff,6,0,20470932,2.6753,0.5257000000000005,200,6,33,33,0.012026263578247444,6,True,51.20211819165027,eta,B6_SOURCE_CONDITIONAL,1.6866881297884162,0.6046013309667607,1.3700995866798802,0.271279431172214,0.3046817942967493,,1.0000000000000023e-06
B6,M0_6,leave_N,B6_leave_N_6.9_M0_6,7,0,20270933,2.68035,0.5217750000000003,200,5,33,33,0.012310923023790289,5,True,46.90620923883337,,B6_SOURCE_CONDITIONAL,1.720204779033217,0.5791276206796567,1.3859635427305925,0.2790828188208029,0.3118127220158195,,
B6,MQ-add,leave_N,B6_leave_N_6.9_MQ-add,7,0,20370933,2.68035,0.5217750000000003,200,6,33,33,0.004942531596437771,6,True,51.04838993119373,,B6_SOURCE_CONDITIONAL,1.6171194708256988,0.579127620675003,1.3859635446348377,0.2790828188225308,0.3118127241773508,0.3681618243241036,
B6,MQ-eff,leave_N,B6_leave_N_6.9_MQ-eff,7,0,20470933,2.68035,0.5217750000000003,200,6,33,33,0.012310927683869311,6,True,50.68362104697024,eta,B6_SOURCE_CONDITIONAL,1.7202048035670856,0.5791276206732512,1.3859636130302537,0.2790828188231997,0.31181272996063725,,1.0000000000000023e-06
B6,M0_6,leave_N,B6_leave_N_11.97_M0_6,8,0,20270934,2.67725,0.49480000000000013,200,5,33,33,0.013754840046878564,5,True,56.219018086749756,,B6_SOURCE_CONDITIONAL,1.6605729627479724,0.6169867587019521,1.3445331597011696,0.2665681690824205,0.2898317614450181,,
B6,MQ-add,leave_N,B6_leave_N_11.97_MQ-add,8,0,20370934,2.67725,0.49480000000000013,200,6,33,33,0.00582358048198356,6,True,61.157766432429646,,B6_SOURCE_CONDITIONAL,1.5591519485305803,0.6169867587203551,1.344533159413822,0.2665681690756549,0.2898317609442112,0.3622179054040314,
B6,MQ-eff,leave_N,B6_leave_N_11.97_MQ-eff,8,0,20470934,2.67725,0.49480000000000013,200,6,33,33,0.013754845197129585,6,True,60.76823943645809,eta,B6_SOURCE_CONDITIONAL,1.660572969482178,0.6169867586285582,1.3445332070274314,0.26656816910851494,0.2898317543780763,,1.000000000000766e-06
B6,M0_6,leave_D,B6_leave_D_10_M0_6,9,0,20280935,2.5692500000000003,0.4306749999999995,180,5,33,33,0.01639261483357432,5,True,197.22162039975368,,B6_SOURCE_CONDITIONAL,1.5661527546093184,0.5934852137797203,1.245802614574133,0.27292021569399344,0.21003947733121076,,
B6,MQ-add,leave_D,B6_leave_D_10_MQ-add,9,0,20380935,2.5692500000000003,0.4306749999999995,180,6,33,33,0.006960253828795804,6,True,214.5594271216391,,B6_SOURCE_CONDITIONAL,1.46988360801349,0.5934852138423193,1.2458026120427281,0.27292021566979524,0.2100394687818824,0.34381831831617743,
B6,MQ-eff,leave_D,B6_leave_D_10_MQ-eff,9,0,20480935,2.5692500000000003,0.4306749999999995,180,6,33,33,0.016392619798755524,6,True,214.29075126877936,eta,B6_SOURCE_CONDITIONAL,1.5661527452834916,0.5934852138026212,1.2458025114129996,0.2729202156851732,0.21003944507430375,,1.0000000000000023e-06
B6,M0_6,leave_D,B6_leave_D_50_M0_6,10,0,20280936,2.6359000000000004,0.556025,180,5,33,33,0.009608417163156897,5,True,67.97521274830645,,B6_SOURCE_CONDITIONAL,1.6363851845714348,0.5976551942359813,1.3493062402641751,0.2758160693687919,0.263908593833455,,
B6,MQ-add,leave_D,B6_leave_D_50_MQ-add,10,0,20380936,2.6359000000000004,0.556025,180,6,33,33,0.004001910402707231,6,True,74.09651480623552,,B6_SOURCE_CONDITIONAL,1.540562647512237,0.5976551942074332,1.349306240282921,0.2758160693798824,0.2639085941029035,0.34222334834873075,
B6,MQ-eff,leave_D,B6_leave_D_50_MQ-eff,10,0,20480936,2.6359000000000004,0.556025,180,6,33,33,0.009608420887315167,6,True,73.57816276037254,eta,B6_SOURCE_CONDITIONAL,1.6363852385786675,0.5976551942155127,1.3493062992715612,0.2758160693767179,0.2639086183104973,,1.0000000000153323e-06
B6,M0_6,leave_D,B6_leave_D_150_M0_6,11,0,20280937,2.67145,0.5184500000000001,180,5,33,33,0.011982666708877099,5,True,47.23139478946239,,B6_SOURCE_CONDITIONAL,1.6795441034048961,0.6080387332913012,1.3652226247682138,0.26816048626678274,0.30051429126432366,,
B6,MQ-add,leave_D,B6_leave_D_150_MQ-add,11,0,20380937,2.67145,0.5184500000000001,180,6,33,33,0.005028257588576215,6,True,51.51437886615609,,B6_SOURCE_CONDITIONAL,1.580034689162139,0.6080387331959636,1.3652226248186468,0.2681604863025306,0.30051429133101937,0.35539076576637413,
B6,MQ-eff,leave_D,B6_leave_D_150_MQ-eff,11,0,20480937,2.67145,0.5184500000000001,180,6,33,33,0.011982671513854789,6,True,51.14089251839375,eta,B6_SOURCE_CONDITIONAL,1.679544075106099,0.6080387331811077,1.3652226643092191,0.2681604863081442,0.30051425752099653,,1.0000000000000023e-06
B6,M0_6,leave_D,B6_leave_D_300_M0_6,12,0,20280938,2.6701,0.51885,180,5,33,33,0.01229105365978023,5,True,47.08528141086113,,B6_SOURCE_CONDITIONAL,1.6686251130455647,0.6071977045249273,1.356413809071363,0.26993616051989844,0.29091028959717236,,
B6,MQ-add,leave_D,B6_leave_D_300_MQ-add,12,0,20380938,2.6701,0.51885,180,6,33,33,0.005223292064112985,6,True,51.345812986486635,,B6_SOURCE_CONDITIONAL,1.5682306117238507,0.6071977044843785,1.3564138103568695,0.2699361605349604,0.29091029186849604,0.3585518018025621,
B6,MQ-eff,leave_D,B6_leave_D_300_MQ-eff,12,0,20480938,2.6701,0.51885,180,6,33,33,0.012291058627298615,6,True,51.01771525285295,eta,B6_SOURCE_CONDITIONAL,1.6686250948579329,0.6071977044903961,1.3564138492256823,0.2699361605326837,0.29091026412197396,,1.0000000000007483e-06
B6,M0_6,leave_D,B6_leave_D_600_M0_6,13,0,20280939,2.68275,0.5047250000000001,180,5,33,33,0.013525511606682382,5,True,58.635760776809676,,B6_SOURCE_CONDITIONAL,1.7059174230226177,0.5958180571558332,1.3578735845513759,0.2737376877797163,0.3081764423760982,,
B6,MQ-add,leave_D,B6_leave_D_600_MQ-add,13,0,20380939,2.68275,0.5047250000000001,180,6,33,33,0.005483412472194473,6,True,63.89674134177145,,B6_SOURCE_CONDITIONAL,1.6017416508110833,0.59581805720287,1.357873582004739,0.2737376877615932,0.3081764375407315,0.37205630630493014,
B6,MQ-eff,leave_D,B6_leave_D_600_MQ-eff,13,0,20480939,2.68275,0.5047250000000001,180,6,33,33,0.013525517064241686,6,True,63.543530426725255,eta,B6_SOURCE_CONDITIONAL,1.7059174417485543,0.5958180571735728,1.3578736334721049,0.27373768777311874,0.3081764414671225,,1.0000000000000023e-06
