model,set,domain,rmse,r2,spearman
linear,train_1m,metric/the_pile_arxiv_val_loss,0.7021444689585136,0.5204592083082125,0.7983249183174833
linear,train_1m,metric/the_pile_freelaw_val_loss,0.478747340601365,0.6267873875934812,0.8338433126194481
linear,train_1m,metric/the_pile_pubmed_central_val_loss,0.5674657318749705,0.5566374096257384,0.8035488979297559
linear,train_1m,metric/the_pile_wikipedia_en_val_loss,0.2885828473381848,0.7022634025004774,0.8739761969135167
linear,train_1m,metric/the_pile_dm_mathematics_val_loss,1.1664026098925637,0.4213426170770562,0.7607269100262071
linear,train_1m,metric/the_pile_github_val_loss,0.6900519517481054,0.5727666415655963,0.83582064464815
linear,train_1m,metric/the_pile_stackexchange_val_loss,0.5073802015655946,0.5720170902876669,0.8314748236172623
linear,train_1m,metric/the_pile_gutenberg_pg_19_val_loss,0.2401180397083417,0.6954292305312533,0.8869278289902839
linear,train_1m,metric/the_pile_pile_cc_val_loss,0.15424078370138472,0.7682903184099943,0.8958385189572105
linear,train_1m,metric/the_pile_ubuntu_irc_val_loss,0.6702481003641102,0.5746060638945762,0.8009570694716243
linear,train_1m,metric/the_pile_hackernews_val_loss,0.19540313011335517,0.6742051914063059,0.8478949228093065
linear,train_1m,metric/the_pile_pubmed_abstracts_val_loss,0.2938907708119574,0.7473067451493247,0.9183115823233884
linear,train_1m,metric/the_pile_uspto_backgrounds_val_loss,0.2691316172575078,0.7429697773984018,0.8805240305386753
linear,test_1m,metric/the_pile_arxiv_val_loss,0.5879703806644306,0.43115945827174185,0.7375092984664682
linear,test_1m,metric/the_pile_freelaw_val_loss,0.480492195819604,0.5749515899213293,0.7710245479514761
linear,test_1m,metric/the_pile_pubmed_central_val_loss,0.5311246682694919,0.5965451941431323,0.8290126459143967
linear,test_1m,metric/the_pile_wikipedia_en_val_loss,0.2957528575496388,0.7069906241545344,0.8811362726024261
linear,test_1m,metric/the_pile_dm_mathematics_val_loss,1.160262541906903,0.42746095515478677,0.7637188143739985
linear,test_1m,metric/the_pile_github_val_loss,0.6117379602158765,0.5590957527253688,0.8369814316777294
linear,test_1m,metric/the_pile_stackexchange_val_loss,0.44762776586901054,0.5455999659650821,0.819302901121538
linear,test_1m,metric/the_pile_gutenberg_pg_19_val_loss,0.2561142555526452,0.6741267876587721,0.8911922064545661
linear,test_1m,metric/the_pile_pile_cc_val_loss,0.1532080311990043,0.7714832101778234,0.9036929217212176
linear,test_1m,metric/the_pile_ubuntu_irc_val_loss,0.6482370889962358,0.577608787922659,0.764517767223621
linear,test_1m,metric/the_pile_hackernews_val_loss,0.18942444828151392,0.6827233315956175,0.8464787422751201
linear,test_1m,metric/the_pile_pubmed_abstracts_val_loss,0.26275628410410706,0.7877313055672349,0.9231603341725793
linear,test_1m,metric/the_pile_uspto_backgrounds_val_loss,0.2720724459416381,0.7154984319138142,0.8483305676356144
linear,test_60m,metric/the_pile_arxiv_val_loss,1.8290485008753772,-9.300297043268237,0.7551427672236207
linear,test_60m,metric/the_pile_freelaw_val_loss,1.441838714186766,-4.009939943939356,0.7638110837720302
linear,test_60m,metric/the_pile_pubmed_central_val_loss,1.753563486253557,-8.50461429884036,0.8490100709544517
linear,test_60m,metric/the_pile_wikipedia_en_val_loss,1.3680208960595752,-6.465006141839763,0.8829394598306247
linear,test_60m,metric/the_pile_dm_mathematics_val_loss,1.560342007856256,-3.125094890301648,0.7478742275120163
linear,test_60m,metric/the_pile_github_val_loss,2.631783435163101,-13.7109228884439,0.8391007667658501
linear,test_60m,metric/the_pile_stackexchange_val_loss,1.762366365085542,-9.0359552174626,0.8183408674753948
linear,test_60m,metric/the_pile_gutenberg_pg_19_val_loss,1.0080928535573426,-5.860319702340905,0.8948980029755091
linear,test_60m,metric/the_pile_pile_cc_val_loss,1.0754454475678297,-10.74344136794046,0.8946712634470128
linear,test_60m,metric/the_pile_ubuntu_irc_val_loss,2.0340102254356904,-7.380533512059726,0.7613891908903637
linear,test_60m,metric/the_pile_hackernews_val_loss,1.005844666068081,-9.662689617186528,0.8408460173952849
linear,test_60m,metric/the_pile_pubmed_abstracts_val_loss,1.371744201160293,-5.288550819121381,0.9207985236896312
linear,test_60m,metric/the_pile_uspto_backgrounds_val_loss,1.4199092369195687,-9.790187759331292,0.8288960574502172
linear,test_1B,metric/the_pile_arxiv_val_loss,3.205031538569216,-932.1959931459014,0.842628205128205
linear,test_1B,metric/the_pile_freelaw_val_loss,3.367979508374899,-589.9393395201765,0.7055860805860804
linear,test_1B,metric/the_pile_pubmed_central_val_loss,3.378852911687315,-4156.557666929957,0.7728021978021976
linear,test_1B,metric/the_pile_wikipedia_en_val_loss,3.3041227235673927,-435.10820841135774,0.7899267399267398
linear,test_1B,metric/the_pile_dm_mathematics_val_loss,2.674854943634401,-79.9649247417458,0.6770146520146519
linear,test_1B,metric/the_pile_github_val_loss,4.443632800795423,-1369.5270941650203,0.6719780219780218
linear,test_1B,metric/the_pile_stackexchange_val_loss,3.543512464343931,-751.286517345387,0.7324633699633699
linear,test_1B,metric/the_pile_gutenberg_pg_19_val_loss,2.6745777131196284,-121.15813670252271,0.6267399267399267
linear,test_1B,metric/the_pile_pile_cc_val_loss,2.6790546862325533,-705.8792635681294,0.8912087912087912
linear,test_1B,metric/the_pile_ubuntu_irc_val_loss,4.1157848415702025,-93.75465090917972,0.6625457875457874
linear,test_1B,metric/the_pile_hackernews_val_loss,2.317696047705028,-137.580245926251,0.5717032967032967
linear,test_1B,metric/the_pile_pubmed_abstracts_val_loss,3.0231372001339807,-713.6080656372653,0.6440018315018314
linear,test_1B,metric/the_pile_uspto_backgrounds_val_loss,2.883366656592088,-420.39442913757665,0.7462454212454213
linear,est_10b,metric/the_pile_arxiv_val_loss,3.3967321339918937,-122.41011340161675,0.676363287250384
linear,est_10b,metric/the_pile_freelaw_val_loss,3.452831557667292,-124.6301923416081,0.7115975422427036
linear,est_10b,metric/the_pile_pubmed_central_val_loss,3.4677980966734205,-191.50698275046054,0.6775153609831029
linear,est_10b,metric/the_pile_wikipedia_en_val_loss,3.8824026507296603,-282.9194469426283,0.4201809760469149
linear,est_10b,metric/the_pile_dm_mathematics_val_loss,2.829723862947313,-43.66234840535464,0.6469374039938556
linear,est_10b,metric/the_pile_github_val_loss,3.6979476357514582,-182.87598503870345,0.6040226574500768
linear,est_10b,metric/the_pile_stackexchange_val_loss,3.595018533617634,-360.52623564043313,0.524895892125597
linear,est_10b,metric/the_pile_gutenberg_pg_19_val_loss,3.583082953536454,-279.7224215655875,0.505568356374808
linear,est_10b,metric/the_pile_pile_cc_val_loss,3.8033444117716173,-326.24180785068194,0.16177035330261136
linear,est_10b,metric/the_pile_ubuntu_irc_val_loss,4.47012575807663,-207.11354441508533,0.5037922427035331
linear,est_10b,metric/the_pile_hackernews_val_loss,3.580707640091206,-434.0226106681959,0.19729262672811057
linear,est_10b,metric/the_pile_pubmed_abstracts_val_loss,3.6483758821159826,-287.39527058458987,0.32819700460829493
linear,est_10b,metric/the_pile_uspto_backgrounds_val_loss,3.444925559702555,-235.3901151906627,0.44869010047994456
linear,est_70b,metric/the_pile_arxiv_val_loss,3.7626581091913773,-246.28089820484203,0.6369527649769585
linear,est_70b,metric/the_pile_freelaw_val_loss,3.824458260501946,-215.02502215332368,0.6546178955453149
linear,est_70b,metric/the_pile_pubmed_central_val_loss,3.837458612275159,-352.1983614371583,0.590725806451613
linear,est_70b,metric/the_pile_wikipedia_en_val_loss,4.295766089630508,-424.30563202066793,0.3477342549923195
linear,est_70b,metric/the_pile_dm_mathematics_val_loss,3.1189742534740987,-92.15474592464983,0.6183275729646698
linear,est_70b,metric/the_pile_github_val_loss,4.0817683273391605,-353.205627540745,0.5051363287250383
linear,est_70b,metric/the_pile_stackexchange_val_loss,3.9715135434951114,-654.0814044692434,0.4129033806866635
linear,est_70b,metric/the_pile_gutenberg_pg_19_val_loss,3.9667762753049725,-424.445067965426,0.4245391705069125
linear,est_70b,metric/the_pile_pile_cc_val_loss,4.212106068873796,-463.17483040692684,0.10263056835637481
linear,est_70b,metric/the_pile_ubuntu_irc_val_loss,4.951328076084078,-371.7151820118238,0.39713418222644503
linear,est_70b,metric/the_pile_hackernews_val_loss,3.9675012879978406,-604.1211053401553,0.10997503840245779
linear,est_70b,metric/the_pile_pubmed_abstracts_val_loss,4.034216957680809,-439.24722781077907,0.22067012288786483
linear,est_70b,metric/the_pile_uspto_backgrounds_val_loss,3.8111806245282756,-369.25676378668186,0.3888342175231361
quadratic,train_1m,metric/the_pile_arxiv_val_loss,0.4579928162385055,0.7959719260704825,0.9165529405706045
quadratic,train_1m,metric/the_pile_freelaw_val_loss,0.28229225507293276,0.8702398051373205,0.9393832755404493
quadratic,train_1m,metric/the_pile_pubmed_central_val_loss,0.3888207806932033,0.7918489045872517,0.91650582291917
quadratic,train_1m,metric/the_pile_wikipedia_en_val_loss,0.17009665437262042,0.89656137571026,0.9495433432325106
quadratic,train_1m,metric/the_pile_dm_mathematics_val_loss,0.8069739612500838,0.72302308351097,0.8731412220620043
quadratic,train_1m,metric/the_pile_github_val_loss,0.43315921084079634,0.8316563707975914,0.9308835015621244
quadratic,train_1m,metric/the_pile_stackexchange_val_loss,0.30088548400237614,0.8494912094819912,0.9350008869204975
quadratic,train_1m,metric/the_pile_gutenberg_pg_19_val_loss,0.14530668219066847,0.8884653483242386,0.9538233604845446
quadratic,train_1m,metric/the_pile_pile_cc_val_loss,0.08317276430020934,0.9326235684878481,0.9704674249836921
quadratic,train_1m,metric/the_pile_ubuntu_irc_val_loss,0.4239681218262996,0.8297894332752855,0.9048844821814812
quadratic,train_1m,metric/the_pile_hackernews_val_loss,0.11510931371716554,0.8869418026865429,0.9430159838809352
quadratic,train_1m,metric/the_pile_pubmed_abstracts_val_loss,0.16418503654375746,0.9211341657857651,0.97268570970806
quadratic,train_1m,metric/the_pile_uspto_backgrounds_val_loss,0.1531800454945713,0.9167356418913208,0.9476543456243348
quadratic,test_1m,metric/the_pile_arxiv_val_loss,0.6042718509785527,0.3991800132565754,0.7637996395056076
quadratic,test_1m,metric/the_pile_freelaw_val_loss,0.47528624012007753,0.584112179280926,0.76127546349279
quadratic,test_1m,metric/the_pile_pubmed_central_val_loss,0.5037268126512059,0.6370957251403115,0.8401178759441519
quadratic,test_1m,metric/the_pile_wikipedia_en_val_loss,0.2511295825790238,0.7887389821033967,0.8799560826276033
quadratic,test_1m,metric/the_pile_dm_mathematics_val_loss,1.2271379733798606,0.35955866122849667,0.7294632639047836
quadratic,test_1m,metric/the_pile_github_val_loss,0.5889566357123821,0.5913231288284249,0.8575060082398717
quadratic,test_1m,metric/the_pile_stackexchange_val_loss,0.4126507335085964,0.6138379751379117,0.8460917830167085
quadratic,test_1m,metric/the_pile_gutenberg_pg_19_val_loss,0.19882739444591124,0.8036035652611552,0.9275313286793314
quadratic,test_1m,metric/the_pile_pile_cc_val_loss,0.12443293572423436,0.8492609596640927,0.9191269455252916
quadratic,test_1m,metric/the_pile_ubuntu_irc_val_loss,0.6342520954900633,0.5956374335844372,0.7199101625085831
quadratic,test_1m,metric/the_pile_hackernews_val_loss,0.15785522226919566,0.7796647499760442,0.8897845616845957
quadratic,test_1m,metric/the_pile_pubmed_abstracts_val_loss,0.21206756506287222,0.8617299163318973,0.9397580968184938
quadratic,test_1m,metric/the_pile_uspto_backgrounds_val_loss,0.20640978912891914,0.8362519552916884,0.8878640707255663
quadratic,test_60m,metric/the_pile_arxiv_val_loss,1.798493647523984,-8.959031864937549,0.7789482719157701
quadratic,test_60m,metric/the_pile_freelaw_val_loss,1.4227825406908405,-3.878386548096884,0.7614943350881208
quadratic,test_60m,metric/the_pile_pubmed_central_val_loss,1.6779298265701512,-7.702401138767442,0.858134727626459
quadratic,test_60m,metric/the_pile_wikipedia_en_val_loss,1.3717092972676088,-6.505314086961673,0.8846797035934993
quadratic,test_60m,metric/the_pile_dm_mathematics_val_loss,1.6017697556426505,-3.3470488416178013,0.7269126230258639
quadratic,test_60m,metric/the_pile_github_val_loss,2.575033882190043,-13.08333521304158,0.8692213607232776
quadratic,test_60m,metric/the_pile_stackexchange_val_loss,1.7012666973435249,-8.352142696730326,0.85009155413138
quadratic,test_60m,metric/the_pile_gutenberg_pg_19_val_loss,0.9737764185616519,-5.401205791787766,0.9266086346990156
quadratic,test_60m,metric/the_pile_pile_cc_val_loss,1.0716126514268873,-10.6598852739235,0.9231574731059737
quadratic,test_60m,metric/the_pile_ubuntu_irc_val_loss,1.9711336041838066,-6.870413082900041,0.7328407530327306
quadratic,test_60m,metric/the_pile_hackernews_val_loss,0.983370463678422,-9.191526838600618,0.8922908560311283
quadratic,test_60m,metric/the_pile_pubmed_abstracts_val_loss,1.3377807348029997,-4.981005253343379,0.9401836804760815
quadratic,test_60m,metric/the_pile_uspto_backgrounds_val_loss,1.3958032353876928,-9.42692463200938,0.8791335259784846
quadratic,test_1B,metric/the_pile_arxiv_val_loss,2.572178138795444,-600.0496326271577,0.9113095238095236
quadratic,test_1B,metric/the_pile_freelaw_val_loss,3.038340895846074,-479.9246304698077,0.8473443223443223
quadratic,test_1B,metric/the_pile_pubmed_central_val_loss,2.909624487787771,-3082.000499676388,0.8939560439560438
quadratic,test_1B,metric/the_pile_wikipedia_en_val_loss,3.047015627139364,-369.87818135645193,0.9326923076923076
quadratic,test_1B,metric/the_pile_dm_mathematics_val_loss,2.6578363731964614,-78.93793532650658,0.7572344322344322
quadratic,test_1B,metric/the_pile_github_val_loss,3.8640201554173776,-1035.3108951243155,0.8953296703296701
quadratic,test_1B,metric/the_pile_stackexchange_val_loss,3.1688571061606674,-600.6177771701354,0.8201007326007326
quadratic,test_1B,metric/the_pile_gutenberg_pg_19_val_loss,2.5114261283181567,-106.7091933682013,0.6990384615384615
quadratic,test_1B,metric/the_pile_pile_cc_val_loss,2.4736413767433185,-601.6366743781656,0.8683150183150183
quadratic,test_1B,metric/the_pile_ubuntu_irc_val_loss,4.138274373193606,-94.79299955345556,0.5346153846153845
quadratic,test_1B,metric/the_pile_hackernews_val_loss,2.1668521083540524,-120.12865899548639,0.6384615384615384
quadratic,test_1B,metric/the_pile_pubmed_abstracts_val_loss,2.8887853134347417,-651.5033322444903,0.8560439560439559
quadratic,test_1B,metric/the_pile_uspto_backgrounds_val_loss,2.7800946209125366,-390.7492745515189,0.8537545787545787
quadratic,est_10b,metric/the_pile_arxiv_val_loss,3.43029148381955,-124.86071716080968,0.7582565284178188
quadratic,est_10b,metric/the_pile_freelaw_val_loss,3.4860867469007886,-127.06180523686933,0.6923483102918587
quadratic,est_10b,metric/the_pile_pubmed_central_val_loss,3.463769874927496,-191.06000723352477,0.6730030721966206
quadratic,est_10b,metric/the_pile_wikipedia_en_val_loss,3.869070545675237,-280.97284582892877,0.30878717336019423
quadratic,est_10b,metric/the_pile_dm_mathematics_val_loss,2.923397260681035,-46.668239429426926,0.6446332565284179
quadratic,est_10b,metric/the_pile_github_val_loss,3.734633080775488,-186.54236038672357,0.6868279569892474
quadratic,est_10b,metric/the_pile_stackexchange_val_loss,3.593364318993098,-360.1936062596349,0.5421052000342371
quadratic,est_10b,metric/the_pile_gutenberg_pg_19_val_loss,3.5893176686413737,-280.7002091729205,0.421178955453149
quadratic,est_10b,metric/the_pile_pile_cc_val_loss,3.810463031246138,-327.4679339623051,0.08117319508448541
quadratic,est_10b,metric/the_pile_ubuntu_irc_val_loss,4.480930531739842,-208.1208258398641,0.5892377112135178
quadratic,est_10b,metric/the_pile_hackernews_val_loss,3.6014864470027703,-439.08612273163897,0.08030913978494625
quadratic,est_10b,metric/the_pile_pubmed_abstracts_val_loss,3.6233518590273315,-283.4526614469333,0.3593990015360983
quadratic,est_10b,metric/the_pile_uspto_backgrounds_val_loss,3.415665600781479,-231.39154356240672,0.412807373390102
quadratic,est_70b,metric/the_pile_arxiv_val_loss,3.7980084637300227,-250.94915687808628,0.7066052227342551
quadratic,est_70b,metric/the_pile_freelaw_val_loss,3.857910084361084,-218.82061076672082,0.623223886328725
quadratic,est_70b,metric/the_pile_pubmed_central_val_loss,3.833324490425186,-351.4377650697892,0.5689324116743473
quadratic,est_70b,metric/the_pile_wikipedia_en_val_loss,4.282203724616004,-421.6243664885394,0.22393433179723501
quadratic,est_70b,metric/the_pile_dm_mathematics_val_loss,3.2222085141011583,-98.42341766497196,0.6216877880184332
quadratic,est_70b,metric/the_pile_github_val_loss,4.119524292009488,-359.7886696437624,0.5849654377880185
quadratic,est_70b,metric/the_pile_stackexchange_val_loss,3.969467230879565,-653.406520205356,0.39547805636076
quadratic,est_70b,metric/the_pile_gutenberg_pg_19_val_loss,3.972768097579602,-425.73130965724255,0.32934907834101385
quadratic,est_70b,metric/the_pile_pile_cc_val_loss,4.21889310372952,-464.6719004347578,0.019489247311827957
quadratic,est_70b,metric/the_pile_ubuntu_irc_val_loss,4.9637442689391,-373.5868034583367,0.4732199647513955
quadratic,est_70b,metric/the_pile_hackernews_val_loss,3.988091631857874,-610.4182591274047,-0.01886520737327189
quadratic,est_70b,metric/the_pile_pubmed_abstracts_val_loss,4.009140437334062,-433.79112219948195,0.24126344086021506
quadratic,est_70b,metric/the_pile_uspto_backgrounds_val_loss,3.781765502263249,-363.5634527157345,0.3419820945228175
