term,metric/the_pile_arxiv_val_loss,metric/the_pile_freelaw_val_loss,metric/the_pile_pubmed_central_val_loss,metric/the_pile_wikipedia_en_val_loss,metric/the_pile_dm_mathematics_val_loss,metric/the_pile_github_val_loss,metric/the_pile_stackexchange_val_loss,metric/the_pile_gutenberg_pg_19_val_loss,metric/the_pile_pile_cc_val_loss,metric/the_pile_ubuntu_irc_val_loss,metric/the_pile_hackernews_val_loss,metric/the_pile_pubmed_abstracts_val_loss,metric/the_pile_uspto_backgrounds_val_loss
arxiv,4.978389613464319,6.368425677278157,6.066182160318104,6.418862288815787,5.688671040702073,6.946856090319294,6.572181869722699,6.155308129567902,6.323458265990532,7.854221784627696,6.078887403654574,6.172528285513427,5.749958221584006
freelaw,7.442944582739887,4.6392351713670665,6.705599567971473,6.363339096158981,5.890522103184514,7.323382115244449,6.918030145348111,5.615870362747594,6.101590315863594,8.025431984031718,5.891007835848886,6.3281627633528945,5.66733074988248
nih_exporter,18.55641585125042,-37.275339589847704,31.601651910172368,33.977207247408884,147.05273654969326,57.365780297714046,77.04408830637679,-4.806265111158741,6.665407258282998,39.663914901674424,1.8805943655522197,28.86111969364131,30.36758401918976
pubmed_central,5.887436209987258,6.435275923090953,4.7669883568628535,6.461703746119954,4.788317853176258,7.543476945508001,6.8929010818145,6.1628579823204,6.212058217417194,8.2000352610312,6.124550905438671,5.080753165869113,5.537331685149415
wikipedia_en,7.706147845270348,6.0015581498837305,6.062655801168802,6.907794110920411,7.4055139513601596,7.783428806870697,6.959805297648894,5.749450343607751,5.974241824284215,7.633476317351831,6.090437138180939,5.79406152673789,5.283515799105741
dm_mathematics,3.695311382115951,5.522179417941606,15.117856516499213,7.832250518939771,154.10770638650797,4.494835722707183,2.926433612741521,5.383113280313233,6.407561180913057,7.148767989549394,6.90056168213664,6.539515413809506,9.118981958357102
github,6.393132531345883,6.572625881366947,6.430266855898413,6.693472072078683,5.079003850499648,4.321809867889267,5.1171987150974045,6.14134641922801,6.385242596528741,7.206338019365032,5.8373795627084375,6.674425621343103,6.200534435956726
philpapers,-97.70197270704789,46.84881620321817,-9.39526463745414,34.42211617658288,39.425455380628435,-68.1052754021545,-43.89208273431681,-4.932306446029935,8.218506497376474,13.569008716102099,-41.05767180662064,14.12679589375736,26.63977939134755
stackexchange,5.203766455665274,6.397993275994385,6.2347524688865255,6.523863766411954,4.767424984717185,4.978498408670185,4.266711821505867,5.9670241023188115,6.061319602363093,7.110006075679217,5.473182539204963,6.597313294042792,5.878099667737078
enron_emails,144.99027308528127,9.822405445161024,33.609292468188464,-43.569546181848715,158.8646466303089,50.22557110970364,86.56279051247235,14.845839561463205,-0.40223688717508704,126.1823576419932,27.653577165045725,9.52211174050614,-11.724410371533494
gutenberg_pg_19,9.813323512927644,5.016058438249885,7.087112980627463,6.711445744427215,11.0143949709155,6.523079285580638,6.669631181060996,11.679311338440884,6.712037300854765,11.36115168189905,6.585853425842554,6.254512321596998,5.661672412653985
pile_cc,6.052549203317748,5.314924800690319,6.344582853000802,5.71848855018976,5.053505805053666,6.2935300671333225,5.897273858298298,5.263641360050127,5.308719246853366,7.2935446711688385,5.257583422325373,5.775062990516071,5.303568748583377
ubuntu_irc,7.620859491564855,25.40993601847449,14.105039111612534,3.509306355290469,73.44623812785132,23.518872628034917,20.59119000170755,11.376007384842765,13.554260206153481,172.3740107450287,10.823088703581188,15.314483955684793,15.804169528595622
europarl,34.940008921006296,24.1364797952331,-19.44095167141271,10.821426579360127,-80.61916606677576,-0.1336204476639012,15.3291767160089,8.914288238925321,10.78129927354886,45.40446279650543,10.193454117555566,4.410352356127112,9.840484726312402
hackernews,23.185520448347972,16.53184948824093,-19.626836315944633,1.8797556329430019,19.628796680800257,1.2828892784051666,26.438054000077603,14.56727518052652,7.7819924518862695,50.27200761282098,92.00602781406133,-2.9374520451069954,7.700146660724275
pubmed_abstracts,5.777342976927377,4.130026392531465,6.292981047433069,5.980464439076417,1.8669377049598086,6.070367538649293,6.275919834632862,5.0996355896719505,5.670812449099603,6.286359115203645,5.718651883607092,7.590946537491416,5.194820260108472
uspto_backgrounds,6.296048082719842,6.284017003647638,6.082089062981873,6.564060182151757,8.191453024357918,8.290848243400161,7.279439223284495,6.1635511190224745,6.29728786748817,7.543102834403434,5.921979422560577,5.867332232923526,6.775989481634097
arxiv*freelaw,-10.382116542636506,-7.620696283113232,-1.7554647483438344,-0.5042165285061031,-4.685121238643085,-0.7921067839837561,-0.39743411528577427,-1.2762406081487656,-0.488596067140914,-2.258766075042864,0.046379821440076394,-0.008312641784505697,-0.3876321400834494
arxiv*nih_exporter,-14.97875699003897,32.96587829701323,-36.820854760121506,-24.23600523688934,-136.4225809142514,-57.42685084608201,-78.13868264816617,5.023352511456088,-2.1713535952536867,-17.975631743220173,0.7813943274547713,-35.74228685407273,-27.688608167155095
arxiv*pubmed_central,-6.375327677087762,-0.7644457160175081,-5.9041113788534645,-0.5977042834593712,-0.8227567581342698,-3.7554040751604703,-2.264162352213267,-0.07997172817979978,-0.11470736156375595,-2.675595717208477,-0.155778795461779,-2.3683704182109064,-0.7198168027578101
arxiv*wikipedia_en,-10.356210136244917,-1.7183723523909498,-2.8177763103486813,-7.234419820702588,-3.201119911270024,-2.366973342448612,-1.988477838690572,-0.7333360386800353,-1.4747961629714843,-0.13148921874053898,-0.26684044906264576,-0.5236353668842929,-0.04953893936522661
arxiv*dm_mathematics,-4.840776851098773,1.9813215081702145,-15.368501496153362,-0.7144966977701838,-208.53501059617935,5.137889504597118,5.014720623296806,-0.06142051028722379,0.09015065980009399,4.926436757804331,-3.1438679096409823,-1.3330360684526954,-4.086943241742836
arxiv*github,-9.213860653185161,-5.264320879515307,-4.413289695693705,-1.2900088175687894,-3.9734107763939326,-9.741514724854904,-4.840334915031964,-1.0856143659757602,-0.8131498025047218,-2.873781256766319,-0.2793760412225682,-1.7040680786417874,-1.0195106979621258
arxiv*philpapers,120.76466906457505,-44.41366582663141,21.920432448286377,-30.18497340665321,-50.78093934746398,82.04883798468576,61.2153291954708,0.504343420827483,-3.0654278701540045,3.6363830573938802,42.007186586770224,-5.174638987210915,-13.038149778454745
arxiv*stackexchange,-3.0279885962960114,-0.6370854533810532,-0.3893996028661512,-1.2306861213162354,-5.7587537987810355,-4.844831683371424,-6.102862991808397,-0.3621191269670038,-0.5770427135947044,-0.4255132759537571,-1.0831330096441103,-0.4248230040208552,0.5712144541231439
arxiv*enron_emails,-139.49101897719603,-52.31606207990087,-54.597645386227775,44.58702253897031,-230.64886178692186,5.0380645233534915,-51.94798000376185,-19.149941455998814,1.8182572093695697,-147.36045014154845,-16.55383916114638,-15.453904658985284,23.488434393691712
arxiv*gutenberg_pg_19,-13.712270098663982,2.0850764195805787,-3.428801143431345,-1.889969796087522,-7.091981799060248,-4.44167829597513,-5.455183134448762,-15.473833692422959,-2.6771859381717493,-7.97448284073473,-2.7174600876663533,-0.14003186256534073,-0.9367467539267247
arxiv*pile_cc,-10.775697311939789,-2.6045000717183946,-2.691053022875008,-1.8890998386715034,-4.496738997486223,-2.31953258355585,-2.6522955940513064,-2.074076669989014,-2.6004153308353675,-1.2656613772592369,-1.7492496959980317,-0.6884435359158174,-1.0859268881231043
arxiv*ubuntu_irc,-14.020887061521924,-18.10331201256202,-10.806083337062491,5.970770689740589,-87.0447905237895,-27.35277402229781,-25.235377068679654,-4.753012994294075,-8.908743019026247,-216.82303752070948,-7.918196927960709,-8.50053741230557,-12.209858713071453
arxiv*europarl,-36.58040500603759,-20.43217883113874,26.51263833681956,-6.162104659936227,104.58188320188258,0.32657605004895834,-11.794645603212528,-5.231898456604982,-6.583371004063586,-53.860547291470766,-7.6533217737027925,1.3575483375965665,-6.624644880116983
arxiv*hackernews,-24.452743460556036,-10.138750652093126,17.561388056854945,0.5521938241533771,-15.323995765503863,3.7171302826046744,-28.495556734741577,-12.94342275571984,-5.231292073333738,-54.478811310780166,-109.64855130525983,7.415767137069518,-6.000017895643447
arxiv*pubmed_abstracts,-7.678329314614177,3.1539522659107524,-3.9789076405303327,1.0238766583563443,4.686000947811142,-3.0383416796489873,-3.055841771480613,1.8124097690409178,0.6915490778391462,-0.39851158171611556,-0.28262006184971694,-9.167674857819696,-0.9094119328789
arxiv*uspto_backgrounds,-8.702108635282412,-1.0058252774075862,-1.4683368679867597,0.07455523747940336,-3.8958629748900164,-7.599697145058539,-5.149476933200889,0.4477655992609902,-0.5916848329218078,-4.201761110062781,-0.3058125436892312,-1.2685656015818756,-8.946702770994703
freelaw*nih_exporter,-10.979655801115786,53.49599564670294,-35.14805213697661,-30.35412471475269,-167.12967710449314,-47.54915064742196,-79.42296260717647,15.127847792484843,1.7962727444762687,-19.110077168290655,6.448296069929552,-38.223098268288915,-25.77657722610422
freelaw*pubmed_central,-3.7730518080932636,-7.4175465040683,-7.331437474547949,-0.4916729690237217,-3.440828029845697,-1.4324000102918601,-1.2989299595207409,-1.3514288839543651,-1.1540706342042388,-2.774785512989014,-1.1693166657196876,-2.21807660205542,-1.113676039551323
freelaw*wikipedia_en,-3.938530484559858,-6.446984310612672,-0.32737660684911246,-8.23077637939709,-4.413353057079997,-4.85651387179588,-3.0126688772203223,-1.7705921312361341,-1.6760215125391524,-0.08988518752103536,-1.264390784210065,0.22686742274497562,0.4128231888133129
freelaw*dm_mathematics,-4.374764186382097,-4.027562670878628,-12.741570341876916,-1.8317012002710202,-207.70662795364973,-3.5620612554098865,-2.212454868355293,0.5774552936073086,-0.897167556875502,-2.1618128866364046,-2.379319306909831,-1.6821338432891404,-3.053620393724164
freelaw*github,-2.792793981119048,-6.9643040689763955,-2.3711312003598346,-0.45020653215090006,0.8553625289698207,-8.602998061132386,-3.948206740268639,-0.8931480710131743,-0.7261781564013023,-1.2465604611798793,-0.5328387130573563,-0.4352771410974713,-0.8879217178653235
freelaw*philpapers,99.24928191909426,-53.43593562010123,24.331128175932168,-33.863401576246005,-22.78093641330635,73.50162876517105,53.618066443752305,7.519320811934519,-3.2488845306100296,-13.44150548023348,44.507937961337696,-12.71252170914794,-18.088962247682513
freelaw*stackexchange,-8.971550024392812,-6.923102554212855,-2.7418659721844905,-1.9914215014919991,-0.9674917021666102,-8.341187820090369,-9.797087947914608,-1.3720097572397458,-1.2585770799202718,-3.9506608179994225,-1.37308684479603,-0.7154959612489282,-0.3559844657715952
freelaw*enron_emails,-37.303817125276474,-58.859778541990735,129.0587745378399,39.56164764988406,2.4460568920294987,-14.30666329446729,-17.629360527794876,-11.96675865464879,-1.9800450218519483,-177.83048623290128,-31.29465979069182,-21.639918691081224,26.437360416127948
freelaw*gutenberg_pg_19,-6.159362912868927,-2.140926884512808,-5.496376854033238,-1.5279987454017794,-18.195504368442435,-6.41814329639238,-4.35223408723178,-12.966472274126254,-1.8766010405694133,-5.200485590252226,-2.3660978030767463,-1.0466282497437904,0.9580508791322092
freelaw*pile_cc,-4.23899063732161,-4.872607948256905,-2.491622603449337,-2.055527281183315,-2.176119256251816,-2.109698601043095,-2.2773863888253683,-1.0069369856577994,-2.4507931884432566,-2.1352895666963088,-1.342317013276215,-1.0491802579505298,-0.993777273162699
freelaw*ubuntu_irc,-0.4619504884393008,-26.248430358793787,-6.425945804175896,4.801101454522712,-89.35270697361558,-19.901979153548513,-15.573586945601667,-6.30945961862639,-8.865027522159176,-220.5142612812501,-8.308917508205543,-8.517277496121482,-11.567758263219355
freelaw*europarl,-35.22655701797818,-25.29879875755173,25.611060302198904,-3.054408647937589,90.56968577525576,5.365936010245868,-14.96264652679325,-2.190936016492642,-4.687123438897711,-52.401409439665464,-5.613093587170949,5.087045529750278,-1.4223484338037113
freelaw*hackernews,-13.035199091332656,-15.58568527716058,30.34263039000235,4.91212005963658,-12.390002823771693,1.5746516161182227,-22.03487778478002,-7.9166004244203005,-3.77442400399771,-50.36909801835443,-104.5624071317958,14.736039312302774,-2.8518533072498164
freelaw*pubmed_abstracts,-5.9855295892569345,-3.4825261413109456,-6.013873432254246,-0.17785111776088205,1.1940997564102547,-0.8761038174867565,-1.7251882667191463,-0.23316828624507183,0.0037540449147632385,3.643157591177705,-1.4919055452928445,-10.433384793945514,-0.6002378281571036
freelaw*uspto_backgrounds,-0.7886813379832519,-6.3200817051614795,-3.353537118758262,-1.1185013036761762,-6.975562296974299,-7.186661698311811,-4.77251710543545,-1.720218518622691,-0.9461681705781677,-2.1833590550619735,-1.2282026172920808,-2.518076011044229,-8.998522078713384
nih_exporter*pubmed_central,-25.38067198871658,41.69733911838864,-18.09947491369091,-37.6751458006772,-144.1277573760809,-93.80889124373488,-101.96077156569399,8.97015191776056,-7.374034621735697,-77.55849342825105,-0.6564331778883017,-15.641733562348268,-25.794981879568812
nih_exporter*wikipedia_en,5.39032451480947,30.993742125127604,-20.94983943866404,-32.59536988829067,-106.72540393210843,-48.12637913420185,-66.6612627197318,9.554439202986929,-0.9566295958815845,-23.179102667648873,1.814461932475323,-32.98840028823621,-27.152574865369832
nih_exporter*dm_mathematics,43.371608611373674,18.93190684036133,-54.62931459849787,-20.138455471701043,-467.8478642843193,-78.96438394646391,-80.61891244477681,3.483136565947278,-4.978728334248228,18.32757589256075,-23.819208745852393,-24.825191104560506,-34.380119585200354
nih_exporter*github,-24.46766190345098,50.99868015737935,-34.24933528213899,-24.32572242683422,-169.9890413169322,-67.19625266111338,-76.35210000833206,19.187514073482895,3.164549036721667,-28.355429804281425,6.416492892175714,-41.3901183778132,-28.974588430655185
nih_exporter*philpapers,210.3579817534745,-182.78111541460518,13.027504620309989,28.362127030722583,-36.82874293114379,167.18627655211034,161.95847206062828,48.58794068019737,22.150828805624002,426.2788676234494,71.73778634156758,1.749829494140871,-38.70334586731918
nih_exporter*stackexchange,-23.568849445696472,25.252485385354856,-36.75563987387295,-18.63176513408488,-211.89192648269844,-61.16618743712638,-74.84835017852099,7.702236189730412,2.0478619120192283,-25.29429225061966,-1.740785335645523,-34.83112835515737,-40.51160771553255
nih_exporter*enron_emails,396.35435280681753,-212.45154656424157,-225.45099582677616,-9.127207773231953,1025.740317061867,-125.7028185989594,-238.71094740068284,-38.522402200486354,16.942479269591004,-1140.1823506758858,-143.14502508490156,-43.8586971489947,246.6751431310851
nih_exporter*gutenberg_pg_19,-45.7165095894797,41.47779034356787,-10.267120439201497,-46.973736923761194,0.03380157314936247,-10.54451372055102,-35.86786657820397,12.874679353461937,-0.4777649611636281,-64.07205955031715,8.196811992700532,-19.909819724837032,-17.82792013897189
nih_exporter*pile_cc,-16.945853684744645,45.97273176831001,-38.82132815909524,-30.85431969436509,-143.40413157714235,-59.4101377803795,-78.28550074435896,10.693931090442621,-1.8152303979034985,-44.76880619795928,1.9726190441063212,-29.633860212523242,-21.553913907900224
nih_exporter*ubuntu_irc,-4.63782589356474,52.41905809168675,-119.00724430454751,-10.689852953136759,-626.2842812070442,-148.65912107084085,-146.71798005015424,-10.520060424730739,2.027043756056878,-307.7929389567735,11.056447919797892,-43.2909927370965,-44.853255024992876
nih_exporter*europarl,-230.89869737339512,148.49287033380068,-78.93603369540484,-65.87774693586898,101.70790472260472,-182.80314154021264,-203.57880828295376,22.24611614415065,-28.039065946999653,-12.240488096895024,-35.703461564368205,-75.65748367368595,-73.87300862294477
nih_exporter*hackernews,-27.574914994279222,78.59980770287497,120.63181255688117,-45.36356845890143,-208.9063049396182,-5.930979384774043,-77.7702368609629,-12.691168637385633,-9.007004043596186,-124.3449485597081,-64.02744770256948,26.773902394420805,-15.863181965651192
nih_exporter*pubmed_abstracts,13.740096595768582,44.88302066921891,-27.207775465871762,-29.349598534088404,-178.08715696335298,-60.830198557693166,-75.98898391553777,14.440618700030958,-0.5867482539333848,-44.98115341487058,9.89709642263385,-28.580767584295995,-29.86236839915205
nih_exporter*uspto_backgrounds,13.781973540339594,39.04943531920169,-16.54377608561476,-29.115157083517456,-202.50792810501048,-59.486488946325196,-81.3049613051485,6.02369743710901,-4.716594283839079,-39.995129435402596,-7.544132037349374,-24.06067000335425,-34.53528363492685
pubmed_central*wikipedia_en,-7.626618688801782,-1.7425647820846595,-6.719823305660054,-7.953331592419744,-4.662778345634355,-6.5392607964128695,-4.196012295740803,-1.7733534999116631,-1.7469647152628034,-1.762750212863457,-1.0789376440444014,-1.4240291393798936,0.2537748201202524
pubmed_central*dm_mathematics,1.2885519980518223,-3.21733105806277,-13.71466562122285,-2.322989000907105,-208.88116812167672,5.442369551615747,7.731950931092138,1.3245691155830193,0.9755118103662201,-0.5902339051977105,0.6302620442372497,-1.626581449342958,-5.112384444072508
pubmed_central*github,-3.7932485675059757,-2.2900382742459024,-7.623479386581534,-2.1463804823591333,0.43330105429979626,-11.540600511201873,-5.532970412939187,-0.48816453102721896,-0.9959598359337518,-2.0934070340079445,-0.9844920323139221,-3.4293833374299534,-1.5093005494108762
pubmed_central*philpapers,117.17393767763693,-40.58176081458193,22.33074748122602,-27.8953064154785,13.92678139467547,69.08557103542722,45.63897170650603,12.223426493354266,-0.11904441910530607,-9.661986213680482,46.670523345321854,-8.26324866991428,-22.43796274009105
pubmed_central*stackexchange,-2.7469046109714363,-1.2493156771185054,-7.244071610237418,-1.050930988248971,-5.7926607378478066,-5.423231625888045,-6.103796391796668,-0.6733474516738026,-0.9804466098396005,-2.307670770599635,-0.987037787384048,-3.2756523183013426,-0.5644554427070234
pubmed_central*enron_emails,-182.3793290786141,-20.607831327588624,-37.58869173316975,37.93972670979204,-82.95494124668414,-79.52624327991981,-121.00511585833128,-23.99498949724261,-0.1962005998032253,-127.97824609997085,-34.405473602877464,-3.0113852040682687,21.460019407128456
pubmed_central*gutenberg_pg_19,-6.9812485168372795,-4.790994242402832,-13.562103875529626,-4.32378772256147,-11.921481578107755,-3.694189341759869,-1.7460487162019371,-16.21061529071305,-3.179782758370504,-12.374829099882602,-3.718326271351221,-3.5186139874890823,-1.4909439306367849
pubmed_central*pile_cc,-2.9487843660940896,-1.894911746618737,-6.3452839162751,-1.6851424209309902,0.7118958949889315,-3.104800955696603,-3.324666251970397,-1.5651116741392173,-2.2370682828143345,-1.0120857601155493,-2.017558885926684,-1.3231771778047585,-0.5912093142553208
pubmed_central*ubuntu_irc,-4.750710613787767,-33.40352836347137,-12.274830382994038,1.0796333904415276,-77.03340890698693,-32.950455020423796,-26.572070891235587,-9.098848730969443,-10.61966628662142,-218.39458516950236,-8.080465127537376,-12.107626819531088,-12.87254365970002
pubmed_central*europarl,-39.049144023627576,-23.44959754336022,29.12575580437715,-6.628991351245334,83.94773740268317,0.18179443234856654,-14.765409242747717,-4.164877192518621,-6.644157619807697,-52.71137572937249,-5.288000165816487,3.1611454004829533,-5.226677694161386
pubmed_central*hackernews,-15.921140431618403,-25.771860454350907,18.698221787232896,6.963620803408109,-24.912087310741693,-7.152821554423935,-34.475478916225164,-15.249960769487696,-5.1343785735154315,-50.113533606098734,-111.54332414429916,5.845429166994445,-1.129591147978012
pubmed_central*pubmed_abstracts,-2.308522703938839,4.97520586893729,-7.565651228026099,0.27523539709238576,12.070147933082264,2.5253211100922037,0.16921714747133534,3.374282072821008,1.3543738399173322,2.027323621569839,0.9388495062227056,-4.865328124763699,-0.7310125675310206
pubmed_central*uspto_backgrounds,-1.827652265501205,-0.01092453050861313,-7.097766864454994,-0.6493524184267724,-7.856983972543672,-0.8083081958509952,0.35798506136561997,0.4298038154095624,0.159502529723171,2.5188209532840404,0.3690073499426722,-2.040493032379385,-7.931820135711733
wikipedia_en*dm_mathematics,-4.4808912179563185,-7.19024628436549,-19.575175727384924,-6.517326394125223,-209.47511651420774,0.46852816315497336,1.3382036194766842,-0.3085857228886412,-2.085794407863373,-5.119629671354531,-3.015417232149727,-2.5370515470483785,-4.537772199450481
wikipedia_en*github,-4.8093381751534965,-2.843445935891818,-1.1202910173198166,-9.176519862329561,-2.575303504390546,-8.514459228874841,-4.14998131584175,-0.6525927976489727,-1.8936819829033953,0.8397730392442325,-0.7648777264742141,0.0976524842808536,0.0044740343130454776
wikipedia_en*philpapers,101.997366206303,-60.101252776307234,16.21352969037155,-20.175966926676054,-63.67033456551466,60.628347885418194,29.226443634905696,15.805987434170545,0.7374109865451774,-18.985547680008313,53.41520480282643,-15.61138282309913,-20.679520316868324
wikipedia_en*stackexchange,-7.905998010372409,0.6471601889306317,-2.404506974678765,-9.145782134220946,-9.45871776879939,-6.409967904891115,-7.529998761853826,-0.3522662064045175,-1.9644337662514473,-3.4495971315984657,-0.8819546021124088,-0.2313398156319784,-0.26744733877394816
wikipedia_en*enron_emails,-191.42432052446352,13.460476826644387,-16.91262075461744,46.158592553835625,-180.6294083600404,-89.96660614536046,-102.99558956867331,-12.58712328635406,7.389208120009451,-101.78081884526772,-26.69492378208009,10.16372626045083,26.33529253827117
wikipedia_en*gutenberg_pg_19,-11.264043671316657,-0.5216861316571731,-5.373936915817347,-7.699646096721964,-18.794436500496982,-7.2786430739223,-4.420123358042443,-13.048696715254415,-2.4666448802817635,-5.488712794805055,-3.9163084675636055,-0.6138224623409335,1.213777620336494
wikipedia_en*pile_cc,-2.005731293285319,-1.2485961368274103,-1.4487704913494102,-5.582390972034517,-6.466527309526514,-2.0563525899640083,-1.1964193856943277,-1.1375362605566903,-1.575228788199683,-1.8256199413924123,-1.3678751126696167,0.19575567041590353,0.1372081839383224
wikipedia_en*ubuntu_irc,-2.1291496159757917,-23.66140636206097,-5.918382601571408,-5.363022525484368,-84.3726945701609,-26.196049499605095,-19.166088095756088,-7.220860380166522,-11.957787621440255,-211.61499800607396,-10.071227124102565,-11.70509601707267,-11.249280211022691
wikipedia_en*europarl,-39.883444352947215,-16.03125801568603,24.9155086814127,-10.620839025595435,100.3527225058777,-0.12288622203743184,-19.42268344276532,-0.29192587675799625,-5.34427092222385,-40.156801810668604,-5.503982986093874,2.732570378130915,-7.761589096650595
wikipedia_en*hackernews,-17.696027984966065,-17.991686280082277,31.427703282275274,4.361094396863084,-35.50831893438682,8.983812602735131,-19.670813688643,-11.509312272587298,-1.1802148228898062,-42.99603307020891,-104.55811601260316,6.210840328288934,-15.302510580166068
wikipedia_en*pubmed_abstracts,-5.0585235343053325,-1.3008477639756628,-0.8418435783623112,-6.933352434726042,-4.336789424340418,-1.3506376865238727,-1.3027122892227723,-1.4236368544235558,-1.3261106339434396,0.8880006925477184,-1.0139176113510608,-8.192782739860688,-0.2492718700676269
wikipedia_en*uspto_backgrounds,-0.19335062544685355,-0.30757370964586667,-1.28228646102309,-7.210565950411577,-5.632567642935219,-5.058450076537113,-3.233855969865727,-0.19645758979598052,-1.5472616808055535,-1.8056861269450049,-1.041609759453742,-0.3434496220032514,-5.870631820793222
dm_mathematics*github,0.06909543207759065,-2.603085509807937,-10.254774861683295,-1.7499936872641662,-199.54298021304066,-2.1611184071476974,1.5744003364726773,-0.0419474477620568,-0.5546221928817513,-0.41590659019249765,-2.3686689907423357,0.6986507274308146,-4.405380556025486
dm_mathematics*philpapers,115.00282649554691,-42.85547902875274,44.43104301456835,-54.929650915347366,-116.29081485509907,122.95412676913442,69.4757260120608,12.538552038317047,-12.471461864650841,-42.135218276971194,67.72873770815801,-1.9907161596051088,-49.636673550040705
dm_mathematics*stackexchange,6.061971643568468,0.8390008765525818,-3.4007125665961935,-0.8739752011924844,-194.78764311525967,-3.0934303008999966,2.3471966538246565,1.00770089669897,-0.21944733087511092,1.4493435751901094,0.24725108169687612,-0.6324507463857818,-4.320936588327029
dm_mathematics*enron_emails,-340.2909335886999,21.292432963206053,-90.01468937612256,85.89634710437315,-634.7080711814789,12.898495249311182,-97.79831564881277,-42.664171339189735,4.120513916730231,41.57157295534316,-22.49289550646452,-27.135801306591418,29.339132140752596
dm_mathematics*gutenberg_pg_19,-3.2602416730873505,-5.063768834317245,-12.755378945039523,-7.504810992389339,-214.7362266003684,10.860284482633022,6.152068459935956,-13.831916677722317,-1.9038652630911832,-10.388690265567257,-3.0126987023760274,-4.489691091975776,-5.560705065419998
dm_mathematics*pile_cc,8.135457096662636,-0.45119229789863596,-8.207463598118752,-3.1864434920578417,-205.70398572663814,-2.201644017394683,1.9224428314853392,0.35072909853921885,-2.1631019725137572,1.7290949820419372,-1.5066570298137616,-1.262017736660282,-3.9616529834864367
dm_mathematics*ubuntu_irc,-5.837626426510752,-34.10152484760456,-35.1876748999658,1.2774134272935997,-228.762779834892,-7.778240936215672,-8.749021783402572,-4.088335496426979,-11.432290818040524,-198.90038846762585,-5.705039660849151,-20.007275393329717,-20.398678777085347
dm_mathematics*europarl,-9.528302167958241,54.33803016122043,16.34919307964657,-3.7270196714192436,-163.15074147349068,3.8759234496669253,-3.5714343659218097,2.18433726763759,1.9541435923065031,-58.59715064364622,-6.9377190684690815,17.1691311305765,-8.733443774700085
dm_mathematics*hackernews,-40.525747856510606,17.04121110415775,13.031335282657357,0.45507813165575184,-133.4142768016682,-20.714214483945153,-22.28295243980268,-12.890555760960813,-10.577770649270692,-70.01888712347338,-107.69401644597204,7.098373267570791,-5.772739095820027
dm_mathematics*pubmed_abstracts,6.287849707858375,2.228213489628669,-15.120342794371258,0.9842035651394254,-200.7350222920348,-4.074445279242955,0.2495373645909668,2.3335531627186947,1.8603838409761275,7.4333183404896195,-1.9761535852183585,-9.427157989376113,-6.215771726559988
dm_mathematics*uspto_backgrounds,-1.38013339396859,4.417159631586779,-19.86288799487952,-0.21793250206677983,-216.42084317698806,-3.7362886524188026,1.665457781708068,0.9674876151031166,-1.011955038740103,-3.8197387025943903,-1.6708580960536348,-2.6842083735474502,-11.482539435905926
github*philpapers,111.06862651342902,-44.12725205706993,-0.673625306463154,-38.12719822122317,-44.187123061021595,79.35174074922382,55.37304887495625,10.232495911095581,-7.208524009209997,-13.257209780199565,46.50088555787121,-14.766452143866731,-28.02838928787809
github*stackexchange,-2.3552137178594816,-2.136871780547096,-1.1232640790113024,-1.5646762044356681,2.244415105281663,-2.01923872200864,-1.371785062992613,-0.9710559988920519,-0.9676073917167147,0.3490013071167675,-0.4172696395294248,-0.9766313187490904,0.34473193017692316
github*enron_emails,-170.56128490354666,-7.165678912511196,-58.43157990043736,67.05576739079552,-137.44516941096686,-33.681834363953655,-74.47352263178014,-13.859556422798304,9.254401921552109,-124.5650532000735,-30.002404825688995,-11.623499990106865,15.629698526891278
github*gutenberg_pg_19,-5.04487447593653,1.385023157928756,-1.0083923092960065,-0.4990462158758574,-14.830009854892369,-7.351307456573618,-3.9726200368038698,-14.500354964438696,-1.5462973921652967,-6.797681469931745,-2.3491332350726943,-0.16059003215436435,-0.7323066699495121
github*pile_cc,-1.4909149434094124,-1.2902841783594492,-0.4074489211515206,-1.9884965094794724,3.2439950312335366,-7.096365437179869,-2.8206630949205516,-1.4126705278438267,-2.2168621512217372,-0.8635401419549857,-1.338789735791874,-0.4047316379896282,-0.5975825337703444
github*ubuntu_irc,-4.530530203154639,-16.635197153561,-10.720355411917122,3.156669378028751,-90.32758379404132,-25.662205289630407,-17.873652969216238,-8.976778600868299,-9.928574422334533,-213.6851592392348,-9.093770437493761,-11.006312047100602,-10.910443101100201
github*europarl,-31.488335303285755,-30.861610933143478,22.5464584567814,-4.625840606312202,98.44296714877132,7.19623817768923,-10.24510774473316,-4.446128181308401,-5.4602844448707595,-46.83429048937067,-4.533751138939636,1.6808806611772338,-4.7371070994635085
github*hackernews,-12.583682534575681,-12.635937048232828,36.148839217670485,7.607722556316161,-31.144433273336926,3.7084477596385463,-21.623428021667127,-8.790121579423198,-2.4773039383446966,-55.76115413684809,-103.77325249423123,16.03869425842841,0.005067160077585516
github*pubmed_abstracts,-2.670753617380922,3.9290562863907192,-3.102890426965523,0.1567495240756464,-4.158987675703967,-4.602061534709509,-2.0342279550320805,1.0578066037809264,0.5157404096825302,1.6845532120191653,0.030991163705990248,-10.27929760359371,-1.2648707499430079
github*uspto_backgrounds,-1.9222133060938251,-2.8668558203789964,-2.5730736380495576,-0.46202478054887053,-1.7035194334437183,-8.38949084557414,-3.2805744989428995,0.5537817302907783,-0.457558346950895,-0.6941947034886632,-0.24044696762213733,-2.8478951151788934,-9.747225371318903
philpapers*stackexchange,122.8990475679598,-35.49275020895823,0.3302616869105873,-17.68358459450547,-40.3920322143302,89.6272715177086,75.26628420964514,18.013840724022053,1.1271025879910663,-9.683983827987996,52.35339200762326,-9.818150971643389,-29.90481524363908
philpapers*enron_emails,-568.7429225623096,30.56876355922245,179.58031146842015,-183.40992845791737,145.01218343378952,-318.3388038510064,-311.02197222117474,-120.08562456580736,-89.89443641524082,122.98886385253111,-124.05804100943301,2.1311552878758797,-28.049613870080126
philpapers*gutenberg_pg_19,122.08288907896758,-20.48241519982187,33.07450107588487,-18.95955516540454,-2.8017652569587965,36.17852649142578,32.404102131780746,13.358709265533427,2.603078274420796,-36.578096317539604,40.75578231954089,10.202217781867027,-13.475006155191013
philpapers*pile_cc,115.746289790485,-44.753309753026215,18.637454906788125,-22.920271915732922,-41.032216436960226,78.68706959575664,57.234312041084195,10.418921895298277,-1.2298367686669358,-5.333468065616152,47.5816568193362,-6.062542197930103,-21.458980726889628
philpapers*ubuntu_irc,145.98091459707064,-70.84611496941872,57.70764610852712,-61.95062877113426,-32.30513674568349,87.97373657102482,69.4774378118644,36.99147352646152,-4.5866639073235556,-161.73358282054696,58.56182042864899,-35.63621512797029,-32.168137626022784
philpapers*europarl,-104.64229255968104,-207.8897288826379,-24.83214708527037,-127.74588171307039,-339.56810274468364,325.9717291773012,114.32073938800322,-24.113572698114943,-30.54391953936734,85.7849447469784,54.29766274404379,-54.1873952589272,-5.934509936359711
philpapers*hackernews,-67.96366418968438,46.94750238587481,-230.18227010382233,-23.20897955245281,-338.2940699486132,-38.80945255431125,-166.11504149118565,-31.09225211876729,1.5971180822011075,-178.56356918936294,-70.47233479093481,-73.41081075344486,-21.636689504651926
philpapers*pubmed_abstracts,106.16193617320347,-71.79808861306417,-3.6023579733402658,-48.94502832897909,-6.542423296895947,66.04414677809194,21.626965097260896,-6.180039810201093,-15.821543600440304,-74.13379299788105,38.81522955727093,3.505024699428308,-16.12702918309395
philpapers*uspto_backgrounds,79.4130366328277,-29.935958883617403,36.752459175054,-45.358883091940946,-111.55090574409401,47.89402077177497,36.244693053729264,2.5983099413806694,-7.523657863717341,-2.261573341157079,47.077272538936796,-13.079667532328953,-31.46087264814823
stackexchange*enron_emails,-208.7271030337248,-35.42954792297473,-48.01810448376659,51.15828773021816,-176.99450658394608,-61.90045748289867,-85.24128809676566,-17.032621393089293,0.7564273586266527,-168.10936301804304,-37.67823739592311,-41.37981490539371,10.4091042475871
stackexchange*gutenberg_pg_19,-6.84056609225274,0.11622184735051468,-5.017183314335499,-2.48014436544601,-3.5047540420283902,-4.544587214665627,-5.392914302003811,-13.3853443155781,-1.6391626710366394,-2.034914234499395,-1.6217341280003124,-3.1945239073583496,-2.1779205965566666
stackexchange*pile_cc,-4.044732730498649,-0.7590654438357366,-2.567482481411647,-2.1774294405516432,-3.9277249103065657,-4.155580101043924,-5.24256136945122,-1.1975364332097531,-1.8472918346859493,-0.6998699896259589,-1.0570957326757473,-0.6273050775164264,-0.6317320447330261
stackexchange*ubuntu_irc,-3.6355516132590466,-24.451376461896235,-14.303470486047289,0.7226987604259583,-86.6441263722904,-16.754011719175203,-16.731907093136055,-6.72857027842891,-9.803854867586935,-210.2386101726431,-5.379795295930795,-12.906657584384668,-12.89547733180768
stackexchange*europarl,-28.057683932525364,-20.186528162673465,35.01807945776716,-4.268590858563171,100.04498463004131,5.458629455036915,-10.400487642870152,-4.0231675867830665,-4.886845295462382,-41.89370643794755,-4.282823819891122,2.030724438388947,-8.451450427595285
stackexchange*hackernews,-19.51055259042695,-14.532771027970707,23.83825737837057,8.699662109775929,-22.141109570229393,4.9167332685729255,-21.072033656113277,-11.027519393225965,-1.2617398839301108,-50.69350421824117,-100.58363948548406,7.992829807550959,0.21468826436347252
stackexchange*pubmed_abstracts,-1.9062133026102774,2.39355883605569,-3.249094026770853,-0.5217603913420134,6.266535323834005,-3.011766754410481,-5.564516901178859,0.9904835353169792,-0.0668193819946704,1.9742614224182038,-0.5380089587543624,-10.546143951304686,-1.3303462584262238
stackexchange*uspto_backgrounds,-6.534519628864115,-1.5026708710484913,-3.1931437766569224,-1.4554266570661079,0.4611132480050242,-7.004682832253732,-7.638285745206535,-1.219957718286198,-0.9222521693720475,-0.6763442590626859,-1.5313624352142094,-2.530736255133997,-8.50074051489958
enron_emails*gutenberg_pg_19,-142.71185703175283,12.32449350778163,45.83197513535132,50.11154322037245,-99.8801433048649,-22.50195721958325,-69.62001033342952,38.19316108513516,29.10077337629237,-73.95952815852633,0.026980150562562682,13.44478906807977,-14.243363251195252
enron_emails*pile_cc,-99.26609520646323,-16.529232061192207,-27.306052911068683,40.14123236234633,-212.49036314808657,-77.9195117708157,-100.56564207716193,-14.785051011543738,0.039824453929071635,-162.49390022406428,-24.25253522026765,-2.359833947354552,18.660606576884373
enron_emails*ubuntu_irc,-104.82332094286792,15.006368663831344,-199.16138270737653,154.4594457829184,-418.1660171792225,-103.49751993432146,-143.04333821266795,3.2563430814928,24.070454858530724,-386.15817681867577,-26.834791706358967,-16.17409920553336,-31.310352180182623
enron_emails*europarl,-50.493740085072886,203.21448133739483,-296.59871017565706,-42.61507189634369,-403.69747854046864,-463.53988406554834,-437.4991743013107,74.94473709566014,-81.57542779783317,-549.6482928593783,-6.514540405925875,102.20138561757064,-6.336638262307317
enron_emails*hackernews,15.610986091187751,-100.45008422799772,247.05014992773556,14.97135266207646,-100.143076125849,189.61299222481182,238.51745926329994,133.07309202600146,38.633621829595285,-329.7591155174707,-44.385976400796835,89.89892014581476,-5.479840305230733
enron_emails*pubmed_abstracts,-147.5939384339339,11.498812673577467,-15.66108389526146,32.33522564001215,-57.954855951148325,-78.27190603383953,-95.36088893962693,-26.204726117592227,-3.4872915224648042,-64.78023558184864,-31.139241103026922,-8.326214604145429,29.99297124050254
enron_emails*uspto_backgrounds,-98.08853828355647,-6.418350475588929,-46.24466032231323,59.23204853594914,-281.1431401830446,-117.39639826099815,-132.037110049425,-18.193949681481534,-9.237906231865184,-189.92223320070437,-33.58280741652107,-3.1584751281636274,5.11259981636912
gutenberg_pg_19*pile_cc,-5.138019289110397,0.24502499294277283,-0.7710264311926467,-1.9497837160144502,-6.323527653717784,0.9936675985211877,-0.44481370871861187,-11.58191514720661,-2.6683212778679057,-6.4222118708307,-2.1798245999330517,-0.644700563427498,0.10742162140630651
gutenberg_pg_19*ubuntu_irc,-1.8172825246767228,-26.75777895420542,-11.923409224517387,6.041602871401905,-102.66976939211229,-28.037204602014846,-22.831341253993763,-20.300752195763415,-11.020293400440753,-218.52105361229883,-8.7210647235542,-13.53613194687702,-10.450746841384237
gutenberg_pg_19*europarl,-42.798627030392595,-31.394814515688896,18.848859831975943,1.4448041523581998,63.73961796269616,18.28024436580961,-5.116521740163129,-19.408632884058505,-5.938587503670537,-45.57361529947777,-4.441193707742219,1.5282404544592856,-5.941338631079337
gutenberg_pg_19*hackernews,-45.606742611223545,-21.210496108209814,34.420981884234614,2.467696806738538,-28.12062909427686,13.244981360293952,-22.050105847879262,-13.72867472301545,-4.440065158797192,-58.01681043552213,-101.7486539733508,13.430744689579011,-2.8489821388509653
gutenberg_pg_19*pubmed_abstracts,-9.805199558169392,1.1786005978167047,-8.835696492095137,0.20552781802438452,-7.819830666926981,-0.2226953116051907,-0.7905132615404658,-12.402780678838853,-1.5572496853871862,-7.395894385868292,-1.9117123083318737,-9.791596155501718,-0.2334099719037179
gutenberg_pg_19*uspto_backgrounds,-3.8475532253568403,-0.27687780095204617,-0.858924161765832,-1.9000690765154047,-14.837075787446082,-0.9493658462429502,-1.0489839090674355,-14.351046627033329,-2.2785041756371465,-4.922316202302357,-1.3678156864124587,-1.3315712000986173,-8.532392566483741
pile_cc*ubuntu_irc,-4.0901938291389,-20.02293451972955,-12.603464856707278,2.44852167211003,-78.39741114259036,-19.79899582968791,-17.386795796794708,-7.1109928708958,-9.701436049130953,-211.02053666366865,-6.057678813224904,-10.057186989866109,-11.591240503594305
pile_cc*europarl,-29.86942802401204,-18.008759031223185,21.902749598815355,-5.8121010778985704,95.65652667518006,3.2856809785098218,-10.321403064375264,-2.7308189386609416,-5.740657809020583,-49.49825179413194,-7.9684757271753766,1.130353467809213,-2.901042323351511
pile_cc*hackernews,-9.132438708204125,-18.173299797976348,24.861181947886006,5.560955323512276,-18.233188437678333,3.0799187143972624,-25.961818504276447,-6.033534458825883,-1.0552310154673956,-52.30576370980013,-95.07730033980292,5.356154578614242,-3.698665178178148
pile_cc*pubmed_abstracts,2.722388120471368,1.5101272861986834,-2.5945819943965622,-0.9184253084866898,8.546829834689493,-0.8260903488053005,-0.8322916682225965,0.0784524773877409,-1.5621011046746687,-0.40346345005037076,-1.002102817878835,-8.280628984590825,-0.8195313504125216
pile_cc*uspto_backgrounds,-2.976381328151354,-2.665714791069805,-1.412250897659363,-1.9214594272979544,-5.371394889476137,-3.295376396980578,-2.766313424879975,-1.4970425040493929,-2.273281222636771,-0.3253367258500769,-1.314012409036761,-1.3263101365465502,-7.24927041346192
ubuntu_irc*europarl,-12.494396277343958,-68.88725238976856,70.96394242705863,-6.482184967251061,21.37232643876052,-4.334959712747199,-14.60146314613619,-12.1678335287277,-17.42902537019446,-203.04347222866133,2.4194637388879707,2.2599298516883453,-10.47611777538126
ubuntu_irc*hackernews,-53.26113875463337,-78.78566746030185,-9.585945840723866,0.32803971244112784,45.339526951604796,-16.7101832053175,-44.347369011734834,-15.961233500218416,-16.045757031173167,-199.59301527107954,-105.00387286977177,-5.975776617000891,-8.908617892155187
ubuntu_irc*pubmed_abstracts,0.1543474859200006,-13.650462180979162,-14.307397113104962,4.464362913828093,-81.36896424720341,-24.1252986396659,-19.718116017871893,-5.0360436051996595,-8.690649283084722,-214.32900170848666,-8.552519794269564,-21.784905238815032,-11.95720935158385
ubuntu_irc*uspto_backgrounds,-11.291594254759165,-29.253116438080976,-15.418939197854737,-0.22049413955902075,-92.22877496712331,-29.922846679972434,-22.679041180518897,-7.753645051603941,-10.831800660571998,-215.7726403427829,-7.568237296620822,-10.642154127825473,-19.74430537997385
europarl*hackernews,-90.00658011402938,5.4118963625383,22.435739219359274,-25.55430090145787,74.63934413543433,-17.848095983510078,-58.21096760387356,-28.223998647004485,-12.979587426753293,-76.04402646580259,-117.62871869684061,-14.363016014997,-7.726827291802248
europarl*pubmed_abstracts,-12.848270789920665,-24.771706775041057,24.459612016219726,-6.543784345886811,98.04463534790268,16.671768320612095,5.145069638349082,-5.9760403962948265,-4.86891228895616,-33.87751431752491,-7.354896138568192,-10.843790869004135,-6.390867962415722
europarl*uspto_backgrounds,-43.4073878130787,-18.995207254854172,16.314449677648017,-6.187786806343267,70.6753975377238,1.9088408832773485,-12.747734061823389,-8.60125630514351,-4.85208248780668,-53.530518577129534,1.9945811011182293,-1.372798952679129,-13.237041407723437
hackernews*pubmed_abstracts,-18.594632639956643,-3.6451651441211936,25.372139098424135,4.1847348827292095,-6.707993626145141,2.149724125522655,-24.917785971085312,-14.545198660225353,-2.4965196312148166,-36.03396395609878,-107.61178107259123,3.035789665848323,-0.3750738668920187
hackernews*uspto_backgrounds,-13.07994945366495,-22.214848484239294,25.220161157962213,-0.027319450627893857,-29.975867883594102,7.883058535711057,-27.63397866023974,-22.98685701631141,-5.861564632996463,-33.89897078646708,-108.4942796257938,3.874320698761712,-7.35357532683234
pubmed_abstracts*uspto_backgrounds,-2.3685692484276175,3.3405293084494603,-2.8971982067704647,0.8482363074333946,3.21136790439183,-5.038669076705701,-4.357057952069105,2.872638400351532,0.6125119525109043,3.1013968984694764,0.5037879229207555,-7.093021319453061,-6.126026615690762
