path,action,scope,old_artifact_modified
bridge/A_equal_domain_ecdf.csv,CREATED_OR_UPDATED_IN_RUN,diagnostics/TASK-T06E-P/20260925T075729+08,False
bridge/B6_unique_Q_ecdf.csv,CREATED_OR_UPDATED_IN_RUN,diagnostics/TASK-T06E-P/20260925T075729+08,False
bridge/bridge_qualification.csv,CREATED_OR_UPDATED_IN_RUN,diagnostics/TASK-T06E-P/20260925T075729+08,False
bridge/H3_mapping_steps.csv,CREATED_OR_UPDATED_IN_RUN,diagnostics/TASK-T06E-P/20260925T075729+08,False
bridge/quality_bridge_scenarios.json,CREATED_OR_UPDATED_IN_RUN,diagnostics/TASK-T06E-P/20260925T075729+08,False
bridge/stage_summary.json,CREATED_OR_UPDATED_IN_RUN,diagnostics/TASK-T06E-P/20260925T075729+08,False
checks.json,CREATED_OR_UPDATED_IN_RUN,diagnostics/TASK-T06E-P/20260925T075729+08,False
code/01_seal_registry.py,CREATED_OR_UPDATED_IN_RUN,diagnostics/TASK-T06E-P/20260925T075729+08,False
code/02_quality_anchor_bridge.py,CREATED_OR_UPDATED_IN_RUN,diagnostics/TASK-T06E-P/20260925T075729+08,False
code/03_regmix_readonly_audit.py,CREATED_OR_UPDATED_IN_RUN,diagnostics/TASK-T06E-P/20260925T075729+08,False
code/04_scenario_interface.py,CREATED_OR_UPDATED_IN_RUN,diagnostics/TASK-T06E-P/20260925T075729+08,False
code/05_prepare_manifests.py,CREATED_OR_UPDATED_IN_RUN,diagnostics/TASK-T06E-P/20260925T075729+08,False
code/06_checks.py,CREATED_OR_UPDATED_IN_RUN,diagnostics/TASK-T06E-P/20260925T075729+08,False
code/07_independent_verifier.py,CREATED_OR_UPDATED_IN_RUN,diagnostics/TASK-T06E-P/20260925T075729+08,False
code/08_finalize.py,CREATED_OR_UPDATED_IN_RUN,diagnostics/TASK-T06E-P/20260925T075729+08,False
code_snapshot/01_seal_registry.py,CREATED_OR_UPDATED_IN_RUN,diagnostics/TASK-T06E-P/20260925T075729+08,False
code_snapshot/02_quality_anchor_bridge.py,CREATED_OR_UPDATED_IN_RUN,diagnostics/TASK-T06E-P/20260925T075729+08,False
code_snapshot/03_regmix_readonly_audit.py,CREATED_OR_UPDATED_IN_RUN,diagnostics/TASK-T06E-P/20260925T075729+08,False
code_snapshot/04_scenario_interface.py,CREATED_OR_UPDATED_IN_RUN,diagnostics/TASK-T06E-P/20260925T075729+08,False
code_snapshot/05_prepare_manifests.py,CREATED_OR_UPDATED_IN_RUN,diagnostics/TASK-T06E-P/20260925T075729+08,False
code_snapshot/06_checks.py,CREATED_OR_UPDATED_IN_RUN,diagnostics/TASK-T06E-P/20260925T075729+08,False
code_snapshot/07_independent_verifier.py,CREATED_OR_UPDATED_IN_RUN,diagnostics/TASK-T06E-P/20260925T075729+08,False
code_snapshot/08_finalize.py,CREATED_OR_UPDATED_IN_RUN,diagnostics/TASK-T06E-P/20260925T075729+08,False
code_snapshot/code_snapshot_manifest.json,CREATED_OR_UPDATED_IN_RUN,diagnostics/TASK-T06E-P/20260925T075729+08,False
command_log.json,CREATED_OR_UPDATED_IN_RUN,diagnostics/TASK-T06E-P/20260925T075729+08,False
environment.json,CREATED_OR_UPDATED_IN_RUN,diagnostics/TASK-T06E-P/20260925T075729+08,False
freeze_manifest.json,CREATED_OR_UPDATED_IN_RUN,diagnostics/TASK-T06E-P/20260925T075729+08,False
handoff.md,CREATED_OR_UPDATED_IN_RUN,diagnostics/TASK-T06E-P/20260925T075729+08,False
identifiability_matrix_P.csv,CREATED_OR_UPDATED_IN_RUN,diagnostics/TASK-T06E-P/20260925T075729+08,False
input_manifest.json,CREATED_OR_UPDATED_IN_RUN,diagnostics/TASK-T06E-P/20260925T075729+08,False
mixture_audit/cross_scale_recipe_pairs.csv,CREATED_OR_UPDATED_IN_RUN,diagnostics/TASK-T06E-P/20260925T075729+08,False
mixture_audit/domain_mapping_coverage.csv,CREATED_OR_UPDATED_IN_RUN,diagnostics/TASK-T06E-P/20260925T075729+08,False
mixture_audit/mixture_transport_audit.csv,CREATED_OR_UPDATED_IN_RUN,diagnostics/TASK-T06E-P/20260925T075729+08,False
mixture_audit/p_q_identifiability.json,CREATED_OR_UPDATED_IN_RUN,diagnostics/TASK-T06E-P/20260925T075729+08,False
mixture_audit/reference_p_reconciliation.csv,CREATED_OR_UPDATED_IN_RUN,diagnostics/TASK-T06E-P/20260925T075729+08,False
mixture_audit/regmix_fixed_model_validation.csv,CREATED_OR_UPDATED_IN_RUN,diagnostics/TASK-T06E-P/20260925T075729+08,False
mixture_audit/stage_summary.json,CREATED_OR_UPDATED_IN_RUN,diagnostics/TASK-T06E-P/20260925T075729+08,False
quality_anchor/q_A_anchor.json,CREATED_OR_UPDATED_IN_RUN,diagnostics/TASK-T06E-P/20260925T075729+08,False
quality_anchor/q_A_anchor_by_domain.csv,CREATED_OR_UPDATED_IN_RUN,diagnostics/TASK-T06E-P/20260925T075729+08,False
run_summary.json,CREATED_OR_UPDATED_IN_RUN,diagnostics/TASK-T06E-P/20260925T075729+08,False
scenario_registry/scenario_inputs.parquet,CREATED_OR_UPDATED_IN_RUN,diagnostics/TASK-T06E-P/20260925T075729+08,False
scenario_registry/scenario_registry_preregistered.csv,CREATED_OR_UPDATED_IN_RUN,diagnostics/TASK-T06E-P/20260925T075729+08,False
scenario_registry/SCENARIO_REGISTRY_SEAL.json,CREATED_OR_UPDATED_IN_RUN,diagnostics/TASK-T06E-P/20260925T075729+08,False
stage_status.jsonl,CREATED_OR_UPDATED_IN_RUN,diagnostics/TASK-T06E-P/20260925T075729+08,False
t07_candidate/stage_summary.json,CREATED_OR_UPDATED_IN_RUN,diagnostics/TASK-T06E-P/20260925T075729+08,False
t07_candidate/t07_scenario_contract_candidate.json,CREATED_OR_UPDATED_IN_RUN,diagnostics/TASK-T06E-P/20260925T075729+08,False
uncertainty_components_P.json,CREATED_OR_UPDATED_IN_RUN,diagnostics/TASK-T06E-P/20260925T075729+08,False
verification.json,CREATED_OR_UPDATED_IN_RUN,diagnostics/TASK-T06E-P/20260925T075729+08,False
output_manifest.json,GENERATED_LAST,diagnostics/TASK-T06E-P/20260925T075729+08,False
