file_id,domain,feature,n_rows,n_finite,n_nan,n_posinf,n_neginf,coverage,layer
A1,arxiv,rps_doc_frac_no_alph_words,1419,1419,0,0,0,1.0,extraction_scalar
A1,arxiv,rps_doc_mean_word_length,1419,1419,0,0,0,1.0,extraction_scalar
A1,arxiv,rps_doc_frac_unique_words,1419,1419,0,0,0,1.0,extraction_scalar
A1,arxiv,rps_doc_unigram_entropy,1419,1419,0,0,0,1.0,extraction_scalar
A1,arxiv,rps_doc_word_count,1419,1419,0,0,0,1.0,extraction_scalar
A1,arxiv,rps_lines_ending_with_terminal_punctution_mark,1419,1419,0,0,0,1.0,extraction_scalar
A1,arxiv,rps_lines_numerical_chars_fraction,1419,1419,0,0,0,1.0,extraction_scalar
A1,arxiv,rps_lines_uppercase_letter_fraction,1419,1419,0,0,0,1.0,extraction_scalar
A1,arxiv,rps_doc_num_sentences,1419,1419,0,0,0,1.0,extraction_scalar
A1,arxiv,rps_doc_frac_chars_top_2gram,1419,1419,0,0,0,1.0,extraction_scalar
A1,arxiv,rps_doc_frac_chars_top_3gram,1419,1419,0,0,0,1.0,extraction_scalar
A1,arxiv,dsir_books,1419,1419,0,0,0,1.0,extraction_scalar
A1,arxiv,dsir_wiki,1419,1419,0,0,0,1.0,extraction_scalar
A1,arxiv,dsir_math,1419,1419,0,0,0,1.0,extraction_scalar
A1,arxiv,fineweb_edu,1419,1419,0,0,0,1.0,extraction_scalar
A1,arxiv,ad_en,1419,1419,0,0,0,1.0,extraction_scalar
A1,arxiv,fluency_en,1419,1419,0,0,0,1.0,extraction_scalar
A1,arxiv,qurater_writing_style,1419,1419,0,0,0,1.0,extraction_scalar
A1,arxiv,qurater_required_expertise,1419,1419,0,0,0,1.0,extraction_scalar
A1,arxiv,qurater_facts_trivia,1419,1419,0,0,0,1.0,extraction_scalar
A1,arxiv,qurater_educational_value,1419,1419,0,0,0,1.0,extraction_scalar
A1,arxiv,modernbert_professionalism,1419,1419,0,0,0,1.0,extraction_scalar
A1,arxiv,modernbert_readability,1419,1419,0,0,0,1.0,extraction_scalar
A1,arxiv,modernbert_reasoning,1419,1419,0,0,0,1.0,extraction_scalar
A1,arxiv,modernbert_cleanliness,1419,1419,0,0,0,1.0,extraction_scalar
A1,book,rps_doc_frac_no_alph_words,171,171,0,0,0,1.0,extraction_scalar
A1,book,rps_doc_mean_word_length,171,171,0,0,0,1.0,extraction_scalar
A1,book,rps_doc_frac_unique_words,171,171,0,0,0,1.0,extraction_scalar
A1,book,rps_doc_unigram_entropy,171,171,0,0,0,1.0,extraction_scalar
A1,book,rps_doc_word_count,171,171,0,0,0,1.0,extraction_scalar
A1,book,rps_lines_ending_with_terminal_punctution_mark,171,171,0,0,0,1.0,extraction_scalar
A1,book,rps_lines_numerical_chars_fraction,171,171,0,0,0,1.0,extraction_scalar
A1,book,rps_lines_uppercase_letter_fraction,171,171,0,0,0,1.0,extraction_scalar
A1,book,rps_doc_num_sentences,171,171,0,0,0,1.0,extraction_scalar
A1,book,rps_doc_frac_chars_top_2gram,171,171,0,0,0,1.0,extraction_scalar
A1,book,rps_doc_frac_chars_top_3gram,171,171,0,0,0,1.0,extraction_scalar
A1,book,dsir_books,171,171,0,0,0,1.0,extraction_scalar
A1,book,dsir_wiki,171,171,0,0,0,1.0,extraction_scalar
A1,book,dsir_math,171,171,0,0,0,1.0,extraction_scalar
A1,book,fineweb_edu,171,171,0,0,0,1.0,extraction_scalar
A1,book,ad_en,171,171,0,0,0,1.0,extraction_scalar
A1,book,fluency_en,171,171,0,0,0,1.0,extraction_scalar
A1,book,qurater_writing_style,171,171,0,0,0,1.0,extraction_scalar
A1,book,qurater_required_expertise,171,171,0,0,0,1.0,extraction_scalar
A1,book,qurater_facts_trivia,171,171,0,0,0,1.0,extraction_scalar
A1,book,qurater_educational_value,171,171,0,0,0,1.0,extraction_scalar
A1,book,modernbert_professionalism,171,171,0,0,0,1.0,extraction_scalar
A1,book,modernbert_readability,171,171,0,0,0,1.0,extraction_scalar
A1,book,modernbert_reasoning,171,171,0,0,0,1.0,extraction_scalar
A1,book,modernbert_cleanliness,171,171,0,0,0,1.0,extraction_scalar
A1,c4,rps_doc_frac_no_alph_words,10000,10000,0,0,0,1.0,extraction_scalar
A1,c4,rps_doc_mean_word_length,10000,10000,0,0,0,1.0,extraction_scalar
A1,c4,rps_doc_frac_unique_words,10000,10000,0,0,0,1.0,extraction_scalar
A1,c4,rps_doc_unigram_entropy,10000,10000,0,0,0,1.0,extraction_scalar
A1,c4,rps_doc_word_count,10000,10000,0,0,0,1.0,extraction_scalar
A1,c4,rps_lines_ending_with_terminal_punctution_mark,10000,10000,0,0,0,1.0,extraction_scalar
A1,c4,rps_lines_numerical_chars_fraction,10000,10000,0,0,0,1.0,extraction_scalar
A1,c4,rps_lines_uppercase_letter_fraction,10000,10000,0,0,0,1.0,extraction_scalar
A1,c4,rps_doc_num_sentences,10000,10000,0,0,0,1.0,extraction_scalar
A1,c4,rps_doc_frac_chars_top_2gram,10000,10000,0,0,0,1.0,extraction_scalar
A1,c4,rps_doc_frac_chars_top_3gram,10000,10000,0,0,0,1.0,extraction_scalar
A1,c4,dsir_books,10000,10000,0,0,0,1.0,extraction_scalar
A1,c4,dsir_wiki,10000,10000,0,0,0,1.0,extraction_scalar
A1,c4,dsir_math,10000,10000,0,0,0,1.0,extraction_scalar
A1,c4,fineweb_edu,10000,10000,0,0,0,1.0,extraction_scalar
A1,c4,ad_en,10000,10000,0,0,0,1.0,extraction_scalar
A1,c4,fluency_en,10000,10000,0,0,0,1.0,extraction_scalar
A1,c4,qurater_writing_style,10000,10000,0,0,0,1.0,extraction_scalar
A1,c4,qurater_required_expertise,10000,10000,0,0,0,1.0,extraction_scalar
A1,c4,qurater_facts_trivia,10000,10000,0,0,0,1.0,extraction_scalar
A1,c4,qurater_educational_value,10000,10000,0,0,0,1.0,extraction_scalar
A1,c4,modernbert_professionalism,10000,10000,0,0,0,1.0,extraction_scalar
A1,c4,modernbert_readability,10000,10000,0,0,0,1.0,extraction_scalar
A1,c4,modernbert_reasoning,10000,10000,0,0,0,1.0,extraction_scalar
A1,c4,modernbert_cleanliness,10000,10000,0,0,0,1.0,extraction_scalar
A1,commoncrawl,rps_doc_frac_no_alph_words,9640,9640,0,0,0,1.0,extraction_scalar
A1,commoncrawl,rps_doc_mean_word_length,9640,9640,0,0,0,1.0,extraction_scalar
A1,commoncrawl,rps_doc_frac_unique_words,9640,9640,0,0,0,1.0,extraction_scalar
A1,commoncrawl,rps_doc_unigram_entropy,9640,9640,0,0,0,1.0,extraction_scalar
A1,commoncrawl,rps_doc_word_count,9640,9640,0,0,0,1.0,extraction_scalar
A1,commoncrawl,rps_lines_ending_with_terminal_punctution_mark,9640,9640,0,0,0,1.0,extraction_scalar
A1,commoncrawl,rps_lines_numerical_chars_fraction,9640,9640,0,0,0,1.0,extraction_scalar
A1,commoncrawl,rps_lines_uppercase_letter_fraction,9640,9640,0,0,0,1.0,extraction_scalar
A1,commoncrawl,rps_doc_num_sentences,9640,9640,0,0,0,1.0,extraction_scalar
A1,commoncrawl,rps_doc_frac_chars_top_2gram,9640,9640,0,0,0,1.0,extraction_scalar
A1,commoncrawl,rps_doc_frac_chars_top_3gram,9640,9640,0,0,0,1.0,extraction_scalar
A1,commoncrawl,dsir_books,9640,9640,0,0,0,1.0,extraction_scalar
A1,commoncrawl,dsir_wiki,9640,9640,0,0,0,1.0,extraction_scalar
A1,commoncrawl,dsir_math,9640,9640,0,0,0,1.0,extraction_scalar
A1,commoncrawl,fineweb_edu,9640,9640,0,0,0,1.0,extraction_scalar
A1,commoncrawl,ad_en,9640,9640,0,0,0,1.0,extraction_scalar
A1,commoncrawl,fluency_en,9640,9640,0,0,0,1.0,extraction_scalar
A1,commoncrawl,qurater_writing_style,9640,9640,0,0,0,1.0,extraction_scalar
A1,commoncrawl,qurater_required_expertise,9640,9640,0,0,0,1.0,extraction_scalar
A1,commoncrawl,qurater_facts_trivia,9640,9640,0,0,0,1.0,extraction_scalar
A1,commoncrawl,qurater_educational_value,9640,9640,0,0,0,1.0,extraction_scalar
A1,commoncrawl,modernbert_professionalism,9640,9636,4,0,0,0.9995850622406639,extraction_scalar
A1,commoncrawl,modernbert_readability,9640,9640,0,0,0,1.0,extraction_scalar
A1,commoncrawl,modernbert_reasoning,9640,9640,0,0,0,1.0,extraction_scalar
A1,commoncrawl,modernbert_cleanliness,9640,9640,0,0,0,1.0,extraction_scalar
A1,github,rps_doc_frac_no_alph_words,10000,10000,0,0,0,1.0,extraction_scalar
A1,github,rps_doc_mean_word_length,10000,10000,0,0,0,1.0,extraction_scalar
A1,github,rps_doc_frac_unique_words,10000,10000,0,0,0,1.0,extraction_scalar
A1,github,rps_doc_unigram_entropy,10000,10000,0,0,0,1.0,extraction_scalar
A1,github,rps_doc_word_count,10000,10000,0,0,0,1.0,extraction_scalar
A1,github,rps_lines_ending_with_terminal_punctution_mark,10000,10000,0,0,0,1.0,extraction_scalar
A1,github,rps_lines_numerical_chars_fraction,10000,10000,0,0,0,1.0,extraction_scalar
A1,github,rps_lines_uppercase_letter_fraction,10000,10000,0,0,0,1.0,extraction_scalar
A1,github,rps_doc_num_sentences,10000,10000,0,0,0,1.0,extraction_scalar
A1,github,rps_doc_frac_chars_top_2gram,10000,10000,0,0,0,1.0,extraction_scalar
A1,github,rps_doc_frac_chars_top_3gram,10000,10000,0,0,0,1.0,extraction_scalar
A1,github,dsir_books,10000,10000,0,0,0,1.0,extraction_scalar
A1,github,dsir_wiki,10000,10000,0,0,0,1.0,extraction_scalar
A1,github,dsir_math,10000,10000,0,0,0,1.0,extraction_scalar
A1,github,fineweb_edu,10000,10000,0,0,0,1.0,extraction_scalar
A1,github,ad_en,10000,10000,0,0,0,1.0,extraction_scalar
A1,github,fluency_en,10000,10000,0,0,0,1.0,extraction_scalar
A1,github,qurater_writing_style,10000,10000,0,0,0,1.0,extraction_scalar
A1,github,qurater_required_expertise,10000,10000,0,0,0,1.0,extraction_scalar
A1,github,qurater_facts_trivia,10000,10000,0,0,0,1.0,extraction_scalar
A1,github,qurater_educational_value,10000,10000,0,0,0,1.0,extraction_scalar
A1,github,modernbert_professionalism,10000,10000,0,0,0,1.0,extraction_scalar
A1,github,modernbert_readability,10000,10000,0,0,0,1.0,extraction_scalar
A1,github,modernbert_reasoning,10000,10000,0,0,0,1.0,extraction_scalar
A1,github,modernbert_cleanliness,10000,10000,0,0,0,1.0,extraction_scalar
A1,stackexchange,rps_doc_frac_no_alph_words,10000,10000,0,0,0,1.0,extraction_scalar
A1,stackexchange,rps_doc_mean_word_length,10000,10000,0,0,0,1.0,extraction_scalar
A1,stackexchange,rps_doc_frac_unique_words,10000,10000,0,0,0,1.0,extraction_scalar
A1,stackexchange,rps_doc_unigram_entropy,10000,10000,0,0,0,1.0,extraction_scalar
A1,stackexchange,rps_doc_word_count,10000,10000,0,0,0,1.0,extraction_scalar
A1,stackexchange,rps_lines_ending_with_terminal_punctution_mark,10000,10000,0,0,0,1.0,extraction_scalar
A1,stackexchange,rps_lines_numerical_chars_fraction,10000,10000,0,0,0,1.0,extraction_scalar
A1,stackexchange,rps_lines_uppercase_letter_fraction,10000,10000,0,0,0,1.0,extraction_scalar
A1,stackexchange,rps_doc_num_sentences,10000,10000,0,0,0,1.0,extraction_scalar
A1,stackexchange,rps_doc_frac_chars_top_2gram,10000,10000,0,0,0,1.0,extraction_scalar
A1,stackexchange,rps_doc_frac_chars_top_3gram,10000,10000,0,0,0,1.0,extraction_scalar
A1,stackexchange,dsir_books,10000,10000,0,0,0,1.0,extraction_scalar
A1,stackexchange,dsir_wiki,10000,10000,0,0,0,1.0,extraction_scalar
A1,stackexchange,dsir_math,10000,10000,0,0,0,1.0,extraction_scalar
A1,stackexchange,fineweb_edu,10000,10000,0,0,0,1.0,extraction_scalar
A1,stackexchange,ad_en,10000,10000,0,0,0,1.0,extraction_scalar
A1,stackexchange,fluency_en,10000,10000,0,0,0,1.0,extraction_scalar
A1,stackexchange,qurater_writing_style,10000,10000,0,0,0,1.0,extraction_scalar
A1,stackexchange,qurater_required_expertise,10000,10000,0,0,0,1.0,extraction_scalar
A1,stackexchange,qurater_facts_trivia,10000,10000,0,0,0,1.0,extraction_scalar
A1,stackexchange,qurater_educational_value,10000,10000,0,0,0,1.0,extraction_scalar
A1,stackexchange,modernbert_professionalism,10000,10000,0,0,0,1.0,extraction_scalar
A1,stackexchange,modernbert_readability,10000,10000,0,0,0,1.0,extraction_scalar
A1,stackexchange,modernbert_reasoning,10000,10000,0,0,0,1.0,extraction_scalar
A1,stackexchange,modernbert_cleanliness,10000,10000,0,0,0,1.0,extraction_scalar
A1,wikipedia,rps_doc_frac_no_alph_words,10000,10000,0,0,0,1.0,extraction_scalar
A1,wikipedia,rps_doc_mean_word_length,10000,10000,0,0,0,1.0,extraction_scalar
A1,wikipedia,rps_doc_frac_unique_words,10000,10000,0,0,0,1.0,extraction_scalar
A1,wikipedia,rps_doc_unigram_entropy,10000,10000,0,0,0,1.0,extraction_scalar
A1,wikipedia,rps_doc_word_count,10000,10000,0,0,0,1.0,extraction_scalar
A1,wikipedia,rps_lines_ending_with_terminal_punctution_mark,10000,10000,0,0,0,1.0,extraction_scalar
A1,wikipedia,rps_lines_numerical_chars_fraction,10000,10000,0,0,0,1.0,extraction_scalar
A1,wikipedia,rps_lines_uppercase_letter_fraction,10000,10000,0,0,0,1.0,extraction_scalar
A1,wikipedia,rps_doc_num_sentences,10000,10000,0,0,0,1.0,extraction_scalar
A1,wikipedia,rps_doc_frac_chars_top_2gram,10000,10000,0,0,0,1.0,extraction_scalar
A1,wikipedia,rps_doc_frac_chars_top_3gram,10000,10000,0,0,0,1.0,extraction_scalar
A1,wikipedia,dsir_books,10000,10000,0,0,0,1.0,extraction_scalar
A1,wikipedia,dsir_wiki,10000,10000,0,0,0,1.0,extraction_scalar
A1,wikipedia,dsir_math,10000,10000,0,0,0,1.0,extraction_scalar
A1,wikipedia,fineweb_edu,10000,10000,0,0,0,1.0,extraction_scalar
A1,wikipedia,ad_en,10000,10000,0,0,0,1.0,extraction_scalar
A1,wikipedia,fluency_en,10000,10000,0,0,0,1.0,extraction_scalar
A1,wikipedia,qurater_writing_style,10000,10000,0,0,0,1.0,extraction_scalar
A1,wikipedia,qurater_required_expertise,10000,10000,0,0,0,1.0,extraction_scalar
A1,wikipedia,qurater_facts_trivia,10000,10000,0,0,0,1.0,extraction_scalar
A1,wikipedia,qurater_educational_value,10000,10000,0,0,0,1.0,extraction_scalar
A1,wikipedia,modernbert_professionalism,10000,9999,1,0,0,0.9999,extraction_scalar
A1,wikipedia,modernbert_readability,10000,10000,0,0,0,1.0,extraction_scalar
A1,wikipedia,modernbert_reasoning,10000,9987,13,0,0,0.9987,extraction_scalar
A1,wikipedia,modernbert_cleanliness,10000,10000,0,0,0,1.0,extraction_scalar
A1,ALL,rps_doc_frac_no_alph_words,51230,51230,0,0,0,1.0,extraction_scalar
A1,ALL,rps_doc_mean_word_length,51230,51230,0,0,0,1.0,extraction_scalar
A1,ALL,rps_doc_frac_unique_words,51230,51230,0,0,0,1.0,extraction_scalar
A1,ALL,rps_doc_unigram_entropy,51230,51230,0,0,0,1.0,extraction_scalar
A1,ALL,rps_doc_word_count,51230,51230,0,0,0,1.0,extraction_scalar
A1,ALL,rps_lines_ending_with_terminal_punctution_mark,51230,51230,0,0,0,1.0,extraction_scalar
A1,ALL,rps_lines_numerical_chars_fraction,51230,51230,0,0,0,1.0,extraction_scalar
A1,ALL,rps_lines_uppercase_letter_fraction,51230,51230,0,0,0,1.0,extraction_scalar
A1,ALL,rps_doc_num_sentences,51230,51230,0,0,0,1.0,extraction_scalar
A1,ALL,rps_doc_frac_chars_top_2gram,51230,51230,0,0,0,1.0,extraction_scalar
A1,ALL,rps_doc_frac_chars_top_3gram,51230,51230,0,0,0,1.0,extraction_scalar
A1,ALL,dsir_books,51230,51230,0,0,0,1.0,extraction_scalar
A1,ALL,dsir_wiki,51230,51230,0,0,0,1.0,extraction_scalar
A1,ALL,dsir_math,51230,51230,0,0,0,1.0,extraction_scalar
A1,ALL,fineweb_edu,51230,51230,0,0,0,1.0,extraction_scalar
A1,ALL,ad_en,51230,51230,0,0,0,1.0,extraction_scalar
A1,ALL,fluency_en,51230,51230,0,0,0,1.0,extraction_scalar
A1,ALL,qurater_writing_style,51230,51230,0,0,0,1.0,extraction_scalar
A1,ALL,qurater_required_expertise,51230,51230,0,0,0,1.0,extraction_scalar
A1,ALL,qurater_facts_trivia,51230,51230,0,0,0,1.0,extraction_scalar
A1,ALL,qurater_educational_value,51230,51230,0,0,0,1.0,extraction_scalar
A1,ALL,modernbert_professionalism,51230,51225,5,0,0,0.999902400936951,extraction_scalar
A1,ALL,modernbert_readability,51230,51230,0,0,0,1.0,extraction_scalar
A1,ALL,modernbert_reasoning,51230,51217,13,0,0,0.9997462424360726,extraction_scalar
A1,ALL,modernbert_cleanliness,51230,51230,0,0,0,1.0,extraction_scalar
A2_arxiv,arxiv,rps_doc_frac_no_alph_words,17523,17523,0,0,0,1.0,extraction_scalar
A2_arxiv,arxiv,rps_doc_mean_word_length,17523,17523,0,0,0,1.0,extraction_scalar
A2_arxiv,arxiv,rps_doc_frac_unique_words,17523,17523,0,0,0,1.0,extraction_scalar
A2_arxiv,arxiv,rps_doc_unigram_entropy,17523,17523,0,0,0,1.0,extraction_scalar
A2_arxiv,arxiv,rps_doc_word_count,17523,17523,0,0,0,1.0,extraction_scalar
A2_arxiv,arxiv,rps_lines_ending_with_terminal_punctution_mark,17523,17523,0,0,0,1.0,extraction_scalar
A2_arxiv,arxiv,rps_lines_numerical_chars_fraction,17523,17523,0,0,0,1.0,extraction_scalar
A2_arxiv,arxiv,rps_lines_uppercase_letter_fraction,17523,17523,0,0,0,1.0,extraction_scalar
A2_arxiv,arxiv,rps_doc_num_sentences,17523,17523,0,0,0,1.0,extraction_scalar
A2_arxiv,arxiv,rps_doc_frac_chars_top_2gram,17523,17523,0,0,0,1.0,extraction_scalar
A2_arxiv,arxiv,rps_doc_frac_chars_top_3gram,17523,17523,0,0,0,1.0,extraction_scalar
A2_arxiv,arxiv,dsir_books,17523,17523,0,0,0,1.0,extraction_scalar
A2_arxiv,arxiv,dsir_wiki,17523,17523,0,0,0,1.0,extraction_scalar
A2_arxiv,arxiv,dsir_math,17523,17523,0,0,0,1.0,extraction_scalar
A2_arxiv,arxiv,fineweb_edu,17523,17523,0,0,0,1.0,extraction_scalar
A2_arxiv,arxiv,ad_en,17523,17523,0,0,0,1.0,extraction_scalar
A2_arxiv,arxiv,fluency_en,17523,17523,0,0,0,1.0,extraction_scalar
A2_arxiv,arxiv,qurater_writing_style,17523,17523,0,0,0,1.0,extraction_scalar
A2_arxiv,arxiv,qurater_required_expertise,17523,17523,0,0,0,1.0,extraction_scalar
A2_arxiv,arxiv,qurater_facts_trivia,17523,17523,0,0,0,1.0,extraction_scalar
A2_arxiv,arxiv,qurater_educational_value,17523,17523,0,0,0,1.0,extraction_scalar
A2_arxiv,arxiv,modernbert_professionalism,17523,17523,0,0,0,1.0,extraction_scalar
A2_arxiv,arxiv,modernbert_readability,17523,17523,0,0,0,1.0,extraction_scalar
A2_arxiv,arxiv,modernbert_reasoning,17523,17523,0,0,0,1.0,extraction_scalar
A2_arxiv,arxiv,modernbert_cleanliness,17523,17523,0,0,0,1.0,extraction_scalar
A2_arxiv,ALL,rps_doc_frac_no_alph_words,17523,17523,0,0,0,1.0,extraction_scalar
A2_arxiv,ALL,rps_doc_mean_word_length,17523,17523,0,0,0,1.0,extraction_scalar
A2_arxiv,ALL,rps_doc_frac_unique_words,17523,17523,0,0,0,1.0,extraction_scalar
A2_arxiv,ALL,rps_doc_unigram_entropy,17523,17523,0,0,0,1.0,extraction_scalar
A2_arxiv,ALL,rps_doc_word_count,17523,17523,0,0,0,1.0,extraction_scalar
A2_arxiv,ALL,rps_lines_ending_with_terminal_punctution_mark,17523,17523,0,0,0,1.0,extraction_scalar
A2_arxiv,ALL,rps_lines_numerical_chars_fraction,17523,17523,0,0,0,1.0,extraction_scalar
A2_arxiv,ALL,rps_lines_uppercase_letter_fraction,17523,17523,0,0,0,1.0,extraction_scalar
A2_arxiv,ALL,rps_doc_num_sentences,17523,17523,0,0,0,1.0,extraction_scalar
A2_arxiv,ALL,rps_doc_frac_chars_top_2gram,17523,17523,0,0,0,1.0,extraction_scalar
A2_arxiv,ALL,rps_doc_frac_chars_top_3gram,17523,17523,0,0,0,1.0,extraction_scalar
A2_arxiv,ALL,dsir_books,17523,17523,0,0,0,1.0,extraction_scalar
A2_arxiv,ALL,dsir_wiki,17523,17523,0,0,0,1.0,extraction_scalar
A2_arxiv,ALL,dsir_math,17523,17523,0,0,0,1.0,extraction_scalar
A2_arxiv,ALL,fineweb_edu,17523,17523,0,0,0,1.0,extraction_scalar
A2_arxiv,ALL,ad_en,17523,17523,0,0,0,1.0,extraction_scalar
A2_arxiv,ALL,fluency_en,17523,17523,0,0,0,1.0,extraction_scalar
A2_arxiv,ALL,qurater_writing_style,17523,17523,0,0,0,1.0,extraction_scalar
A2_arxiv,ALL,qurater_required_expertise,17523,17523,0,0,0,1.0,extraction_scalar
A2_arxiv,ALL,qurater_facts_trivia,17523,17523,0,0,0,1.0,extraction_scalar
A2_arxiv,ALL,qurater_educational_value,17523,17523,0,0,0,1.0,extraction_scalar
A2_arxiv,ALL,modernbert_professionalism,17523,17523,0,0,0,1.0,extraction_scalar
A2_arxiv,ALL,modernbert_readability,17523,17523,0,0,0,1.0,extraction_scalar
A2_arxiv,ALL,modernbert_reasoning,17523,17523,0,0,0,1.0,extraction_scalar
A2_arxiv,ALL,modernbert_cleanliness,17523,17523,0,0,0,1.0,extraction_scalar
A3_github,github,rps_doc_frac_no_alph_words,203752,203752,0,0,0,1.0,extraction_scalar
A3_github,github,rps_doc_mean_word_length,203752,203752,0,0,0,1.0,extraction_scalar
A3_github,github,rps_doc_frac_unique_words,203752,203752,0,0,0,1.0,extraction_scalar
A3_github,github,rps_doc_unigram_entropy,203752,203752,0,0,0,1.0,extraction_scalar
A3_github,github,rps_doc_word_count,203752,203752,0,0,0,1.0,extraction_scalar
A3_github,github,rps_lines_ending_with_terminal_punctution_mark,203752,203752,0,0,0,1.0,extraction_scalar
A3_github,github,rps_lines_numerical_chars_fraction,203752,203752,0,0,0,1.0,extraction_scalar
A3_github,github,rps_lines_uppercase_letter_fraction,203752,203752,0,0,0,1.0,extraction_scalar
A3_github,github,rps_doc_num_sentences,203752,203752,0,0,0,1.0,extraction_scalar
A3_github,github,rps_doc_frac_chars_top_2gram,203752,203752,0,0,0,1.0,extraction_scalar
A3_github,github,rps_doc_frac_chars_top_3gram,203752,203752,0,0,0,1.0,extraction_scalar
A3_github,github,dsir_books,203752,203752,0,0,0,1.0,extraction_scalar
A3_github,github,dsir_wiki,203752,203752,0,0,0,1.0,extraction_scalar
A3_github,github,dsir_math,203752,203752,0,0,0,1.0,extraction_scalar
A3_github,github,fineweb_edu,203752,203752,0,0,0,1.0,extraction_scalar
A3_github,github,ad_en,203752,203752,0,0,0,1.0,extraction_scalar
A3_github,github,fluency_en,203752,203752,0,0,0,1.0,extraction_scalar
A3_github,github,qurater_writing_style,203752,203752,0,0,0,1.0,extraction_scalar
A3_github,github,qurater_required_expertise,203752,203752,0,0,0,1.0,extraction_scalar
A3_github,github,qurater_facts_trivia,203752,203752,0,0,0,1.0,extraction_scalar
A3_github,github,qurater_educational_value,203752,203752,0,0,0,1.0,extraction_scalar
A3_github,github,modernbert_professionalism,203752,203751,1,0,0,0.9999950920727159,extraction_scalar
A3_github,github,modernbert_readability,203752,203752,0,0,0,1.0,extraction_scalar
A3_github,github,modernbert_reasoning,203752,203752,0,0,0,1.0,extraction_scalar
A3_github,github,modernbert_cleanliness,203752,203752,0,0,0,1.0,extraction_scalar
A3_github,ALL,rps_doc_frac_no_alph_words,203752,203752,0,0,0,1.0,extraction_scalar
A3_github,ALL,rps_doc_mean_word_length,203752,203752,0,0,0,1.0,extraction_scalar
A3_github,ALL,rps_doc_frac_unique_words,203752,203752,0,0,0,1.0,extraction_scalar
A3_github,ALL,rps_doc_unigram_entropy,203752,203752,0,0,0,1.0,extraction_scalar
A3_github,ALL,rps_doc_word_count,203752,203752,0,0,0,1.0,extraction_scalar
A3_github,ALL,rps_lines_ending_with_terminal_punctution_mark,203752,203752,0,0,0,1.0,extraction_scalar
A3_github,ALL,rps_lines_numerical_chars_fraction,203752,203752,0,0,0,1.0,extraction_scalar
A3_github,ALL,rps_lines_uppercase_letter_fraction,203752,203752,0,0,0,1.0,extraction_scalar
A3_github,ALL,rps_doc_num_sentences,203752,203752,0,0,0,1.0,extraction_scalar
A3_github,ALL,rps_doc_frac_chars_top_2gram,203752,203752,0,0,0,1.0,extraction_scalar
A3_github,ALL,rps_doc_frac_chars_top_3gram,203752,203752,0,0,0,1.0,extraction_scalar
A3_github,ALL,dsir_books,203752,203752,0,0,0,1.0,extraction_scalar
A3_github,ALL,dsir_wiki,203752,203752,0,0,0,1.0,extraction_scalar
A3_github,ALL,dsir_math,203752,203752,0,0,0,1.0,extraction_scalar
A3_github,ALL,fineweb_edu,203752,203752,0,0,0,1.0,extraction_scalar
A3_github,ALL,ad_en,203752,203752,0,0,0,1.0,extraction_scalar
A3_github,ALL,fluency_en,203752,203752,0,0,0,1.0,extraction_scalar
A3_github,ALL,qurater_writing_style,203752,203752,0,0,0,1.0,extraction_scalar
A3_github,ALL,qurater_required_expertise,203752,203752,0,0,0,1.0,extraction_scalar
A3_github,ALL,qurater_facts_trivia,203752,203752,0,0,0,1.0,extraction_scalar
A3_github,ALL,qurater_educational_value,203752,203752,0,0,0,1.0,extraction_scalar
A3_github,ALL,modernbert_professionalism,203752,203751,1,0,0,0.9999950920727159,extraction_scalar
A3_github,ALL,modernbert_readability,203752,203752,0,0,0,1.0,extraction_scalar
A3_github,ALL,modernbert_reasoning,203752,203752,0,0,0,1.0,extraction_scalar
A3_github,ALL,modernbert_cleanliness,203752,203752,0,0,0,1.0,extraction_scalar
