feature,included_in_main_Q,candidate_treatment_not_yet_validated,reason,calibration_within_domain_rho_min,calibration_within_domain_rho_max,domain_mean_rho,pooled_rho,interpretation_limit
rps_doc_frac_no_alph_words,False,domain_conditional_negative,noise in natural text; code/formula differ,-0.4154983478634233,0.04497124831713764,-0.3214285714285715,-0.12759499873273344,correlation with the constructed Q is diagnostic only
rps_doc_mean_word_length,False,moderate_or_domain_conditional,too short/long may be abnormal,-0.23664025920644205,0.5241193271977149,-0.21428571428571433,-0.12010942185046211,correlation with the constructed Q is diagnostic only
rps_doc_frac_unique_words,False,moderate_or_domain_conditional,low may repeat; extreme may fragment,-0.48629679326469444,-0.06840032109321036,-0.7142857142857144,-0.4402813615968403,correlation with the constructed Q is diagnostic only
rps_doc_unigram_entropy,False,moderate_or_task_conditional,high entropy may be diversity or noise,-0.058219734657310444,0.5380304623588537,0.7142857142857144,0.4397992102409537,correlation with the constructed Q is diagnostic only
rps_doc_word_count,False,saturating_or_length_control,"length is a control variable, not quality",0.032195620831515705,0.5754394846777148,0.3571428571428572,0.4711278566309351,correlation with the constructed Q is diagnostic only
rps_lines_ending_with_terminal_punctution_mark,False,domain_conditional_positive,not for code/formulas,-0.1165316332816846,0.22472705525851772,-0.07142857142857144,0.035184448958621314,correlation with the constructed Q is diagnostic only
rps_lines_numerical_chars_fraction,False,task_conditional,density differs by domain,-0.15537857367583033,0.2989340452144043,0.5714285714285715,0.06734024478196751,correlation with the constructed Q is diagnostic only
rps_lines_uppercase_letter_fraction,False,moderate_or_domain_conditional,extreme values may be noise,-0.21919944506634859,0.2323165381671551,0.03571428571428572,-0.01772609478008354,correlation with the constructed Q is diagnostic only
rps_doc_num_sentences,False,saturating_or_length_control,depends on splitting and length,0.01932245064695529,0.5332593297129452,0.42857142857142866,0.3803118257139673,correlation with the constructed Q is diagnostic only
rps_doc_frac_chars_top_2gram,False,domain_conditional_negative,repetition may be legitimate in code,-0.27510291166246353,0.16144734631396193,-0.6785714285714287,-0.15892812141837276,correlation with the constructed Q is diagnostic only
rps_doc_frac_chars_top_3gram,False,domain_conditional_negative,needs domain/length control,-0.19823514675614845,0.19116991435205163,-0.3571428571428572,0.01859979770940861,correlation with the constructed Q is diagnostic only
dsir_books,False,target_domain_relevance,"target relevance, not universal quality",-0.5194545174493576,0.17212941694458012,-0.39285714285714296,-0.40519312137941094,correlation with the constructed Q is diagnostic only
dsir_wiki,False,target_domain_relevance,"target relevance, not universal quality",-0.5152336489630992,0.1752686739043225,-0.39285714285714296,-0.4048686337189929,correlation with the constructed Q is diagnostic only
dsir_math,False,target_domain_relevance,"target relevance, not universal quality",-0.5263832886452499,0.16015422228077322,-0.39285714285714296,-0.4006235000920021,correlation with the constructed Q is diagnostic only
